[debug] [2026-05-19T05:43:50.561Z] ----------------------------------------------------------------------
[debug] [2026-05-19T05:43:50.562Z] Command:       /opt/homebrew/Cellar/node/26.0.0/bin/node /Users/ramosmiguel/.npm/_npx/7750544ccf494d8b/node_modules/.bin/firebase deploy --only functions --project ai-logic-demos
[debug] [2026-05-19T05:43:50.562Z] CLI Version:   15.18.0
[debug] [2026-05-19T05:43:50.562Z] Platform:      darwin
[debug] [2026-05-19T05:43:50.562Z] Node Version:  v26.0.0
[debug] [2026-05-19T05:43:50.562Z] Time:          Mon May 18 2026 22:43:50 GMT-0700 (Pacific Daylight Time)
[debug] [2026-05-19T05:43:50.562Z] ----------------------------------------------------------------------
[debug] 
[debug] [2026-05-19T05:43:50.563Z] >>> [apiv2][query] GET https://firebase-public.firebaseio.com/cli.json [none]
[debug] [2026-05-19T05:43:50.916Z] Object "" in "firebase.json" has unknown property: {"additionalProperty":"prompts"}
[debug] [2026-05-19T05:43:50.918Z] > command requires scopes: ["email","openid","https://www.googleapis.com/auth/cloudplatformprojects.readonly","https://www.googleapis.com/auth/firebase","https://www.googleapis.com/auth/cloud-platform"]
[debug] [2026-05-19T05:43:51.019Z] Running auto auth
[debug] [2026-05-19T05:43:51.019Z] [iam] checking project ai-logic-demos for permissions ["cloudfunctions.functions.create","cloudfunctions.functions.delete","cloudfunctions.functions.get","cloudfunctions.functions.list","cloudfunctions.functions.update","cloudfunctions.operations.get","firebase.projects.get"]
[debug] [2026-05-19T05:43:51.019Z] No OAuth tokens found
[debug] [2026-05-19T05:43:51.019Z] >>> [apiv2][query] POST https://cloudresourcemanager.googleapis.com/v1/projects/ai-logic-demos:testIamPermissions [none]
[debug] [2026-05-19T05:43:51.019Z] >>> [apiv2][(partial)header] POST https://cloudresourcemanager.googleapis.com/v1/projects/ai-logic-demos:testIamPermissions  x-goog-user-project=ai-logic-demos
[debug] [2026-05-19T05:43:51.019Z] >>> [apiv2][body] POST https://cloudresourcemanager.googleapis.com/v1/projects/ai-logic-demos:testIamPermissions {"permissions":["cloudfunctions.functions.create","cloudfunctions.functions.delete","cloudfunctions.functions.get","cloudfunctions.functions.list","cloudfunctions.functions.update","cloudfunctions.operations.get","firebase.projects.get"]}
[debug] [2026-05-19T05:43:51.047Z] <<< [apiv2][status] GET https://firebase-public.firebaseio.com/cli.json 200
[debug] [2026-05-19T05:43:51.047Z] <<< [apiv2][body] GET https://firebase-public.firebaseio.com/cli.json {"cloudBuildErrorAfter":1594252800000,"cloudBuildWarnAfter":1590019200000,"defaultNode10After":1594252800000,"minVersion":"3.0.5","node8DeploysDisabledAfter":1613390400000,"node8RuntimeDisabledAfter":1615809600000,"node8WarnAfter":1600128000000}
[debug] [2026-05-19T05:43:51.201Z] <<< [apiv2][status] POST https://cloudresourcemanager.googleapis.com/v1/projects/ai-logic-demos:testIamPermissions 200
[debug] [2026-05-19T05:43:51.201Z] <<< [apiv2][body] POST https://cloudresourcemanager.googleapis.com/v1/projects/ai-logic-demos:testIamPermissions {"permissions":["cloudfunctions.functions.create","cloudfunctions.functions.delete","cloudfunctions.functions.get","cloudfunctions.functions.list","cloudfunctions.functions.update","cloudfunctions.operations.get","firebase.projects.get"]}
[debug] [2026-05-19T05:43:51.202Z] No OAuth tokens found
[debug] [2026-05-19T05:43:51.202Z] >>> [apiv2][query] POST https://iam.googleapis.com/v1/projects/ai-logic-demos/serviceAccounts/ai-logic-demos@appspot.gserviceaccount.com:testIamPermissions [none]
[debug] [2026-05-19T05:43:51.202Z] >>> [apiv2][body] POST https://iam.googleapis.com/v1/projects/ai-logic-demos/serviceAccounts/ai-logic-demos@appspot.gserviceaccount.com:testIamPermissions {"permissions":["iam.serviceAccounts.actAs"]}
[debug] [2026-05-19T05:43:51.642Z] <<< [apiv2][status] POST https://iam.googleapis.com/v1/projects/ai-logic-demos/serviceAccounts/ai-logic-demos@appspot.gserviceaccount.com:testIamPermissions 200
[debug] [2026-05-19T05:43:51.642Z] <<< [apiv2][body] POST https://iam.googleapis.com/v1/projects/ai-logic-demos/serviceAccounts/ai-logic-demos@appspot.gserviceaccount.com:testIamPermissions {"permissions":["iam.serviceAccounts.actAs"]}
[info] 
[info] === Deploying to 'ai-logic-demos'...
[info] 
[info] i  deploying functions 
[debug] [2026-05-19T05:43:51.645Z] No OAuth tokens found
[debug] [2026-05-19T05:43:51.645Z] >>> [apiv2][query] GET https://serviceusage.googleapis.com/v1/projects/ai-logic-demos/services/cloudresourcemanager.googleapis.com [none]
[debug] [2026-05-19T05:43:51.645Z] >>> [apiv2][(partial)header] GET https://serviceusage.googleapis.com/v1/projects/ai-logic-demos/services/cloudresourcemanager.googleapis.com  x-goog-user-project=ai-logic-demos
[debug] [2026-05-19T05:43:52.266Z] <<< [apiv2][status] GET https://serviceusage.googleapis.com/v1/projects/ai-logic-demos/services/cloudresourcemanager.googleapis.com 200
[debug] [2026-05-19T05:43:52.266Z] <<< [apiv2][body] GET https://serviceusage.googleapis.com/v1/projects/ai-logic-demos/services/cloudresourcemanager.googleapis.com [omitted]
[debug] [2026-05-19T05:43:52.271Z] No OAuth tokens found
[debug] [2026-05-19T05:43:52.272Z] >>> [apiv2][query] GET https://cloudresourcemanager.googleapis.com/v1/projects/ai-logic-demos [none]
[debug] [2026-05-19T05:43:52.359Z] <<< [apiv2][status] GET https://cloudresourcemanager.googleapis.com/v1/projects/ai-logic-demos 200
[debug] [2026-05-19T05:43:52.359Z] <<< [apiv2][body] GET https://cloudresourcemanager.googleapis.com/v1/projects/ai-logic-demos {"projectNumber":"861083271982","projectId":"ai-logic-demos","lifecycleState":"ACTIVE","name":"AI Logic Demos","labels":{"firebase":"enabled","firebase-core":"disabled"},"createTime":"2025-11-17T18:48:52.825583Z","parent":{"type":"folder","id":"896607027967"}}
[info] i  functions: preparing codebase default for deployment 
[info] i  functions: ensuring required API cloudfunctions.googleapis.com is enabled... 
[debug] [2026-05-19T05:43:52.360Z] No OAuth tokens found
[debug] [2026-05-19T05:43:52.360Z] No OAuth tokens found
[info] i  functions: ensuring required API cloudbuild.googleapis.com is enabled... 
[debug] [2026-05-19T05:43:52.360Z] No OAuth tokens found
[info] i  artifactregistry: ensuring required API artifactregistry.googleapis.com is enabled... 
[debug] [2026-05-19T05:43:52.360Z] No OAuth tokens found
[debug] [2026-05-19T05:43:52.360Z] >>> [apiv2][query] GET https://serviceusage.googleapis.com/v1/projects/ai-logic-demos/services/cloudfunctions.googleapis.com [none]
[debug] [2026-05-19T05:43:52.360Z] >>> [apiv2][(partial)header] GET https://serviceusage.googleapis.com/v1/projects/ai-logic-demos/services/cloudfunctions.googleapis.com  x-goog-user-project=ai-logic-demos
[debug] [2026-05-19T05:43:52.360Z] >>> [apiv2][query] GET https://serviceusage.googleapis.com/v1/projects/ai-logic-demos/services/runtimeconfig.googleapis.com [none]
[debug] [2026-05-19T05:43:52.360Z] >>> [apiv2][(partial)header] GET https://serviceusage.googleapis.com/v1/projects/ai-logic-demos/services/runtimeconfig.googleapis.com  x-goog-user-project=ai-logic-demos
[debug] [2026-05-19T05:43:52.361Z] >>> [apiv2][query] GET https://serviceusage.googleapis.com/v1/projects/ai-logic-demos/services/cloudbuild.googleapis.com [none]
[debug] [2026-05-19T05:43:52.361Z] >>> [apiv2][(partial)header] GET https://serviceusage.googleapis.com/v1/projects/ai-logic-demos/services/cloudbuild.googleapis.com  x-goog-user-project=ai-logic-demos
[debug] [2026-05-19T05:43:52.361Z] >>> [apiv2][query] GET https://serviceusage.googleapis.com/v1/projects/ai-logic-demos/services/artifactregistry.googleapis.com [none]
[debug] [2026-05-19T05:43:52.361Z] >>> [apiv2][(partial)header] GET https://serviceusage.googleapis.com/v1/projects/ai-logic-demos/services/artifactregistry.googleapis.com  x-goog-user-project=ai-logic-demos
[debug] [2026-05-19T05:43:52.609Z] <<< [apiv2][status] GET https://serviceusage.googleapis.com/v1/projects/ai-logic-demos/services/cloudfunctions.googleapis.com 200
[debug] [2026-05-19T05:43:52.609Z] <<< [apiv2][body] GET https://serviceusage.googleapis.com/v1/projects/ai-logic-demos/services/cloudfunctions.googleapis.com [omitted]
[info] ✔  functions: required API cloudfunctions.googleapis.com is enabled 
[debug] [2026-05-19T05:43:52.615Z] <<< [apiv2][status] GET https://serviceusage.googleapis.com/v1/projects/ai-logic-demos/services/artifactregistry.googleapis.com 200
[debug] [2026-05-19T05:43:52.615Z] <<< [apiv2][body] GET https://serviceusage.googleapis.com/v1/projects/ai-logic-demos/services/artifactregistry.googleapis.com [omitted]
[info] ✔  artifactregistry: required API artifactregistry.googleapis.com is enabled 
[debug] [2026-05-19T05:43:52.805Z] <<< [apiv2][status] GET https://serviceusage.googleapis.com/v1/projects/ai-logic-demos/services/cloudbuild.googleapis.com 200
[debug] [2026-05-19T05:43:52.805Z] <<< [apiv2][body] GET https://serviceusage.googleapis.com/v1/projects/ai-logic-demos/services/cloudbuild.googleapis.com [omitted]
[info] ✔  functions: required API cloudbuild.googleapis.com is enabled 
[debug] [2026-05-19T05:43:52.813Z] <<< [apiv2][status] GET https://serviceusage.googleapis.com/v1/projects/ai-logic-demos/services/runtimeconfig.googleapis.com 200
[debug] [2026-05-19T05:43:52.813Z] <<< [apiv2][body] GET https://serviceusage.googleapis.com/v1/projects/ai-logic-demos/services/runtimeconfig.googleapis.com [omitted]
[debug] [2026-05-19T05:43:52.818Z] No OAuth tokens found
[debug] [2026-05-19T05:43:52.818Z] >>> [apiv2][query] GET https://firebase.googleapis.com/v1beta1/projects/ai-logic-demos/adminSdkConfig [none]
[debug] [2026-05-19T05:43:53.298Z] <<< [apiv2][status] GET https://firebase.googleapis.com/v1beta1/projects/ai-logic-demos/adminSdkConfig 200
[debug] [2026-05-19T05:43:53.298Z] <<< [apiv2][body] GET https://firebase.googleapis.com/v1beta1/projects/ai-logic-demos/adminSdkConfig {"projectId":"ai-logic-demos","storageBucket":"ai-logic-demos.firebasestorage.app"}
[debug] [2026-05-19T05:43:53.299Z] No OAuth tokens found
[debug] [2026-05-19T05:43:53.299Z] >>> [apiv2][query] GET https://runtimeconfig.googleapis.com/v1beta1/projects/ai-logic-demos/configs [none]
[debug] [2026-05-19T05:43:53.568Z] <<< [apiv2][status] GET https://runtimeconfig.googleapis.com/v1beta1/projects/ai-logic-demos/configs 200
[debug] [2026-05-19T05:43:53.568Z] <<< [apiv2][body] GET https://runtimeconfig.googleapis.com/v1beta1/projects/ai-logic-demos/configs {}
[debug] [2026-05-19T05:43:53.569Z] Validating nodejs source
[warn] ⚠  functions: Runtime Node.js 20 was deprecated on 2026-04-30 and will be decommissioned on 2026-10-30, after which you will not be able to deploy without upgrading. Consider upgrading now to avoid disruption. See https://cloud.google.com/functions/docs/runtime-support for full details on the lifecycle policy 
[debug] [2026-05-19T05:43:54.438Z] > [functions] package.json contents: {
  "name": "functions",
  "description": "Cloud Functions for Firebase",
  "scripts": {
    "lint": "eslint .",
    "serve": "firebase emulators:start --only functions",
    "shell": "firebase functions:shell",
    "start": "npm run shell",
    "deploy": "firebase deploy --only functions",
    "logs": "firebase functions:log"
  },
  "engines": {
    "node": "20"
  },
  "main": "index.js",
  "dependencies": {
    "firebase-admin": "^13.8.0",
    "firebase-functions": "^7.2.5"
  },
  "private": true
}
[debug] [2026-05-19T05:43:54.439Z] Building nodejs source
[info] i  functions: Loading and analyzing source code for codebase default to determine what to deploy 
[debug] [2026-05-19T05:43:54.439Z] Could not find functions.yaml. Must use http discovery
[debug] [2026-05-19T05:43:54.442Z] Found firebase-functions binary at '/Users/ramosmiguel/Source/ai-logic-samples/cloud-next-26/memotattoo/backend/scripts/setup/functions/node_modules/.bin/firebase-functions'
[info] Serving at port 8329

[debug] [2026-05-19T05:43:54.851Z] Got response from /__/functions.yaml {"endpoints":{"logBeforeCalls":{"availableMemoryMb":null,"timeoutSeconds":null,"minInstances":null,"maxInstances":null,"ingressSettings":null,"concurrency":null,"serviceAccountEmail":null,"vpc":null,"platform":"gcfv2","labels":{},"blockingTrigger":{"eventType":"google.firebase.ailogic.v1.beforeGenerate","options":{}},"entryPoint":"logBeforeCalls"},"refillEnergyBolts":{"availableMemoryMb":null,"timeoutSeconds":null,"minInstances":null,"maxInstances":null,"ingressSettings":null,"concurrency":null,"serviceAccountEmail":null,"vpc":null,"platform":"gcfv2","labels":{},"scheduleTrigger":{"schedule":"every day 00:00","retryConfig":{"retryCount":null,"maxDoublings":null,"maxRetrySeconds":null,"minBackoffSeconds":null,"maxBackoffSeconds":null},"timeZone":null},"entryPoint":"refillEnergyBolts"},"onFlashcardDeleted":{"availableMemoryMb":null,"timeoutSeconds":null,"minInstances":null,"maxInstances":null,"ingressSettings":null,"concurrency":null,"serviceAccountEmail":null,"vpc":null,"platform":"gcfv2","labels":{},"eventTrigger":{"eventType":"google.cloud.firestore.document.v1.deleted","eventFilters":{"database":"(default)","namespace":"(default)"},"eventFilterPathPatterns":{"document":"Flashcards/{cardId}"},"retry":false},"entryPoint":"onFlashcardDeleted"},"onUserDeleted":{"platform":"gcfv1","availableMemoryMb":null,"timeoutSeconds":null,"minInstances":null,"maxInstances":null,"ingressSettings":null,"serviceAccountEmail":null,"vpc":null,"eventTrigger":{"eventType":"providers/cloud.firestore/eventTypes/document.delete","eventFilters":{"resource":"projects/{{ params.PROJECT_ID }}/databases/(default)/documents/Users/{userId}"},"retry":false},"labels":{},"entryPoint":"onUserDeleted"},"syncUserClaims":{"availableMemoryMb":null,"timeoutSeconds":null,"minInstances":null,"maxInstances":null,"ingressSettings":null,"concurrency":null,"serviceAccountEmail":null,"vpc":null,"platform":"gcfv2","labels":{},"eventTrigger":{"eventType":"google.cloud.firestore.document.v1.updated","eventFilters":{"database":"(default)","namespace":"(default)"},"eventFilterPathPatterns":{"document":"Users/{uid}"},"retry":false},"entryPoint":"syncUserClaims"}},"specVersion":"v1alpha1","requiredAPIs":[{"api":"cloudscheduler.googleapis.com","reason":"Needed for scheduled functions."}],"extensions":{}}
[debug] [2026-05-19T05:43:58.869Z] No OAuth tokens found
[debug] [2026-05-19T05:43:58.869Z] >>> [apiv2][query] GET https://cloudfunctions.googleapis.com/v1/projects/ai-logic-demos/locations/-/functions [none]
[debug] [2026-05-19T05:43:59.668Z] <<< [apiv2][status] GET https://cloudfunctions.googleapis.com/v1/projects/ai-logic-demos/locations/-/functions 200
[debug] [2026-05-19T05:43:59.668Z] <<< [apiv2][body] GET https://cloudfunctions.googleapis.com/v1/projects/ai-logic-demos/locations/-/functions {"functions":[{"name":"projects/ai-logic-demos/locations/us-central1/functions/onUserDeleted","eventTrigger":{"eventType":"providers/cloud.firestore/eventTypes/document.delete","resource":"projects/ai-logic-demos/databases/(default)/documents/Users/{userId}","service":"firestore.googleapis.com","failurePolicy":{}},"status":"ACTIVE","entryPoint":"onUserDeleted","timeout":"60s","availableMemoryMb":256,"serviceAccountEmail":"ai-logic-demos@appspot.gserviceaccount.com","updateTime":"2026-04-10T17:37:54.285Z","versionId":"7","labels":{"deployment-tool":"cli-firebase","firebase-functions-hash":"74dd9decb738b38a953072df37118e675f20ea91"},"sourceUploadUrl":"https://storage.googleapis.com/uploads-17595169663.us-central1.cloudfunctions.appspot.com/81597efc-3bbf-4f04-9cee-419750ae4731.zip","environmentVariables":{"FIREBASE_CONFIG":"{\"projectId\":\"ai-logic-demos\",\"storageBucket\":\"ai-logic-demos.firebasestorage.app\"}","GCLOUD_PROJECT":"ai-logic-demos","EVENTARC_CLOUD_EVENT_SOURCE":"projects/ai-logic-demos/locations/us-central1/functions/onUserDeleted"},"runtime":"nodejs20","maxInstances":3000,"ingressSettings":"ALLOW_ALL","buildId":"6b55a243-9ccd-49dc-bbbe-a577e0dc499e","buildEnvironmentVariables":{"GOOGLE_NODE_RUN_SCRIPTS":""},"buildName":"projects/861083271982/locations/us-central1/builds/6b55a243-9ccd-49dc-bbbe-a577e0dc499e","dockerRegistry":"ARTIFACT_REGISTRY","automaticUpdatePolicy":{},"buildServiceAccount":"projects/ai-logic-demos/serviceAccounts/861083271982-compute@developer.gserviceaccount.com","satisfiesPzi":true}]}
[debug] [2026-05-19T05:43:59.669Z] No OAuth tokens found
[debug] [2026-05-19T05:43:59.669Z] >>> [apiv2][query] GET https://cloudfunctions.googleapis.com/v2/projects/ai-logic-demos/locations/-/functions filter=environment%3D%22GEN_2%22
[debug] [2026-05-19T05:44:00.317Z] <<< [apiv2][status] GET https://cloudfunctions.googleapis.com/v2/projects/ai-logic-demos/locations/-/functions 200
[debug] [2026-05-19T05:44:00.317Z] <<< [apiv2][body] GET https://cloudfunctions.googleapis.com/v2/projects/ai-logic-demos/locations/-/functions {"functions":[{"name":"projects/ai-logic-demos/locations/us-central1/functions/refillEnergyBolts","buildConfig":{"build":"projects/861083271982/locations/us-central1/builds/3fb45799-de9c-4b0e-9f03-79a249b5050f","runtime":"nodejs20","entryPoint":"refillEnergyBolts","source":{"storageSource":{"bucket":"gcf-v2-sources-861083271982-us-central1","object":"refillEnergyBolts/function-source.zip","generation":"1775842656673268"}},"environmentVariables":{"GOOGLE_NODE_RUN_SCRIPTS":""},"dockerRepository":"projects/ai-logic-demos/locations/us-central1/repositories/gcf-artifacts","sourceProvenance":{"resolvedStorageSource":{"bucket":"gcf-v2-sources-861083271982-us-central1","object":"refillEnergyBolts/function-source.zip","generation":"1775842656673268"}},"dockerRegistry":"ARTIFACT_REGISTRY","serviceAccount":"projects/ai-logic-demos/serviceAccounts/861083271982-compute@developer.gserviceaccount.com","automaticUpdatePolicy":{}},"serviceConfig":{"service":"projects/ai-logic-demos/locations/us-central1/services/refillenergybolts","timeoutSeconds":60,"environmentVariables":{"FIREBASE_CONFIG":"{\"projectId\":\"ai-logic-demos\",\"storageBucket\":\"ai-logic-demos.firebasestorage.app\"}","GCLOUD_PROJECT":"ai-logic-demos","EVENTARC_CLOUD_EVENT_SOURCE":"projects/ai-logic-demos/locations/us-central1/services/refillEnergyBolts","FUNCTION_TARGET":"refillEnergyBolts","LOG_EXECUTION_ID":"true","FUNCTION_SIGNATURE_TYPE":"http"},"maxInstanceCount":100,"ingressSettings":"ALLOW_ALL","uri":"https://refillenergybolts-e564rdz36a-uc.a.run.app","serviceAccountEmail":"861083271982-compute@developer.gserviceaccount.com","availableMemory":"256Mi","allTrafficOnLatestRevision":true,"revision":"refillenergybolts-00004-luh","maxInstanceRequestConcurrency":80,"availableCpu":"1"},"state":"ACTIVE","updateTime":"2026-04-10T17:37:46.356042644Z","labels":{"deployment-tool":"cli-firebase","deployment-scheduled":"true","firebase-functions-hash":"f4fe6081b15b332cb9b9193170c9b76535283b57"},"environment":"GEN_2","url":"https://us-central1-ai-logic-demos.cloudfunctions.net/refillEnergyBolts","createTime":"2026-03-12T05:41:58.696004219Z","satisfiesPzi":true},{"name":"projects/ai-logic-demos/locations/us-central1/functions/syncUserClaims","buildConfig":{"build":"projects/861083271982/locations/us-central1/builds/3fb45799-de9c-4b0e-9f03-79a249b5050f","runtime":"nodejs20","entryPoint":"syncUserClaims","source":{"storageSource":{"bucket":"gcf-v2-sources-861083271982-us-central1","object":"syncUserClaims/function-source.zip","generation":"1775842656820921"}},"environmentVariables":{"GOOGLE_NODE_RUN_SCRIPTS":""},"dockerRepository":"projects/ai-logic-demos/locations/us-central1/repositories/gcf-artifacts","sourceProvenance":{"resolvedStorageSource":{"bucket":"gcf-v2-sources-861083271982-us-central1","object":"syncUserClaims/function-source.zip","generation":"1775842656820921"}},"dockerRegistry":"ARTIFACT_REGISTRY","serviceAccount":"projects/ai-logic-demos/serviceAccounts/861083271982-compute@developer.gserviceaccount.com","automaticUpdatePolicy":{}},"serviceConfig":{"service":"projects/ai-logic-demos/locations/us-central1/services/syncuserclaims","timeoutSeconds":60,"environmentVariables":{"FIREBASE_CONFIG":"{\"projectId\":\"ai-logic-demos\",\"storageBucket\":\"ai-logic-demos.firebasestorage.app\"}","GCLOUD_PROJECT":"ai-logic-demos","EVENTARC_CLOUD_EVENT_SOURCE":"projects/ai-logic-demos/locations/us-central1/services/syncUserClaims","FUNCTION_SIGNATURE_TYPE":"cloudevent","FUNCTION_TARGET":"syncUserClaims","LOG_EXECUTION_ID":"true"},"maxInstanceCount":100,"ingressSettings":"ALLOW_ALL","uri":"https://syncuserclaims-e564rdz36a-uc.a.run.app","serviceAccountEmail":"861083271982-compute@developer.gserviceaccount.com","availableMemory":"256Mi","allTrafficOnLatestRevision":true,"revision":"syncuserclaims-00002-kip","maxInstanceRequestConcurrency":80,"availableCpu":"1"},"eventTrigger":{"trigger":"projects/ai-logic-demos/locations/nam5/triggers/syncuserclaims-447028","triggerRegion":"nam5","eventType":"google.cloud.firestore.document.v1.updated","eventFilters":[{"attribute":"namespace","value":"(default)"},{"attribute":"document","value":"Users/{uid}","operator":"match-path-pattern"},{"attribute":"database","value":"(default)"}],"pubsubTopic":"projects/ai-logic-demos/topics/eventarc-nam5-syncuserclaims-447028-714","serviceAccountEmail":"861083271982-compute@developer.gserviceaccount.com","retryPolicy":"RETRY_POLICY_DO_NOT_RETRY"},"state":"ACTIVE","updateTime":"2026-04-10T17:37:43.800707070Z","labels":{"firebase-functions-hash":"f4fe6081b15b332cb9b9193170c9b76535283b57","deployment-tool":"cli-firebase"},"environment":"GEN_2","url":"https://us-central1-ai-logic-demos.cloudfunctions.net/syncUserClaims","createTime":"2026-04-10T17:34:52.954753094Z","satisfiesPzi":true},{"name":"projects/ai-logic-demos/locations/us-central1/functions/onFlashcardDeleted","buildConfig":{"build":"projects/861083271982/locations/us-central1/builds/3fb45799-de9c-4b0e-9f03-79a249b5050f","runtime":"nodejs20","entryPoint":"onFlashcardDeleted","source":{"storageSource":{"bucket":"gcf-v2-sources-861083271982-us-central1","object":"onFlashcardDeleted/function-source.zip","generation":"1775842656680626"}},"environmentVariables":{"GOOGLE_NODE_RUN_SCRIPTS":""},"dockerRepository":"projects/ai-logic-demos/locations/us-central1/repositories/gcf-artifacts","sourceProvenance":{"resolvedStorageSource":{"bucket":"gcf-v2-sources-861083271982-us-central1","object":"onFlashcardDeleted/function-source.zip","generation":"1775842656680626"}},"dockerRegistry":"ARTIFACT_REGISTRY","serviceAccount":"projects/ai-logic-demos/serviceAccounts/861083271982-compute@developer.gserviceaccount.com","automaticUpdatePolicy":{}},"serviceConfig":{"service":"projects/ai-logic-demos/locations/us-central1/services/onflashcarddeleted","timeoutSeconds":60,"environmentVariables":{"FIREBASE_CONFIG":"{\"projectId\":\"ai-logic-demos\",\"storageBucket\":\"ai-logic-demos.firebasestorage.app\"}","GCLOUD_PROJECT":"ai-logic-demos","EVENTARC_CLOUD_EVENT_SOURCE":"projects/ai-logic-demos/locations/us-central1/services/onFlashcardDeleted","FUNCTION_SIGNATURE_TYPE":"cloudevent","FUNCTION_TARGET":"onFlashcardDeleted","LOG_EXECUTION_ID":"true"},"maxInstanceCount":100,"ingressSettings":"ALLOW_ALL","uri":"https://onflashcarddeleted-e564rdz36a-uc.a.run.app","serviceAccountEmail":"861083271982-compute@developer.gserviceaccount.com","availableMemory":"256Mi","allTrafficOnLatestRevision":true,"revision":"onflashcarddeleted-00004-buw","maxInstanceRequestConcurrency":80,"availableCpu":"1"},"eventTrigger":{"trigger":"projects/ai-logic-demos/locations/nam5/triggers/onflashcarddeleted-523010","triggerRegion":"nam5","eventType":"google.cloud.firestore.document.v1.deleted","eventFilters":[{"attribute":"document","value":"Flashcards/{cardId}","operator":"match-path-pattern"},{"attribute":"database","value":"(default)"},{"attribute":"namespace","value":"(default)"}],"pubsubTopic":"projects/ai-logic-demos/topics/eventarc-nam5-onflashcarddeleted-523010-598","serviceAccountEmail":"861083271982-compute@developer.gserviceaccount.com","retryPolicy":"RETRY_POLICY_DO_NOT_RETRY"},"state":"ACTIVE","updateTime":"2026-04-10T17:37:43.841103572Z","labels":{"firebase-functions-hash":"f4fe6081b15b332cb9b9193170c9b76535283b57","deployment-tool":"cli-firebase"},"environment":"GEN_2","url":"https://us-central1-ai-logic-demos.cloudfunctions.net/onFlashcardDeleted","createTime":"2026-03-12T05:42:48.095527682Z","satisfiesPzi":true},{"name":"projects/ai-logic-demos/locations/us-central1/functions/logBeforeCalls","buildConfig":{"build":"projects/861083271982/locations/us-central1/builds/3fb45799-de9c-4b0e-9f03-79a249b5050f","runtime":"nodejs20","entryPoint":"logBeforeCalls","source":{"storageSource":{"bucket":"gcf-v2-sources-861083271982-us-central1","object":"logBeforeCalls/function-source.zip","generation":"1775842618299391"}},"environmentVariables":{"GOOGLE_NODE_RUN_SCRIPTS":""},"dockerRepository":"projects/ai-logic-demos/locations/us-central1/repositories/gcf-artifacts","sourceProvenance":{"resolvedStorageSource":{"bucket":"gcf-v2-sources-861083271982-us-central1","object":"logBeforeCalls/function-source.zip","generation":"1775842618299391"}},"dockerRegistry":"ARTIFACT_REGISTRY","serviceAccount":"projects/ai-logic-demos/serviceAccounts/861083271982-compute@developer.gserviceaccount.com","automaticUpdatePolicy":{}},"serviceConfig":{"service":"projects/ai-logic-demos/locations/us-central1/services/logbeforecalls","timeoutSeconds":60,"environmentVariables":{"FIREBASE_CONFIG":"{\"projectId\":\"ai-logic-demos\",\"storageBucket\":\"ai-logic-demos.firebasestorage.app\"}","GCLOUD_PROJECT":"ai-logic-demos","EVENTARC_CLOUD_EVENT_SOURCE":"projects/ai-logic-demos/locations/us-central1/services/logBeforeCalls","FUNCTION_TARGET":"logBeforeCalls","LOG_EXECUTION_ID":"true","FUNCTION_SIGNATURE_TYPE":"http"},"maxInstanceCount":100,"ingressSettings":"ALLOW_ALL","uri":"https://logbeforecalls-e564rdz36a-uc.a.run.app","serviceAccountEmail":"861083271982-compute@developer.gserviceaccount.com","availableMemory":"256Mi","allTrafficOnLatestRevision":true,"revision":"logbeforecalls-00003-heq","maxInstanceRequestConcurrency":80,"availableCpu":"1"},"state":"ACTIVE","updateTime":"2026-04-10T17:37:44.838729282Z","labels":{"deployment-tool":"cli-firebase","ailogic-event-type":"before-generate-content","ailogic-locality":"global","firebase-functions-hash":"f4fe6081b15b332cb9b9193170c9b76535283b57"},"environment":"GEN_2","url":"https://us-central1-ai-logic-demos.cloudfunctions.net/logBeforeCalls","createTime":"2026-04-10T05:51:35.328625458Z","satisfiesPzi":true}]}
[info] i  extensions: ensuring required API firebaseextensions.googleapis.com is enabled... 
[debug] [2026-05-19T05:44:00.320Z] No OAuth tokens found
[debug] [2026-05-19T05:44:00.320Z] >>> [apiv2][query] GET https://serviceusage.googleapis.com/v1/projects/ai-logic-demos/services/firebaseextensions.googleapis.com [none]
[debug] [2026-05-19T05:44:00.320Z] >>> [apiv2][(partial)header] GET https://serviceusage.googleapis.com/v1/projects/ai-logic-demos/services/firebaseextensions.googleapis.com  x-goog-user-project=ai-logic-demos
[debug] [2026-05-19T05:44:01.058Z] <<< [apiv2][status] GET https://serviceusage.googleapis.com/v1/projects/ai-logic-demos/services/firebaseextensions.googleapis.com 200
[debug] [2026-05-19T05:44:01.058Z] <<< [apiv2][body] GET https://serviceusage.googleapis.com/v1/projects/ai-logic-demos/services/firebaseextensions.googleapis.com [omitted]
[info] ✔  extensions: required API firebaseextensions.googleapis.com is enabled 
[debug] [2026-05-19T05:44:01.064Z] > command requires scopes: ["email","openid","https://www.googleapis.com/auth/cloudplatformprojects.readonly","https://www.googleapis.com/auth/firebase","https://www.googleapis.com/auth/cloud-platform"]
[debug] [2026-05-19T05:44:01.065Z] Running auto auth
[debug] [2026-05-19T05:44:01.065Z] [iam] checking project ai-logic-demos for permissions ["firebase.projects.get","firebaseextensions.instances.list"]
[debug] [2026-05-19T05:44:01.066Z] No OAuth tokens found
[debug] [2026-05-19T05:44:01.066Z] >>> [apiv2][query] POST https://cloudresourcemanager.googleapis.com/v1/projects/ai-logic-demos:testIamPermissions [none]
[debug] [2026-05-19T05:44:01.066Z] >>> [apiv2][(partial)header] POST https://cloudresourcemanager.googleapis.com/v1/projects/ai-logic-demos:testIamPermissions  x-goog-user-project=ai-logic-demos
[debug] [2026-05-19T05:44:01.066Z] >>> [apiv2][body] POST https://cloudresourcemanager.googleapis.com/v1/projects/ai-logic-demos:testIamPermissions {"permissions":["firebase.projects.get","firebaseextensions.instances.list"]}
[debug] [2026-05-19T05:44:01.183Z] <<< [apiv2][status] POST https://cloudresourcemanager.googleapis.com/v1/projects/ai-logic-demos:testIamPermissions 200
[debug] [2026-05-19T05:44:01.183Z] <<< [apiv2][body] POST https://cloudresourcemanager.googleapis.com/v1/projects/ai-logic-demos:testIamPermissions {"permissions":["firebase.projects.get","firebaseextensions.instances.list"]}
[debug] [2026-05-19T05:44:01.184Z] No OAuth tokens found
[debug] [2026-05-19T05:44:01.184Z] >>> [apiv2][query] GET https://firebaseextensions.googleapis.com/v1beta/projects/ai-logic-demos/instances pageSize=100&pageToken=
[debug] [2026-05-19T05:44:01.578Z] <<< [apiv2][status] GET https://firebaseextensions.googleapis.com/v1beta/projects/ai-logic-demos/instances 200
[debug] [2026-05-19T05:44:01.578Z] <<< [apiv2][body] GET https://firebaseextensions.googleapis.com/v1beta/projects/ai-logic-demos/instances {}
[info] i  functions: preparing functions directory for uploading... 
[info] i  functions: packaged /Users/ramosmiguel/Source/ai-logic-samples/cloud-next-26/memotattoo/backend/scripts/setup/functions (33.21 KB) for uploading 
[info] i  functions: packaged /Users/ramosmiguel/Source/ai-logic-samples/cloud-next-26/memotattoo/backend/scripts/setup/functions (33.41 KB) for uploading 
[debug] [2026-05-19T05:44:01.604Z] No OAuth tokens found
[debug] [2026-05-19T05:44:01.604Z] >>> [apiv2][query] GET https://firestore.googleapis.com/v1/projects/ai-logic-demos/databases/(default) [none]
[debug] [2026-05-19T05:44:01.829Z] <<< [apiv2][status] GET https://firestore.googleapis.com/v1/projects/ai-logic-demos/databases/(default) 200
[debug] [2026-05-19T05:44:01.829Z] <<< [apiv2][body] GET https://firestore.googleapis.com/v1/projects/ai-logic-demos/databases/(default) {"name":"projects/ai-logic-demos/databases/(default)","uid":"8bea1ef4-dba0-44fc-8111-cdff7f59f87e","createTime":"2026-02-26T06:21:23.916682Z","updateTime":"2026-02-26T06:21:23.916682Z","locationId":"nam5","type":"FIRESTORE_NATIVE","concurrencyMode":"PESSIMISTIC","versionRetentionPeriod":"3600s","earliestVersionTime":"2026-05-19T04:44:01.791012Z","appEngineIntegrationMode":"DISABLED","keyPrefix":"s","pointInTimeRecoveryEnablement":"POINT_IN_TIME_RECOVERY_DISABLED","deleteProtectionState":"DELETE_PROTECTION_DISABLED","databaseEdition":"STANDARD","freeTier":true,"realtimeUpdatesMode":"REALTIME_UPDATES_MODE_ENABLED","etag":"IIrzytTSxJQDMJvGwfXD9pID"}
[info] i  functions: ensuring required API cloudscheduler.googleapis.com is enabled... 
[debug] [2026-05-19T05:44:01.831Z] No OAuth tokens found
[debug] [2026-05-19T05:44:01.831Z] >>> [apiv2][query] GET https://serviceusage.googleapis.com/v1/projects/861083271982/services/cloudscheduler.googleapis.com [none]
[debug] [2026-05-19T05:44:01.831Z] >>> [apiv2][(partial)header] GET https://serviceusage.googleapis.com/v1/projects/861083271982/services/cloudscheduler.googleapis.com  x-goog-user-project=861083271982
[debug] [2026-05-19T05:44:02.327Z] <<< [apiv2][status] GET https://serviceusage.googleapis.com/v1/projects/861083271982/services/cloudscheduler.googleapis.com 200
[debug] [2026-05-19T05:44:02.327Z] <<< [apiv2][body] GET https://serviceusage.googleapis.com/v1/projects/861083271982/services/cloudscheduler.googleapis.com [omitted]
[info] ✔  functions: required API cloudscheduler.googleapis.com is enabled 
[info] i  functions: ensuring required API run.googleapis.com is enabled... 
[debug] [2026-05-19T05:44:02.331Z] No OAuth tokens found
[info] i  functions: ensuring required API eventarc.googleapis.com is enabled... 
[debug] [2026-05-19T05:44:02.332Z] No OAuth tokens found
[info] i  functions: ensuring required API pubsub.googleapis.com is enabled... 
[debug] [2026-05-19T05:44:02.332Z] No OAuth tokens found
[info] i  functions: ensuring required API storage.googleapis.com is enabled... 
[debug] [2026-05-19T05:44:02.332Z] No OAuth tokens found
[debug] [2026-05-19T05:44:02.332Z] >>> [apiv2][query] GET https://serviceusage.googleapis.com/v1/projects/861083271982/services/run.googleapis.com [none]
[debug] [2026-05-19T05:44:02.332Z] >>> [apiv2][(partial)header] GET https://serviceusage.googleapis.com/v1/projects/861083271982/services/run.googleapis.com  x-goog-user-project=861083271982
[debug] [2026-05-19T05:44:02.332Z] >>> [apiv2][query] GET https://serviceusage.googleapis.com/v1/projects/861083271982/services/eventarc.googleapis.com [none]
[debug] [2026-05-19T05:44:02.332Z] >>> [apiv2][(partial)header] GET https://serviceusage.googleapis.com/v1/projects/861083271982/services/eventarc.googleapis.com  x-goog-user-project=861083271982
[debug] [2026-05-19T05:44:02.332Z] >>> [apiv2][query] GET https://serviceusage.googleapis.com/v1/projects/861083271982/services/pubsub.googleapis.com [none]
[debug] [2026-05-19T05:44:02.332Z] >>> [apiv2][(partial)header] GET https://serviceusage.googleapis.com/v1/projects/861083271982/services/pubsub.googleapis.com  x-goog-user-project=861083271982
[debug] [2026-05-19T05:44:02.333Z] >>> [apiv2][query] GET https://serviceusage.googleapis.com/v1/projects/861083271982/services/storage.googleapis.com [none]
[debug] [2026-05-19T05:44:02.333Z] >>> [apiv2][(partial)header] GET https://serviceusage.googleapis.com/v1/projects/861083271982/services/storage.googleapis.com  x-goog-user-project=861083271982
[debug] [2026-05-19T05:44:02.696Z] <<< [apiv2][status] GET https://serviceusage.googleapis.com/v1/projects/861083271982/services/storage.googleapis.com 200
[debug] [2026-05-19T05:44:02.696Z] <<< [apiv2][body] GET https://serviceusage.googleapis.com/v1/projects/861083271982/services/storage.googleapis.com [omitted]
[info] ✔  functions: required API storage.googleapis.com is enabled 
[debug] [2026-05-19T05:44:02.848Z] <<< [apiv2][status] GET https://serviceusage.googleapis.com/v1/projects/861083271982/services/eventarc.googleapis.com 200
[debug] [2026-05-19T05:44:02.848Z] <<< [apiv2][body] GET https://serviceusage.googleapis.com/v1/projects/861083271982/services/eventarc.googleapis.com [omitted]
[info] ✔  functions: required API eventarc.googleapis.com is enabled 
[debug] [2026-05-19T05:44:02.861Z] <<< [apiv2][status] GET https://serviceusage.googleapis.com/v1/projects/861083271982/services/pubsub.googleapis.com 200
[debug] [2026-05-19T05:44:02.862Z] <<< [apiv2][body] GET https://serviceusage.googleapis.com/v1/projects/861083271982/services/pubsub.googleapis.com [omitted]
[info] ✔  functions: required API pubsub.googleapis.com is enabled 
[debug] [2026-05-19T05:44:02.875Z] <<< [apiv2][status] GET https://serviceusage.googleapis.com/v1/projects/861083271982/services/run.googleapis.com 200
[debug] [2026-05-19T05:44:02.876Z] <<< [apiv2][body] GET https://serviceusage.googleapis.com/v1/projects/861083271982/services/run.googleapis.com [omitted]
[info] ✔  functions: required API run.googleapis.com is enabled 
[info] i  functions: generating the service identity for pubsub.googleapis.com... 
[debug] [2026-05-19T05:44:02.882Z] No OAuth tokens found
[info] i  functions: generating the service identity for eventarc.googleapis.com... 
[debug] [2026-05-19T05:44:02.882Z] No OAuth tokens found
[debug] [2026-05-19T05:44:02.883Z] >>> [apiv2][query] POST https://serviceusage.googleapis.com/v1beta1/projects/861083271982/services/pubsub.googleapis.com:generateServiceIdentity [none]
[debug] [2026-05-19T05:44:02.883Z] >>> [apiv2][(partial)header] POST https://serviceusage.googleapis.com/v1beta1/projects/861083271982/services/pubsub.googleapis.com:generateServiceIdentity  x-goog-user-project=861083271982
[debug] [2026-05-19T05:44:02.883Z] >>> [apiv2][body] POST https://serviceusage.googleapis.com/v1beta1/projects/861083271982/services/pubsub.googleapis.com:generateServiceIdentity {}
[debug] [2026-05-19T05:44:02.883Z] >>> [apiv2][query] POST https://serviceusage.googleapis.com/v1beta1/projects/861083271982/services/eventarc.googleapis.com:generateServiceIdentity [none]
[debug] [2026-05-19T05:44:02.883Z] >>> [apiv2][(partial)header] POST https://serviceusage.googleapis.com/v1beta1/projects/861083271982/services/eventarc.googleapis.com:generateServiceIdentity  x-goog-user-project=861083271982
[debug] [2026-05-19T05:44:02.883Z] >>> [apiv2][body] POST https://serviceusage.googleapis.com/v1beta1/projects/861083271982/services/eventarc.googleapis.com:generateServiceIdentity {}
[debug] [2026-05-19T05:44:03.111Z] <<< [apiv2][status] POST https://serviceusage.googleapis.com/v1beta1/projects/861083271982/services/pubsub.googleapis.com:generateServiceIdentity 200
[debug] [2026-05-19T05:44:03.111Z] <<< [apiv2][body] POST https://serviceusage.googleapis.com/v1beta1/projects/861083271982/services/pubsub.googleapis.com:generateServiceIdentity {"name":"operations/finished.DONE_OPERATION","done":true,"response":{"@type":"type.googleapis.com/google.api.serviceusage.v1beta1.ServiceIdentity","email":"service-861083271982@gcp-sa-pubsub.iam.gserviceaccount.com","uniqueId":"105625942847849879041"}}
[debug] [2026-05-19T05:44:03.387Z] <<< [apiv2][status] POST https://serviceusage.googleapis.com/v1beta1/projects/861083271982/services/eventarc.googleapis.com:generateServiceIdentity 200
[debug] [2026-05-19T05:44:03.387Z] <<< [apiv2][body] POST https://serviceusage.googleapis.com/v1beta1/projects/861083271982/services/eventarc.googleapis.com:generateServiceIdentity {"name":"operations/finished.DONE_OPERATION","done":true,"response":{"@type":"type.googleapis.com/google.api.serviceusage.v1beta1.ServiceIdentity","email":"service-861083271982@gcp-sa-eventarc.iam.gserviceaccount.com","uniqueId":"109211000645679954439"}}
[debug] [2026-05-19T05:44:03.390Z] No OAuth tokens found
[debug] [2026-05-19T05:44:03.390Z] >>> [apiv2][query] GET https://cloudresourcemanager.googleapis.com/v1/projects/ai-logic-demos [none]
[debug] [2026-05-19T05:44:03.491Z] <<< [apiv2][status] GET https://cloudresourcemanager.googleapis.com/v1/projects/ai-logic-demos 200
[debug] [2026-05-19T05:44:03.491Z] <<< [apiv2][body] GET https://cloudresourcemanager.googleapis.com/v1/projects/ai-logic-demos {"projectNumber":"861083271982","projectId":"ai-logic-demos","lifecycleState":"ACTIVE","name":"AI Logic Demos","labels":{"firebase":"enabled","firebase-core":"disabled"},"createTime":"2025-11-17T18:48:52.825583Z","parent":{"type":"folder","id":"896607027967"}}
[debug] [2026-05-19T05:44:03.492Z] No OAuth tokens found
[debug] [2026-05-19T05:44:03.492Z] >>> [apiv2][query] GET https://compute.googleapis.com/compute/v1/projects/861083271982 [none]
[debug] [2026-05-19T05:44:03.677Z] <<< [apiv2][status] GET https://compute.googleapis.com/compute/v1/projects/861083271982 403
[debug] [2026-05-19T05:44:03.677Z] <<< [apiv2][body] GET https://compute.googleapis.com/compute/v1/projects/861083271982 {"error":{"code":403,"message":"Request is disallowed by organization's constraints/gcp.restrictServiceUsage constraint for 'projects/861083271982' attempting to use service 'compute.googleapis.com'.","errors":[{"message":"Request is disallowed by organization's constraints/gcp.restrictServiceUsage constraint for 'projects/861083271982' attempting to use service 'compute.googleapis.com'.","domain":"global","reason":"forbidden"}],"status":"PERMISSION_DENIED","details":[{"@type":"type.googleapis.com/google.rpc.ErrorInfo","reason":"RESOURCE_USAGE_RESTRICTION_VIOLATED","domain":"googleapis.com","metadata":{"service":"compute.googleapis.com","consumer":"projects/861083271982"}},{"@type":"type.googleapis.com/google.rpc.LocalizedMessage","locale":"en-US","message":"Request is disallowed by organization's constraints/gcp.restrictServiceUsage constraint for 'projects/861083271982' attempting to use service 'compute.googleapis.com'."}]}}
[debug] [2026-05-19T05:44:03.678Z] unable to look up default compute service account. Falling back to 861083271982-compute@developer.gserviceaccount.com. Error: {"name":"FirebaseError","children":[],"context":{"body":{"error":{"code":403,"message":"Request is disallowed by organization's constraints/gcp.restrictServiceUsage constraint for 'projects/861083271982' attempting to use service 'compute.googleapis.com'.","errors":[{"message":"Request is disallowed by organization's constraints/gcp.restrictServiceUsage constraint for 'projects/861083271982' attempting to use service 'compute.googleapis.com'.","domain":"global","reason":"forbidden"}],"status":"PERMISSION_DENIED","details":[{"@type":"type.googleapis.com/google.rpc.ErrorInfo","reason":"RESOURCE_USAGE_RESTRICTION_VIOLATED","domain":"googleapis.com","metadata":{"service":"compute.googleapis.com","consumer":"projects/861083271982"}},{"@type":"type.googleapis.com/google.rpc.LocalizedMessage","locale":"en-US","message":"Request is disallowed by organization's constraints/gcp.restrictServiceUsage constraint for 'projects/861083271982' attempting to use service 'compute.googleapis.com'."}]}},"response":{"statusCode":403}},"exit":1,"message":"Request to https://compute.googleapis.com/compute/v1/projects/861083271982 had HTTP Error: 403, Request is disallowed by organization's constraints/gcp.restrictServiceUsage constraint for 'projects/861083271982' attempting to use service 'compute.googleapis.com'.","status":403}
[debug] [2026-05-19T05:44:03.679Z] No OAuth tokens found
[debug] [2026-05-19T05:44:03.679Z] >>> [apiv2][query] GET https://compute.googleapis.com/compute/v1/projects/861083271982 [none]
[debug] [2026-05-19T05:44:03.779Z] <<< [apiv2][status] GET https://compute.googleapis.com/compute/v1/projects/861083271982 403
[debug] [2026-05-19T05:44:03.780Z] <<< [apiv2][body] GET https://compute.googleapis.com/compute/v1/projects/861083271982 {"error":{"code":403,"message":"Request is disallowed by organization's constraints/gcp.restrictServiceUsage constraint for 'projects/861083271982' attempting to use service 'compute.googleapis.com'.","errors":[{"message":"Request is disallowed by organization's constraints/gcp.restrictServiceUsage constraint for 'projects/861083271982' attempting to use service 'compute.googleapis.com'.","domain":"global","reason":"forbidden"}],"status":"PERMISSION_DENIED","details":[{"@type":"type.googleapis.com/google.rpc.ErrorInfo","reason":"RESOURCE_USAGE_RESTRICTION_VIOLATED","domain":"googleapis.com","metadata":{"service":"compute.googleapis.com","consumer":"projects/861083271982"}},{"@type":"type.googleapis.com/google.rpc.LocalizedMessage","locale":"en-US","message":"Request is disallowed by organization's constraints/gcp.restrictServiceUsage constraint for 'projects/861083271982' attempting to use service 'compute.googleapis.com'."}]}}
[debug] [2026-05-19T05:44:03.780Z] unable to look up default compute service account. Falling back to 861083271982-compute@developer.gserviceaccount.com. Error: {"name":"FirebaseError","children":[],"context":{"body":{"error":{"code":403,"message":"Request is disallowed by organization's constraints/gcp.restrictServiceUsage constraint for 'projects/861083271982' attempting to use service 'compute.googleapis.com'.","errors":[{"message":"Request is disallowed by organization's constraints/gcp.restrictServiceUsage constraint for 'projects/861083271982' attempting to use service 'compute.googleapis.com'.","domain":"global","reason":"forbidden"}],"status":"PERMISSION_DENIED","details":[{"@type":"type.googleapis.com/google.rpc.ErrorInfo","reason":"RESOURCE_USAGE_RESTRICTION_VIOLATED","domain":"googleapis.com","metadata":{"service":"compute.googleapis.com","consumer":"projects/861083271982"}},{"@type":"type.googleapis.com/google.rpc.LocalizedMessage","locale":"en-US","message":"Request is disallowed by organization's constraints/gcp.restrictServiceUsage constraint for 'projects/861083271982' attempting to use service 'compute.googleapis.com'."}]}},"response":{"statusCode":403}},"exit":1,"message":"Request to https://compute.googleapis.com/compute/v1/projects/861083271982 had HTTP Error: 403, Request is disallowed by organization's constraints/gcp.restrictServiceUsage constraint for 'projects/861083271982' attempting to use service 'compute.googleapis.com'.","status":403}
[debug] [2026-05-19T05:44:03.780Z] No OAuth tokens found
[debug] [2026-05-19T05:44:03.780Z] >>> [apiv2][query] GET https://compute.googleapis.com/compute/v1/projects/861083271982 [none]
[debug] [2026-05-19T05:44:03.877Z] <<< [apiv2][status] GET https://compute.googleapis.com/compute/v1/projects/861083271982 403
[debug] [2026-05-19T05:44:03.878Z] <<< [apiv2][body] GET https://compute.googleapis.com/compute/v1/projects/861083271982 {"error":{"code":403,"message":"Request is disallowed by organization's constraints/gcp.restrictServiceUsage constraint for 'projects/861083271982' attempting to use service 'compute.googleapis.com'.","errors":[{"message":"Request is disallowed by organization's constraints/gcp.restrictServiceUsage constraint for 'projects/861083271982' attempting to use service 'compute.googleapis.com'.","domain":"global","reason":"forbidden"}],"status":"PERMISSION_DENIED","details":[{"@type":"type.googleapis.com/google.rpc.ErrorInfo","reason":"RESOURCE_USAGE_RESTRICTION_VIOLATED","domain":"googleapis.com","metadata":{"service":"compute.googleapis.com","consumer":"projects/861083271982"}},{"@type":"type.googleapis.com/google.rpc.LocalizedMessage","locale":"en-US","message":"Request is disallowed by organization's constraints/gcp.restrictServiceUsage constraint for 'projects/861083271982' attempting to use service 'compute.googleapis.com'."}]}}
[debug] [2026-05-19T05:44:03.878Z] unable to look up default compute service account. Falling back to 861083271982-compute@developer.gserviceaccount.com. Error: {"name":"FirebaseError","children":[],"context":{"body":{"error":{"code":403,"message":"Request is disallowed by organization's constraints/gcp.restrictServiceUsage constraint for 'projects/861083271982' attempting to use service 'compute.googleapis.com'.","errors":[{"message":"Request is disallowed by organization's constraints/gcp.restrictServiceUsage constraint for 'projects/861083271982' attempting to use service 'compute.googleapis.com'.","domain":"global","reason":"forbidden"}],"status":"PERMISSION_DENIED","details":[{"@type":"type.googleapis.com/google.rpc.ErrorInfo","reason":"RESOURCE_USAGE_RESTRICTION_VIOLATED","domain":"googleapis.com","metadata":{"service":"compute.googleapis.com","consumer":"projects/861083271982"}},{"@type":"type.googleapis.com/google.rpc.LocalizedMessage","locale":"en-US","message":"Request is disallowed by organization's constraints/gcp.restrictServiceUsage constraint for 'projects/861083271982' attempting to use service 'compute.googleapis.com'."}]}},"response":{"statusCode":403}},"exit":1,"message":"Request to https://compute.googleapis.com/compute/v1/projects/861083271982 had HTTP Error: 403, Request is disallowed by organization's constraints/gcp.restrictServiceUsage constraint for 'projects/861083271982' attempting to use service 'compute.googleapis.com'.","status":403}
[debug] [2026-05-19T05:44:03.878Z] No OAuth tokens found
[debug] [2026-05-19T05:44:03.878Z] >>> [apiv2][query] GET https://compute.googleapis.com/compute/v1/projects/861083271982 [none]
[debug] [2026-05-19T05:44:04.034Z] <<< [apiv2][status] GET https://compute.googleapis.com/compute/v1/projects/861083271982 403
[debug] [2026-05-19T05:44:04.034Z] <<< [apiv2][body] GET https://compute.googleapis.com/compute/v1/projects/861083271982 {"error":{"code":403,"message":"Request is disallowed by organization's constraints/gcp.restrictServiceUsage constraint for 'projects/861083271982' attempting to use service 'compute.googleapis.com'.","errors":[{"message":"Request is disallowed by organization's constraints/gcp.restrictServiceUsage constraint for 'projects/861083271982' attempting to use service 'compute.googleapis.com'.","domain":"global","reason":"forbidden"}],"status":"PERMISSION_DENIED","details":[{"@type":"type.googleapis.com/google.rpc.ErrorInfo","reason":"RESOURCE_USAGE_RESTRICTION_VIOLATED","domain":"googleapis.com","metadata":{"consumer":"projects/861083271982","service":"compute.googleapis.com"}},{"@type":"type.googleapis.com/google.rpc.LocalizedMessage","locale":"en-US","message":"Request is disallowed by organization's constraints/gcp.restrictServiceUsage constraint for 'projects/861083271982' attempting to use service 'compute.googleapis.com'."}]}}
[debug] [2026-05-19T05:44:04.035Z] unable to look up default compute service account. Falling back to 861083271982-compute@developer.gserviceaccount.com. Error: {"name":"FirebaseError","children":[],"context":{"body":{"error":{"code":403,"message":"Request is disallowed by organization's constraints/gcp.restrictServiceUsage constraint for 'projects/861083271982' attempting to use service 'compute.googleapis.com'.","errors":[{"message":"Request is disallowed by organization's constraints/gcp.restrictServiceUsage constraint for 'projects/861083271982' attempting to use service 'compute.googleapis.com'.","domain":"global","reason":"forbidden"}],"status":"PERMISSION_DENIED","details":[{"@type":"type.googleapis.com/google.rpc.ErrorInfo","reason":"RESOURCE_USAGE_RESTRICTION_VIOLATED","domain":"googleapis.com","metadata":{"consumer":"projects/861083271982","service":"compute.googleapis.com"}},{"@type":"type.googleapis.com/google.rpc.LocalizedMessage","locale":"en-US","message":"Request is disallowed by organization's constraints/gcp.restrictServiceUsage constraint for 'projects/861083271982' attempting to use service 'compute.googleapis.com'."}]}},"response":{"statusCode":403}},"exit":1,"message":"Request to https://compute.googleapis.com/compute/v1/projects/861083271982 had HTTP Error: 403, Request is disallowed by organization's constraints/gcp.restrictServiceUsage constraint for 'projects/861083271982' attempting to use service 'compute.googleapis.com'.","status":403}
[debug] [2026-05-19T05:44:04.036Z] No OAuth tokens found
[debug] [2026-05-19T05:44:04.036Z] >>> [apiv2][query] GET https://cloudbilling.googleapis.com/v1/projects/ai-logic-demos/billingInfo [none]
[debug] [2026-05-19T05:44:04.487Z] <<< [apiv2][status] GET https://cloudbilling.googleapis.com/v1/projects/ai-logic-demos/billingInfo 200
[debug] [2026-05-19T05:44:04.487Z] <<< [apiv2][body] GET https://cloudbilling.googleapis.com/v1/projects/ai-logic-demos/billingInfo {"name":"projects/ai-logic-demos/billingInfo","projectId":"ai-logic-demos","billingAccountName":"billingAccounts/01B0E1-2A89E8-4601C4","billingEnabled":true}
[debug] [2026-05-19T05:44:04.488Z] No OAuth tokens found
[debug] [2026-05-19T05:44:04.489Z] No OAuth tokens found
[debug] [2026-05-19T05:44:04.489Z] >>> [apiv2][query] POST https://cloudfunctions.googleapis.com/v1/projects/ai-logic-demos/locations/us-central1/functions:generateUploadUrl [none]
[debug] [2026-05-19T05:44:04.489Z] >>> [apiv2][body] POST https://cloudfunctions.googleapis.com/v1/projects/ai-logic-demos/locations/us-central1/functions:generateUploadUrl {}
[debug] [2026-05-19T05:44:04.489Z] >>> [apiv2][query] POST https://cloudfunctions.googleapis.com/v2/projects/ai-logic-demos/locations/us-central1/functions:generateUploadUrl [none]
[debug] [2026-05-19T05:44:05.027Z] <<< [apiv2][status] POST https://cloudfunctions.googleapis.com/v2/projects/ai-logic-demos/locations/us-central1/functions:generateUploadUrl 200
[debug] [2026-05-19T05:44:05.027Z] <<< [apiv2][body] POST https://cloudfunctions.googleapis.com/v2/projects/ai-logic-demos/locations/us-central1/functions:generateUploadUrl {"uploadUrl":"https://storage.googleapis.com/gcf-v2-uploads-861083271982.us-central1.cloudfunctions.appspot.com/704bd48c-adff-42c4-9e08-4a3fe6da40de.zip?GoogleAccessId=service-861083271982@gcf-admin-robot.iam.gserviceaccount.com&Expires=1779171244&Signature=A9Q88bYOsont%2BfT3MGWEH%2B3x3ZCW7bPbVa3BmC1suJFw03vVX2wBSXg5WZKY8HbOAmHcGiY0v6GCBjCa2ANXjwuFprqtVgHne9JpxQakoZXWEL9W%2BIATcAA9aaHoyr1WF1nTdr5V3Qg79Y2yqmtf6KKqoQjvgIfy%2Bn3%2FyCWH73x1f%2FBsudAkT%2FOs1ACaFIJVjDCdsdemSD8cpTb3ERNguO4FyNit5duEp0kzvaqvKAQMolM%2BuEoGZXnfzrnxewzrybbksHlS5jPhS6CjqHtDGD1V%2B%2BNmbXDCuOE3HeouAo3D%2B6jZIi0g4O9q40Dcw2pAqfs7Jis8er%2FOWteFrUB1Nw%3D%3D","storageSource":{"bucket":"gcf-v2-uploads-861083271982.us-central1.cloudfunctions.appspot.com","object":"704bd48c-adff-42c4-9e08-4a3fe6da40de.zip"}}
[debug] [2026-05-19T05:44:05.028Z] >>> [apiv2][query] PUT https://storage.googleapis.com/gcf-v2-uploads-861083271982.us-central1.cloudfunctions.appspot.com/704bd48c-adff-42c4-9e08-4a3fe6da40de.zip GoogleAccessId=service-861083271982%40gcf-admin-robot.iam.gserviceaccount.com&Expires=1779171244&Signature=A9Q88bYOsont%2BfT3MGWEH%2B3x3ZCW7bPbVa3BmC1suJFw03vVX2wBSXg5WZKY8HbOAmHcGiY0v6GCBjCa2ANXjwuFprqtVgHne9JpxQakoZXWEL9W%2BIATcAA9aaHoyr1WF1nTdr5V3Qg79Y2yqmtf6KKqoQjvgIfy%2Bn3%2FyCWH73x1f%2FBsudAkT%2FOs1ACaFIJVjDCdsdemSD8cpTb3ERNguO4FyNit5duEp0kzvaqvKAQMolM%2BuEoGZXnfzrnxewzrybbksHlS5jPhS6CjqHtDGD1V%2B%2BNmbXDCuOE3HeouAo3D%2B6jZIi0g4O9q40Dcw2pAqfs7Jis8er%2FOWteFrUB1Nw%3D%3D
[debug] [2026-05-19T05:44:05.028Z] >>> [apiv2][body] PUT https://storage.googleapis.com/gcf-v2-uploads-861083271982.us-central1.cloudfunctions.appspot.com/704bd48c-adff-42c4-9e08-4a3fe6da40de.zip [stream]
[debug] [2026-05-19T05:44:05.287Z] <<< [apiv2][status] PUT https://storage.googleapis.com/gcf-v2-uploads-861083271982.us-central1.cloudfunctions.appspot.com/704bd48c-adff-42c4-9e08-4a3fe6da40de.zip 200
[debug] [2026-05-19T05:44:05.287Z] <<< [apiv2][body] PUT https://storage.googleapis.com/gcf-v2-uploads-861083271982.us-central1.cloudfunctions.appspot.com/704bd48c-adff-42c4-9e08-4a3fe6da40de.zip [omitted]
[debug] [2026-05-19T05:44:05.334Z] <<< [apiv2][status] POST https://cloudfunctions.googleapis.com/v1/projects/ai-logic-demos/locations/us-central1/functions:generateUploadUrl 200
[debug] [2026-05-19T05:44:05.334Z] <<< [apiv2][body] POST https://cloudfunctions.googleapis.com/v1/projects/ai-logic-demos/locations/us-central1/functions:generateUploadUrl {"uploadUrl":"https://storage.googleapis.com/uploads-17595169663.us-central1.cloudfunctions.appspot.com/b8e3bedd-0274-456a-944a-252f6adca664.zip?GoogleAccessId=service-861083271982@gcf-admin-robot.iam.gserviceaccount.com&Expires=1779171245&Signature=ndEgzKC1Irf%2FwnrQpEsG5GfsgN6oq%2BL%2FciIF7mm2LZuI4JPSMJX4BFHG9SFBPCjzlUaGfiy9aJVfPegYnxsh4tvgQQL4rBui2dZlk0FZtg3C7tEfeFYmBtP3RfPxxFYascFTRUtkK2WpAmqfvQmYRwZwiKYjZNsbfnPYcHVCm1geNj5LqgJonek2pAzh%2FViiQseMxK4eoKjb2VF0U%2FXUHOKGpybExOrj2FTH0nh38ocqsBQYKN8%2FrCgqkMH14wNMl1Ps4RDRE3rBygWzW04G94ZLnkrFJKh%2FCbxydm%2FUxk3Hvt58XHEuG%2FvEDynS6iLMkH5i%2FMWFj1eMlyzgADTRKg%3D%3D"}
[debug] [2026-05-19T05:44:05.335Z] >>> [apiv2][query] PUT https://storage.googleapis.com/uploads-17595169663.us-central1.cloudfunctions.appspot.com/b8e3bedd-0274-456a-944a-252f6adca664.zip GoogleAccessId=service-861083271982%40gcf-admin-robot.iam.gserviceaccount.com&Expires=1779171245&Signature=ndEgzKC1Irf%2FwnrQpEsG5GfsgN6oq%2BL%2FciIF7mm2LZuI4JPSMJX4BFHG9SFBPCjzlUaGfiy9aJVfPegYnxsh4tvgQQL4rBui2dZlk0FZtg3C7tEfeFYmBtP3RfPxxFYascFTRUtkK2WpAmqfvQmYRwZwiKYjZNsbfnPYcHVCm1geNj5LqgJonek2pAzh%2FViiQseMxK4eoKjb2VF0U%2FXUHOKGpybExOrj2FTH0nh38ocqsBQYKN8%2FrCgqkMH14wNMl1Ps4RDRE3rBygWzW04G94ZLnkrFJKh%2FCbxydm%2FUxk3Hvt58XHEuG%2FvEDynS6iLMkH5i%2FMWFj1eMlyzgADTRKg%3D%3D
[debug] [2026-05-19T05:44:05.335Z] >>> [apiv2][body] PUT https://storage.googleapis.com/uploads-17595169663.us-central1.cloudfunctions.appspot.com/b8e3bedd-0274-456a-944a-252f6adca664.zip [stream]
[debug] [2026-05-19T05:44:05.479Z] <<< [apiv2][status] PUT https://storage.googleapis.com/uploads-17595169663.us-central1.cloudfunctions.appspot.com/b8e3bedd-0274-456a-944a-252f6adca664.zip 200
[debug] [2026-05-19T05:44:05.479Z] <<< [apiv2][body] PUT https://storage.googleapis.com/uploads-17595169663.us-central1.cloudfunctions.appspot.com/b8e3bedd-0274-456a-944a-252f6adca664.zip [omitted]
[info] ✔  functions: functions source uploaded successfully 
[info] i  functions: updating Node.js 20 (2nd Gen) function logBeforeCalls(us-central1)... 
[info] i  functions: updating Node.js 20 (2nd Gen) function refillEnergyBolts(us-central1)... 
[info] i  functions: updating Node.js 20 (2nd Gen) function onFlashcardDeleted(us-central1)... 
[info] i  functions: updating Node.js 20 (1st Gen) function onUserDeleted(us-central1)... 
[info] i  functions: updating Node.js 20 (2nd Gen) function syncUserClaims(us-central1)... 
[debug] [2026-05-19T05:44:05.483Z] No OAuth tokens found
[debug] [2026-05-19T05:44:05.483Z] No OAuth tokens found
[debug] [2026-05-19T05:44:05.483Z] >>> [apiv2][query] PATCH https://cloudfunctions.googleapis.com/v2/projects/ai-logic-demos/locations/us-central1/functions/logBeforeCalls updateMask=name%2CbuildConfig.runtime%2CbuildConfig.entryPoint%2CbuildConfig.source.storageSource.bucket%2CbuildConfig.source.storageSource.object%2CbuildConfig.environmentVariables%2CbuildConfig.sourceToken%2CserviceConfig.environmentVariables%2CserviceConfig.ingressSettings%2CserviceConfig.timeoutSeconds%2CserviceConfig.serviceAccountEmail%2CserviceConfig.availableMemory%2CserviceConfig.minInstanceCount%2CserviceConfig.maxInstanceCount%2CserviceConfig.maxInstanceRequestConcurrency%2CserviceConfig.availableCpu%2CserviceConfig.vpcConnector%2CserviceConfig.vpcConnectorEgressSettings%2CserviceConfig.directVpcNetworkInterface%2CserviceConfig.directVpcEgress%2Clabels
[debug] [2026-05-19T05:44:05.484Z] >>> [apiv2][body] PATCH https://cloudfunctions.googleapis.com/v2/projects/ai-logic-demos/locations/us-central1/functions/logBeforeCalls {"name":"projects/ai-logic-demos/locations/us-central1/functions/logBeforeCalls","buildConfig":{"runtime":"nodejs20","entryPoint":"logBeforeCalls","source":{"storageSource":{"bucket":"gcf-v2-uploads-861083271982.us-central1.cloudfunctions.appspot.com","object":"704bd48c-adff-42c4-9e08-4a3fe6da40de.zip"}},"environmentVariables":{"GOOGLE_NODE_RUN_SCRIPTS":""}},"serviceConfig":{"environmentVariables":{"FIREBASE_CONFIG":"{\"projectId\":\"ai-logic-demos\",\"storageBucket\":\"ai-logic-demos.firebasestorage.app\"}","GCLOUD_PROJECT":"ai-logic-demos","EVENTARC_CLOUD_EVENT_SOURCE":"projects/ai-logic-demos/locations/us-central1/services/logBeforeCalls","FUNCTION_TARGET":"logBeforeCalls","LOG_EXECUTION_ID":"true","FUNCTION_SIGNATURE_TYPE":"http"},"ingressSettings":null,"timeoutSeconds":null,"serviceAccountEmail":null,"availableMemory":"256Mi","minInstanceCount":null,"maxInstanceCount":null,"maxInstanceRequestConcurrency":80,"availableCpu":"1","vpcConnector":null,"vpcConnectorEgressSettings":null,"directVpcNetworkInterface":null,"directVpcEgress":null},"labels":{"deployment-tool":"cli-firebase","ailogic-event-type":"before-generate-content","ailogic-locality":"global","firebase-functions-hash":"058a68890a5fbe9246ad3d878bb86e3ffa8ca231"}}
[debug] [2026-05-19T05:44:05.484Z] >>> [apiv2][query] PATCH https://cloudfunctions.googleapis.com/v1/projects/ai-logic-demos/locations/us-central1/functions/onUserDeleted updateMask=name%2CsourceUploadUrl%2CentryPoint%2Cruntime%2CdockerRegistry%2Clabels%2CeventTrigger.eventType%2CeventTrigger.resource%2CeventTrigger.failurePolicy%2CminInstances%2CmaxInstances%2CingressSettings%2CenvironmentVariables%2CserviceAccountEmail%2CavailableMemoryMb%2Ctimeout%2CvpcConnector%2CvpcConnectorEgressSettings%2CsourceToken%2CbuildEnvironmentVariables
[debug] [2026-05-19T05:44:05.484Z] >>> [apiv2][body] PATCH https://cloudfunctions.googleapis.com/v1/projects/ai-logic-demos/locations/us-central1/functions/onUserDeleted {"name":"projects/ai-logic-demos/locations/us-central1/functions/onUserDeleted","sourceUploadUrl":"https://storage.googleapis.com/uploads-17595169663.us-central1.cloudfunctions.appspot.com/b8e3bedd-0274-456a-944a-252f6adca664.zip?GoogleAccessId=service-861083271982@gcf-admin-robot.iam.gserviceaccount.com&Expires=1779171245&Signature=ndEgzKC1Irf%2FwnrQpEsG5GfsgN6oq%2BL%2FciIF7mm2LZuI4JPSMJX4BFHG9SFBPCjzlUaGfiy9aJVfPegYnxsh4tvgQQL4rBui2dZlk0FZtg3C7tEfeFYmBtP3RfPxxFYascFTRUtkK2WpAmqfvQmYRwZwiKYjZNsbfnPYcHVCm1geNj5LqgJonek2pAzh%2FViiQseMxK4eoKjb2VF0U%2FXUHOKGpybExOrj2FTH0nh38ocqsBQYKN8%2FrCgqkMH14wNMl1Ps4RDRE3rBygWzW04G94ZLnkrFJKh%2FCbxydm%2FUxk3Hvt58XHEuG%2FvEDynS6iLMkH5i%2FMWFj1eMlyzgADTRKg%3D%3D","entryPoint":"onUserDeleted","runtime":"nodejs20","dockerRegistry":"ARTIFACT_REGISTRY","labels":{"deployment-tool":"cli-firebase","firebase-functions-hash":"dca6d861a2d8bbf75e0ad0c044afcfdcee915c78"},"eventTrigger":{"eventType":"providers/cloud.firestore/eventTypes/document.delete","resource":"projects/ai-logic-demos/databases/(default)/documents/Users/{userId}"},"minInstances":null,"maxInstances":null,"ingressSettings":null,"environmentVariables":{"FIREBASE_CONFIG":"{\"projectId\":\"ai-logic-demos\",\"storageBucket\":\"ai-logic-demos.firebasestorage.app\"}","GCLOUD_PROJECT":"ai-logic-demos","EVENTARC_CLOUD_EVENT_SOURCE":"projects/ai-logic-demos/locations/us-central1/functions/onUserDeleted"},"serviceAccountEmail":null,"availableMemoryMb":null,"timeout":null,"vpcConnector":null,"vpcConnectorEgressSettings":null,"buildEnvironmentVariables":{"GOOGLE_NODE_RUN_SCRIPTS":""}}
[debug] [2026-05-19T05:44:06.302Z] <<< [apiv2][status] PATCH https://cloudfunctions.googleapis.com/v1/projects/ai-logic-demos/locations/us-central1/functions/onUserDeleted 200
[debug] [2026-05-19T05:44:06.302Z] <<< [apiv2][body] PATCH https://cloudfunctions.googleapis.com/v1/projects/ai-logic-demos/locations/us-central1/functions/onUserDeleted {"name":"operations/YWktbG9naWMtZGVtb3MvdXMtY2VudHJhbDEvb25Vc2VyRGVsZXRlZC9SZU5WZVpWTE5iUQ","metadata":{"@type":"type.googleapis.com/google.cloud.functions.v1.OperationMetadataV1","target":"projects/ai-logic-demos/locations/us-central1/functions/onUserDeleted","type":"UPDATE_FUNCTION","request":{"@type":"type.googleapis.com/google.cloud.functions.v1.CloudFunction","name":"projects/ai-logic-demos/locations/us-central1/functions/onUserDeleted","eventTrigger":{"eventType":"providers/cloud.firestore/eventTypes/document.delete","resource":"projects/ai-logic-demos/databases/(default)/documents/Users/{userId}","service":"firestore.googleapis.com"},"status":"ACTIVE","entryPoint":"onUserDeleted","updateTime":"2026-04-10T17:37:54.285Z","versionId":"7","labels":{"deployment-tool":"cli-firebase","firebase-functions-hash":"dca6d861a2d8bbf75e0ad0c044afcfdcee915c78"},"sourceUploadUrl":"https://storage.googleapis.com/uploads-17595169663.us-central1.cloudfunctions.appspot.com/b8e3bedd-0274-456a-944a-252f6adca664.zip?GoogleAccessId=service-861083271982@gcf-admin-robot.iam.gserviceaccount.com&Expires=1779171245&Signature=ndEgzKC1Irf%2FwnrQpEsG5GfsgN6oq%2BL%2FciIF7mm2LZuI4JPSMJX4BFHG9SFBPCjzlUaGfiy9aJVfPegYnxsh4tvgQQL4rBui2dZlk0FZtg3C7tEfeFYmBtP3RfPxxFYascFTRUtkK2WpAmqfvQmYRwZwiKYjZNsbfnPYcHVCm1geNj5LqgJonek2pAzh%2FViiQseMxK4eoKjb2VF0U%2FXUHOKGpybExOrj2FTH0nh38ocqsBQYKN8%2FrCgqkMH14wNMl1Ps4RDRE3rBygWzW04G94ZLnkrFJKh%2FCbxydm%2FUxk3Hvt58XHEuG%2FvEDynS6iLMkH5i%2FMWFj1eMlyzgADTRKg%3D%3D","environmentVariables":{"FIREBASE_CONFIG":"{\"projectId\":\"ai-logic-demos\",\"storageBucket\":\"ai-logic-demos.firebasestorage.app\"}","GCLOUD_PROJECT":"ai-logic-demos","EVENTARC_CLOUD_EVENT_SOURCE":"projects/ai-logic-demos/locations/us-central1/functions/onUserDeleted"},"runtime":"nodejs20","buildId":"6b55a243-9ccd-49dc-bbbe-a577e0dc499e","buildEnvironmentVariables":{"GOOGLE_NODE_RUN_SCRIPTS":""},"buildName":"projects/861083271982/locations/us-central1/builds/6b55a243-9ccd-49dc-bbbe-a577e0dc499e","dockerRegistry":"ARTIFACT_REGISTRY","automaticUpdatePolicy":{},"buildServiceAccount":"projects/ai-logic-demos/serviceAccounts/861083271982-compute@developer.gserviceaccount.com"},"versionId":"8","updateTime":"2026-05-19T05:44:06Z"}}
[debug] [2026-05-19T05:44:06.303Z] No OAuth tokens found
[debug] [2026-05-19T05:44:06.303Z] >>> [apiv2][query] GET https://cloudfunctions.googleapis.com/v1/operations/YWktbG9naWMtZGVtb3MvdXMtY2VudHJhbDEvb25Vc2VyRGVsZXRlZC9SZU5WZVpWTE5iUQ [none]
[debug] [2026-05-19T05:44:06.468Z] <<< [apiv2][status] GET https://cloudfunctions.googleapis.com/v1/operations/YWktbG9naWMtZGVtb3MvdXMtY2VudHJhbDEvb25Vc2VyRGVsZXRlZC9SZU5WZVpWTE5iUQ 200
[debug] [2026-05-19T05:44:06.468Z] <<< [apiv2][body] GET https://cloudfunctions.googleapis.com/v1/operations/YWktbG9naWMtZGVtb3MvdXMtY2VudHJhbDEvb25Vc2VyRGVsZXRlZC9SZU5WZVpWTE5iUQ {"name":"operations/YWktbG9naWMtZGVtb3MvdXMtY2VudHJhbDEvb25Vc2VyRGVsZXRlZC9SZU5WZVpWTE5iUQ","metadata":{"@type":"type.googleapis.com/google.cloud.functions.v1.OperationMetadataV1","target":"projects/ai-logic-demos/locations/us-central1/functions/onUserDeleted","type":"UPDATE_FUNCTION","request":{"@type":"type.googleapis.com/google.cloud.functions.v1.CloudFunction","name":"projects/ai-logic-demos/locations/us-central1/functions/onUserDeleted","eventTrigger":{"eventType":"providers/cloud.firestore/eventTypes/document.delete","resource":"projects/ai-logic-demos/databases/(default)/documents/Users/{userId}","service":"firestore.googleapis.com"},"status":"ACTIVE","entryPoint":"onUserDeleted","updateTime":"2026-04-10T17:37:54.285Z","versionId":"7","labels":{"deployment-tool":"cli-firebase","firebase-functions-hash":"dca6d861a2d8bbf75e0ad0c044afcfdcee915c78"},"sourceUploadUrl":"https://storage.googleapis.com/uploads-17595169663.us-central1.cloudfunctions.appspot.com/b8e3bedd-0274-456a-944a-252f6adca664.zip?GoogleAccessId=service-861083271982@gcf-admin-robot.iam.gserviceaccount.com&Expires=1779171245&Signature=ndEgzKC1Irf%2FwnrQpEsG5GfsgN6oq%2BL%2FciIF7mm2LZuI4JPSMJX4BFHG9SFBPCjzlUaGfiy9aJVfPegYnxsh4tvgQQL4rBui2dZlk0FZtg3C7tEfeFYmBtP3RfPxxFYascFTRUtkK2WpAmqfvQmYRwZwiKYjZNsbfnPYcHVCm1geNj5LqgJonek2pAzh%2FViiQseMxK4eoKjb2VF0U%2FXUHOKGpybExOrj2FTH0nh38ocqsBQYKN8%2FrCgqkMH14wNMl1Ps4RDRE3rBygWzW04G94ZLnkrFJKh%2FCbxydm%2FUxk3Hvt58XHEuG%2FvEDynS6iLMkH5i%2FMWFj1eMlyzgADTRKg%3D%3D","environmentVariables":{"FIREBASE_CONFIG":"{\"projectId\":\"ai-logic-demos\",\"storageBucket\":\"ai-logic-demos.firebasestorage.app\"}","GCLOUD_PROJECT":"ai-logic-demos","EVENTARC_CLOUD_EVENT_SOURCE":"projects/ai-logic-demos/locations/us-central1/functions/onUserDeleted"},"runtime":"nodejs20","buildId":"6b55a243-9ccd-49dc-bbbe-a577e0dc499e","buildEnvironmentVariables":{"GOOGLE_NODE_RUN_SCRIPTS":""},"buildName":"projects/861083271982/locations/us-central1/builds/6b55a243-9ccd-49dc-bbbe-a577e0dc499e","dockerRegistry":"ARTIFACT_REGISTRY","automaticUpdatePolicy":{},"buildServiceAccount":"projects/ai-logic-demos/serviceAccounts/861083271982-compute@developer.gserviceaccount.com"},"versionId":"8","updateTime":"2026-05-19T05:44:06Z"}}
[debug] [2026-05-19T05:44:06.927Z] <<< [apiv2][status] PATCH https://cloudfunctions.googleapis.com/v2/projects/ai-logic-demos/locations/us-central1/functions/logBeforeCalls 200
[debug] [2026-05-19T05:44:06.927Z] <<< [apiv2][body] PATCH https://cloudfunctions.googleapis.com/v2/projects/ai-logic-demos/locations/us-central1/functions/logBeforeCalls {"name":"projects/ai-logic-demos/locations/us-central1/operations/operation-1779169445860-652252ad0d4d1-9d105c36-56f35c28","metadata":{"@type":"type.googleapis.com/google.cloud.functions.v2.OperationMetadata","createTime":"2026-05-19T05:44:06.872907004Z","target":"projects/ai-logic-demos/locations/us-central1/functions/logBeforeCalls","verb":"update","cancelRequested":false,"apiVersion":"v2"},"done":false}
[debug] [2026-05-19T05:44:06.928Z] No OAuth tokens found
[debug] [2026-05-19T05:44:06.928Z] >>> [apiv2][query] GET https://cloudfunctions.googleapis.com/v2/projects/ai-logic-demos/locations/us-central1/operations/operation-1779169445860-652252ad0d4d1-9d105c36-56f35c28 [none]
[debug] [2026-05-19T05:44:06.970Z] [update-default-us-central1-onUserDeleted] Retrying task index 0
[debug] [2026-05-19T05:44:06.970Z] No OAuth tokens found
[debug] [2026-05-19T05:44:06.970Z] >>> [apiv2][query] GET https://cloudfunctions.googleapis.com/v1/operations/YWktbG9naWMtZGVtb3MvdXMtY2VudHJhbDEvb25Vc2VyRGVsZXRlZC9SZU5WZVpWTE5iUQ [none]
[debug] [2026-05-19T05:44:07.147Z] <<< [apiv2][status] GET https://cloudfunctions.googleapis.com/v2/projects/ai-logic-demos/locations/us-central1/operations/operation-1779169445860-652252ad0d4d1-9d105c36-56f35c28 200
[debug] [2026-05-19T05:44:07.147Z] <<< [apiv2][body] GET https://cloudfunctions.googleapis.com/v2/projects/ai-logic-demos/locations/us-central1/operations/operation-1779169445860-652252ad0d4d1-9d105c36-56f35c28 {"name":"projects/ai-logic-demos/locations/us-central1/operations/operation-1779169445860-652252ad0d4d1-9d105c36-56f35c28","metadata":{"@type":"type.googleapis.com/google.cloud.functions.v2.OperationMetadata","createTime":"2026-05-19T05:44:06.872907004Z","target":"projects/ai-logic-demos/locations/us-central1/functions/logBeforeCalls","verb":"update","cancelRequested":false,"apiVersion":"v2","requestResource":{"@type":"type.googleapis.com/google.cloud.functions.v2.Function","name":"projects/ai-logic-demos/locations/us-central1/functions/logBeforeCalls","buildConfig":{"runtime":"nodejs20","entryPoint":"logBeforeCalls","source":{"storageSource":{"bucket":"gcf-v2-sources-861083271982-us-central1","object":"logBeforeCalls/function-source.zip","generation":"1779169446812297"}},"environmentVariables":{"GOOGLE_NODE_RUN_SCRIPTS":""},"dockerRepository":"projects/ai-logic-demos/locations/us-central1/repositories/gcf-artifacts","sourceProvenance":{"resolvedStorageSource":{"bucket":"gcf-v2-sources-861083271982-us-central1","object":"logBeforeCalls/function-source.zip","generation":"1775842618299391"}},"dockerRegistry":"ARTIFACT_REGISTRY","serviceAccount":"projects/ai-logic-demos/serviceAccounts/861083271982-compute@developer.gserviceaccount.com","automaticUpdatePolicy":{}},"serviceConfig":{"service":"projects/ai-logic-demos/locations/us-central1/services/logbeforecalls","timeoutSeconds":60,"environmentVariables":{"FIREBASE_CONFIG":"{\"projectId\":\"ai-logic-demos\",\"storageBucket\":\"ai-logic-demos.firebasestorage.app\"}","GCLOUD_PROJECT":"ai-logic-demos","EVENTARC_CLOUD_EVENT_SOURCE":"projects/ai-logic-demos/locations/us-central1/services/logBeforeCalls","FUNCTION_TARGET":"logBeforeCalls","LOG_EXECUTION_ID":"true","FUNCTION_SIGNATURE_TYPE":"http"},"ingressSettings":"ALLOW_ALL","uri":"https://logbeforecalls-e564rdz36a-uc.a.run.app","serviceAccountEmail":"861083271982-compute@developer.gserviceaccount.com","availableMemory":"256Mi","allTrafficOnLatestRevision":true,"revision":"logbeforecalls-00003-heq","maxInstanceRequestConcurrency":80,"availableCpu":"1"},"state":"ACTIVE","labels":{"deployment-tool":"cli-firebase","ailogic-event-type":"before-generate-content","ailogic-locality":"global","firebase-functions-hash":"058a68890a5fbe9246ad3d878bb86e3ffa8ca231"},"environment":"GEN_2","url":"https://us-central1-ai-logic-demos.cloudfunctions.net/logBeforeCalls","satisfiesPzi":true},"stages":[{"name":"BUILD","state":"NOT_STARTED","stateMessages":[{"severity":"WARNING","type":"BuildAnalysisWarning","message":"Node.js 20 is no longer supported by the Node.js community as of 30 April, 2026. Runtime nodejs20 is currently deprecated for Cloud Functions. We recommend you to upgrade to the latest version of Node.js as soon as possible."}]},{"name":"SERVICE","state":"NOT_STARTED"}],"operationType":"UPDATE_FUNCTION"},"done":false}
[debug] [2026-05-19T05:44:07.211Z] <<< [apiv2][status] GET https://cloudfunctions.googleapis.com/v1/operations/YWktbG9naWMtZGVtb3MvdXMtY2VudHJhbDEvb25Vc2VyRGVsZXRlZC9SZU5WZVpWTE5iUQ 200
[debug] [2026-05-19T05:44:07.211Z] <<< [apiv2][body] GET https://cloudfunctions.googleapis.com/v1/operations/YWktbG9naWMtZGVtb3MvdXMtY2VudHJhbDEvb25Vc2VyRGVsZXRlZC9SZU5WZVpWTE5iUQ {"name":"operations/YWktbG9naWMtZGVtb3MvdXMtY2VudHJhbDEvb25Vc2VyRGVsZXRlZC9SZU5WZVpWTE5iUQ","metadata":{"@type":"type.googleapis.com/google.cloud.functions.v1.OperationMetadataV1","target":"projects/ai-logic-demos/locations/us-central1/functions/onUserDeleted","type":"UPDATE_FUNCTION","request":{"@type":"type.googleapis.com/google.cloud.functions.v1.CloudFunction","name":"projects/ai-logic-demos/locations/us-central1/functions/onUserDeleted","eventTrigger":{"eventType":"providers/cloud.firestore/eventTypes/document.delete","resource":"projects/ai-logic-demos/databases/(default)/documents/Users/{userId}","service":"firestore.googleapis.com"},"status":"ACTIVE","entryPoint":"onUserDeleted","updateTime":"2026-04-10T17:37:54.285Z","versionId":"7","labels":{"deployment-tool":"cli-firebase","firebase-functions-hash":"dca6d861a2d8bbf75e0ad0c044afcfdcee915c78"},"sourceUploadUrl":"https://storage.googleapis.com/uploads-17595169663.us-central1.cloudfunctions.appspot.com/b8e3bedd-0274-456a-944a-252f6adca664.zip?GoogleAccessId=service-861083271982@gcf-admin-robot.iam.gserviceaccount.com&Expires=1779171245&Signature=ndEgzKC1Irf%2FwnrQpEsG5GfsgN6oq%2BL%2FciIF7mm2LZuI4JPSMJX4BFHG9SFBPCjzlUaGfiy9aJVfPegYnxsh4tvgQQL4rBui2dZlk0FZtg3C7tEfeFYmBtP3RfPxxFYascFTRUtkK2WpAmqfvQmYRwZwiKYjZNsbfnPYcHVCm1geNj5LqgJonek2pAzh%2FViiQseMxK4eoKjb2VF0U%2FXUHOKGpybExOrj2FTH0nh38ocqsBQYKN8%2FrCgqkMH14wNMl1Ps4RDRE3rBygWzW04G94ZLnkrFJKh%2FCbxydm%2FUxk3Hvt58XHEuG%2FvEDynS6iLMkH5i%2FMWFj1eMlyzgADTRKg%3D%3D","environmentVariables":{"FIREBASE_CONFIG":"{\"projectId\":\"ai-logic-demos\",\"storageBucket\":\"ai-logic-demos.firebasestorage.app\"}","GCLOUD_PROJECT":"ai-logic-demos","EVENTARC_CLOUD_EVENT_SOURCE":"projects/ai-logic-demos/locations/us-central1/functions/onUserDeleted"},"runtime":"nodejs20","buildId":"6b55a243-9ccd-49dc-bbbe-a577e0dc499e","buildEnvironmentVariables":{"GOOGLE_NODE_RUN_SCRIPTS":""},"buildName":"projects/861083271982/locations/us-central1/builds/6b55a243-9ccd-49dc-bbbe-a577e0dc499e","dockerRegistry":"ARTIFACT_REGISTRY","automaticUpdatePolicy":{},"buildServiceAccount":"projects/ai-logic-demos/serviceAccounts/861083271982-compute@developer.gserviceaccount.com"},"versionId":"8","updateTime":"2026-05-19T05:44:06Z"}}
[debug] [2026-05-19T05:44:07.648Z] [update-default-us-central1-logBeforeCalls] Retrying task index 0
[debug] [2026-05-19T05:44:07.649Z] No OAuth tokens found
[debug] [2026-05-19T05:44:07.649Z] >>> [apiv2][query] GET https://cloudfunctions.googleapis.com/v2/projects/ai-logic-demos/locations/us-central1/operations/operation-1779169445860-652252ad0d4d1-9d105c36-56f35c28 [none]
[debug] [2026-05-19T05:44:07.994Z] <<< [apiv2][status] GET https://cloudfunctions.googleapis.com/v2/projects/ai-logic-demos/locations/us-central1/operations/operation-1779169445860-652252ad0d4d1-9d105c36-56f35c28 200
[debug] [2026-05-19T05:44:07.994Z] <<< [apiv2][body] GET https://cloudfunctions.googleapis.com/v2/projects/ai-logic-demos/locations/us-central1/operations/operation-1779169445860-652252ad0d4d1-9d105c36-56f35c28 {"name":"projects/ai-logic-demos/locations/us-central1/operations/operation-1779169445860-652252ad0d4d1-9d105c36-56f35c28","metadata":{"@type":"type.googleapis.com/google.cloud.functions.v2.OperationMetadata","createTime":"2026-05-19T05:44:06.872907004Z","target":"projects/ai-logic-demos/locations/us-central1/functions/logBeforeCalls","verb":"update","cancelRequested":false,"apiVersion":"v2","requestResource":{"@type":"type.googleapis.com/google.cloud.functions.v2.Function","name":"projects/ai-logic-demos/locations/us-central1/functions/logBeforeCalls","buildConfig":{"runtime":"nodejs20","entryPoint":"logBeforeCalls","source":{"storageSource":{"bucket":"gcf-v2-sources-861083271982-us-central1","object":"logBeforeCalls/function-source.zip","generation":"1779169446812297"}},"environmentVariables":{"GOOGLE_NODE_RUN_SCRIPTS":""},"dockerRepository":"projects/ai-logic-demos/locations/us-central1/repositories/gcf-artifacts","sourceProvenance":{"resolvedStorageSource":{"bucket":"gcf-v2-sources-861083271982-us-central1","object":"logBeforeCalls/function-source.zip","generation":"1775842618299391"}},"dockerRegistry":"ARTIFACT_REGISTRY","serviceAccount":"projects/ai-logic-demos/serviceAccounts/861083271982-compute@developer.gserviceaccount.com","automaticUpdatePolicy":{}},"serviceConfig":{"service":"projects/ai-logic-demos/locations/us-central1/services/logbeforecalls","timeoutSeconds":60,"environmentVariables":{"FIREBASE_CONFIG":"{\"projectId\":\"ai-logic-demos\",\"storageBucket\":\"ai-logic-demos.firebasestorage.app\"}","GCLOUD_PROJECT":"ai-logic-demos","EVENTARC_CLOUD_EVENT_SOURCE":"projects/ai-logic-demos/locations/us-central1/services/logBeforeCalls","FUNCTION_TARGET":"logBeforeCalls","LOG_EXECUTION_ID":"true","FUNCTION_SIGNATURE_TYPE":"http"},"ingressSettings":"ALLOW_ALL","uri":"https://logbeforecalls-e564rdz36a-uc.a.run.app","serviceAccountEmail":"861083271982-compute@developer.gserviceaccount.com","availableMemory":"256Mi","allTrafficOnLatestRevision":true,"revision":"logbeforecalls-00003-heq","maxInstanceRequestConcurrency":80,"availableCpu":"1"},"state":"ACTIVE","labels":{"deployment-tool":"cli-firebase","ailogic-event-type":"before-generate-content","ailogic-locality":"global","firebase-functions-hash":"058a68890a5fbe9246ad3d878bb86e3ffa8ca231"},"environment":"GEN_2","url":"https://us-central1-ai-logic-demos.cloudfunctions.net/logBeforeCalls","satisfiesPzi":true},"stages":[{"name":"BUILD","message":"Build in progress","state":"IN_PROGRESS","resource":"projects/861083271982/locations/us-central1/builds/832c11a0-f5fa-4e97-bc3d-35358f898206","resourceUri":"https://console.cloud.google.com/cloud-build/builds;region=us-central1/832c11a0-f5fa-4e97-bc3d-35358f898206?project=861083271982"},{"name":"SERVICE","state":"NOT_STARTED"}],"operationType":"UPDATE_FUNCTION","buildName":"projects/861083271982/locations/us-central1/builds/832c11a0-f5fa-4e97-bc3d-35358f898206"},"done":false}
[debug] [2026-05-19T05:44:08.211Z] [update-default-us-central1-onUserDeleted] Retrying task index 0
[debug] [2026-05-19T05:44:08.212Z] No OAuth tokens found
[debug] [2026-05-19T05:44:08.212Z] >>> [apiv2][query] GET https://cloudfunctions.googleapis.com/v1/operations/YWktbG9naWMtZGVtb3MvdXMtY2VudHJhbDEvb25Vc2VyRGVsZXRlZC9SZU5WZVpWTE5iUQ [none]
[debug] [2026-05-19T05:44:08.397Z] <<< [apiv2][status] GET https://cloudfunctions.googleapis.com/v1/operations/YWktbG9naWMtZGVtb3MvdXMtY2VudHJhbDEvb25Vc2VyRGVsZXRlZC9SZU5WZVpWTE5iUQ 200
[debug] [2026-05-19T05:44:08.398Z] <<< [apiv2][body] GET https://cloudfunctions.googleapis.com/v1/operations/YWktbG9naWMtZGVtb3MvdXMtY2VudHJhbDEvb25Vc2VyRGVsZXRlZC9SZU5WZVpWTE5iUQ {"name":"operations/YWktbG9naWMtZGVtb3MvdXMtY2VudHJhbDEvb25Vc2VyRGVsZXRlZC9SZU5WZVpWTE5iUQ","metadata":{"@type":"type.googleapis.com/google.cloud.functions.v1.OperationMetadataV1","target":"projects/ai-logic-demos/locations/us-central1/functions/onUserDeleted","type":"UPDATE_FUNCTION","request":{"@type":"type.googleapis.com/google.cloud.functions.v1.CloudFunction","name":"projects/ai-logic-demos/locations/us-central1/functions/onUserDeleted","eventTrigger":{"eventType":"providers/cloud.firestore/eventTypes/document.delete","resource":"projects/ai-logic-demos/databases/(default)/documents/Users/{userId}","service":"firestore.googleapis.com"},"status":"ACTIVE","entryPoint":"onUserDeleted","updateTime":"2026-04-10T17:37:54.285Z","versionId":"7","labels":{"deployment-tool":"cli-firebase","firebase-functions-hash":"dca6d861a2d8bbf75e0ad0c044afcfdcee915c78"},"sourceUploadUrl":"https://storage.googleapis.com/uploads-17595169663.us-central1.cloudfunctions.appspot.com/b8e3bedd-0274-456a-944a-252f6adca664.zip?GoogleAccessId=service-861083271982@gcf-admin-robot.iam.gserviceaccount.com&Expires=1779171245&Signature=ndEgzKC1Irf%2FwnrQpEsG5GfsgN6oq%2BL%2FciIF7mm2LZuI4JPSMJX4BFHG9SFBPCjzlUaGfiy9aJVfPegYnxsh4tvgQQL4rBui2dZlk0FZtg3C7tEfeFYmBtP3RfPxxFYascFTRUtkK2WpAmqfvQmYRwZwiKYjZNsbfnPYcHVCm1geNj5LqgJonek2pAzh%2FViiQseMxK4eoKjb2VF0U%2FXUHOKGpybExOrj2FTH0nh38ocqsBQYKN8%2FrCgqkMH14wNMl1Ps4RDRE3rBygWzW04G94ZLnkrFJKh%2FCbxydm%2FUxk3Hvt58XHEuG%2FvEDynS6iLMkH5i%2FMWFj1eMlyzgADTRKg%3D%3D","environmentVariables":{"FIREBASE_CONFIG":"{\"projectId\":\"ai-logic-demos\",\"storageBucket\":\"ai-logic-demos.firebasestorage.app\"}","GCLOUD_PROJECT":"ai-logic-demos","EVENTARC_CLOUD_EVENT_SOURCE":"projects/ai-logic-demos/locations/us-central1/functions/onUserDeleted"},"runtime":"nodejs20","buildId":"6b55a243-9ccd-49dc-bbbe-a577e0dc499e","buildEnvironmentVariables":{"GOOGLE_NODE_RUN_SCRIPTS":""},"buildName":"projects/861083271982/locations/us-central1/builds/6b55a243-9ccd-49dc-bbbe-a577e0dc499e","dockerRegistry":"ARTIFACT_REGISTRY","automaticUpdatePolicy":{},"buildServiceAccount":"projects/ai-logic-demos/serviceAccounts/861083271982-compute@developer.gserviceaccount.com"},"versionId":"8","updateTime":"2026-05-19T05:44:06Z","buildId":"3c6d54f7-0bcf-4af8-9828-e064edd0c36b","buildName":"projects/861083271982/locations/us-central1/builds/3c6d54f7-0bcf-4af8-9828-e064edd0c36b"}}
[debug] [2026-05-19T05:44:08.995Z] [update-default-us-central1-logBeforeCalls] Retrying task index 0
[debug] [2026-05-19T05:44:08.996Z] No OAuth tokens found
[debug] [2026-05-19T05:44:08.996Z] >>> [apiv2][query] GET https://cloudfunctions.googleapis.com/v2/projects/ai-logic-demos/locations/us-central1/operations/operation-1779169445860-652252ad0d4d1-9d105c36-56f35c28 [none]
[debug] [2026-05-19T05:44:09.315Z] <<< [apiv2][status] GET https://cloudfunctions.googleapis.com/v2/projects/ai-logic-demos/locations/us-central1/operations/operation-1779169445860-652252ad0d4d1-9d105c36-56f35c28 200
[debug] [2026-05-19T05:44:09.315Z] <<< [apiv2][body] GET https://cloudfunctions.googleapis.com/v2/projects/ai-logic-demos/locations/us-central1/operations/operation-1779169445860-652252ad0d4d1-9d105c36-56f35c28 {"name":"projects/ai-logic-demos/locations/us-central1/operations/operation-1779169445860-652252ad0d4d1-9d105c36-56f35c28","metadata":{"@type":"type.googleapis.com/google.cloud.functions.v2.OperationMetadata","createTime":"2026-05-19T05:44:06.872907004Z","target":"projects/ai-logic-demos/locations/us-central1/functions/logBeforeCalls","verb":"update","cancelRequested":false,"apiVersion":"v2","requestResource":{"@type":"type.googleapis.com/google.cloud.functions.v2.Function","name":"projects/ai-logic-demos/locations/us-central1/functions/logBeforeCalls","buildConfig":{"runtime":"nodejs20","entryPoint":"logBeforeCalls","source":{"storageSource":{"bucket":"gcf-v2-sources-861083271982-us-central1","object":"logBeforeCalls/function-source.zip","generation":"1779169446812297"}},"environmentVariables":{"GOOGLE_NODE_RUN_SCRIPTS":""},"dockerRepository":"projects/ai-logic-demos/locations/us-central1/repositories/gcf-artifacts","sourceProvenance":{"resolvedStorageSource":{"bucket":"gcf-v2-sources-861083271982-us-central1","object":"logBeforeCalls/function-source.zip","generation":"1775842618299391"}},"dockerRegistry":"ARTIFACT_REGISTRY","serviceAccount":"projects/ai-logic-demos/serviceAccounts/861083271982-compute@developer.gserviceaccount.com","automaticUpdatePolicy":{}},"serviceConfig":{"service":"projects/ai-logic-demos/locations/us-central1/services/logbeforecalls","timeoutSeconds":60,"environmentVariables":{"FIREBASE_CONFIG":"{\"projectId\":\"ai-logic-demos\",\"storageBucket\":\"ai-logic-demos.firebasestorage.app\"}","GCLOUD_PROJECT":"ai-logic-demos","EVENTARC_CLOUD_EVENT_SOURCE":"projects/ai-logic-demos/locations/us-central1/services/logBeforeCalls","FUNCTION_TARGET":"logBeforeCalls","LOG_EXECUTION_ID":"true","FUNCTION_SIGNATURE_TYPE":"http"},"ingressSettings":"ALLOW_ALL","uri":"https://logbeforecalls-e564rdz36a-uc.a.run.app","serviceAccountEmail":"861083271982-compute@developer.gserviceaccount.com","availableMemory":"256Mi","allTrafficOnLatestRevision":true,"revision":"logbeforecalls-00003-heq","maxInstanceRequestConcurrency":80,"availableCpu":"1"},"state":"ACTIVE","labels":{"deployment-tool":"cli-firebase","ailogic-event-type":"before-generate-content","ailogic-locality":"global","firebase-functions-hash":"058a68890a5fbe9246ad3d878bb86e3ffa8ca231"},"environment":"GEN_2","url":"https://us-central1-ai-logic-demos.cloudfunctions.net/logBeforeCalls","satisfiesPzi":true},"stages":[{"name":"BUILD","message":"Build in progress","state":"IN_PROGRESS","resource":"projects/861083271982/locations/us-central1/builds/832c11a0-f5fa-4e97-bc3d-35358f898206","resourceUri":"https://console.cloud.google.com/cloud-build/builds;region=us-central1/832c11a0-f5fa-4e97-bc3d-35358f898206?project=861083271982"},{"name":"SERVICE","state":"NOT_STARTED"}],"operationType":"UPDATE_FUNCTION","buildName":"projects/861083271982/locations/us-central1/builds/832c11a0-f5fa-4e97-bc3d-35358f898206"},"done":false}
[debug] [2026-05-19T05:44:10.398Z] [update-default-us-central1-onUserDeleted] Retrying task index 0
[debug] [2026-05-19T05:44:10.398Z] No OAuth tokens found
[debug] [2026-05-19T05:44:10.398Z] >>> [apiv2][query] GET https://cloudfunctions.googleapis.com/v1/operations/YWktbG9naWMtZGVtb3MvdXMtY2VudHJhbDEvb25Vc2VyRGVsZXRlZC9SZU5WZVpWTE5iUQ [none]
[debug] [2026-05-19T05:44:10.752Z] <<< [apiv2][status] GET https://cloudfunctions.googleapis.com/v1/operations/YWktbG9naWMtZGVtb3MvdXMtY2VudHJhbDEvb25Vc2VyRGVsZXRlZC9SZU5WZVpWTE5iUQ 200
[debug] [2026-05-19T05:44:10.752Z] <<< [apiv2][body] GET https://cloudfunctions.googleapis.com/v1/operations/YWktbG9naWMtZGVtb3MvdXMtY2VudHJhbDEvb25Vc2VyRGVsZXRlZC9SZU5WZVpWTE5iUQ {"name":"operations/YWktbG9naWMtZGVtb3MvdXMtY2VudHJhbDEvb25Vc2VyRGVsZXRlZC9SZU5WZVpWTE5iUQ","metadata":{"@type":"type.googleapis.com/google.cloud.functions.v1.OperationMetadataV1","target":"projects/ai-logic-demos/locations/us-central1/functions/onUserDeleted","type":"UPDATE_FUNCTION","request":{"@type":"type.googleapis.com/google.cloud.functions.v1.CloudFunction","name":"projects/ai-logic-demos/locations/us-central1/functions/onUserDeleted","eventTrigger":{"eventType":"providers/cloud.firestore/eventTypes/document.delete","resource":"projects/ai-logic-demos/databases/(default)/documents/Users/{userId}","service":"firestore.googleapis.com"},"status":"ACTIVE","entryPoint":"onUserDeleted","updateTime":"2026-04-10T17:37:54.285Z","versionId":"7","labels":{"deployment-tool":"cli-firebase","firebase-functions-hash":"dca6d861a2d8bbf75e0ad0c044afcfdcee915c78"},"sourceUploadUrl":"https://storage.googleapis.com/uploads-17595169663.us-central1.cloudfunctions.appspot.com/b8e3bedd-0274-456a-944a-252f6adca664.zip?GoogleAccessId=service-861083271982@gcf-admin-robot.iam.gserviceaccount.com&Expires=1779171245&Signature=ndEgzKC1Irf%2FwnrQpEsG5GfsgN6oq%2BL%2FciIF7mm2LZuI4JPSMJX4BFHG9SFBPCjzlUaGfiy9aJVfPegYnxsh4tvgQQL4rBui2dZlk0FZtg3C7tEfeFYmBtP3RfPxxFYascFTRUtkK2WpAmqfvQmYRwZwiKYjZNsbfnPYcHVCm1geNj5LqgJonek2pAzh%2FViiQseMxK4eoKjb2VF0U%2FXUHOKGpybExOrj2FTH0nh38ocqsBQYKN8%2FrCgqkMH14wNMl1Ps4RDRE3rBygWzW04G94ZLnkrFJKh%2FCbxydm%2FUxk3Hvt58XHEuG%2FvEDynS6iLMkH5i%2FMWFj1eMlyzgADTRKg%3D%3D","environmentVariables":{"FIREBASE_CONFIG":"{\"projectId\":\"ai-logic-demos\",\"storageBucket\":\"ai-logic-demos.firebasestorage.app\"}","GCLOUD_PROJECT":"ai-logic-demos","EVENTARC_CLOUD_EVENT_SOURCE":"projects/ai-logic-demos/locations/us-central1/functions/onUserDeleted"},"runtime":"nodejs20","buildId":"6b55a243-9ccd-49dc-bbbe-a577e0dc499e","buildEnvironmentVariables":{"GOOGLE_NODE_RUN_SCRIPTS":""},"buildName":"projects/861083271982/locations/us-central1/builds/6b55a243-9ccd-49dc-bbbe-a577e0dc499e","dockerRegistry":"ARTIFACT_REGISTRY","automaticUpdatePolicy":{},"buildServiceAccount":"projects/ai-logic-demos/serviceAccounts/861083271982-compute@developer.gserviceaccount.com"},"versionId":"8","updateTime":"2026-05-19T05:44:06Z","buildId":"3c6d54f7-0bcf-4af8-9828-e064edd0c36b","buildName":"projects/861083271982/locations/us-central1/builds/3c6d54f7-0bcf-4af8-9828-e064edd0c36b"}}
[debug] [2026-05-19T05:44:11.316Z] [update-default-us-central1-logBeforeCalls] Retrying task index 0
[debug] [2026-05-19T05:44:11.317Z] No OAuth tokens found
[debug] [2026-05-19T05:44:11.318Z] >>> [apiv2][query] GET https://cloudfunctions.googleapis.com/v2/projects/ai-logic-demos/locations/us-central1/operations/operation-1779169445860-652252ad0d4d1-9d105c36-56f35c28 [none]
[debug] [2026-05-19T05:44:11.639Z] <<< [apiv2][status] GET https://cloudfunctions.googleapis.com/v2/projects/ai-logic-demos/locations/us-central1/operations/operation-1779169445860-652252ad0d4d1-9d105c36-56f35c28 200
[debug] [2026-05-19T05:44:11.640Z] <<< [apiv2][body] GET https://cloudfunctions.googleapis.com/v2/projects/ai-logic-demos/locations/us-central1/operations/operation-1779169445860-652252ad0d4d1-9d105c36-56f35c28 {"name":"projects/ai-logic-demos/locations/us-central1/operations/operation-1779169445860-652252ad0d4d1-9d105c36-56f35c28","metadata":{"@type":"type.googleapis.com/google.cloud.functions.v2.OperationMetadata","createTime":"2026-05-19T05:44:06.872907004Z","target":"projects/ai-logic-demos/locations/us-central1/functions/logBeforeCalls","verb":"update","cancelRequested":false,"apiVersion":"v2","requestResource":{"@type":"type.googleapis.com/google.cloud.functions.v2.Function","name":"projects/ai-logic-demos/locations/us-central1/functions/logBeforeCalls","buildConfig":{"runtime":"nodejs20","entryPoint":"logBeforeCalls","source":{"storageSource":{"bucket":"gcf-v2-sources-861083271982-us-central1","object":"logBeforeCalls/function-source.zip","generation":"1779169446812297"}},"environmentVariables":{"GOOGLE_NODE_RUN_SCRIPTS":""},"dockerRepository":"projects/ai-logic-demos/locations/us-central1/repositories/gcf-artifacts","sourceProvenance":{"resolvedStorageSource":{"bucket":"gcf-v2-sources-861083271982-us-central1","object":"logBeforeCalls/function-source.zip","generation":"1775842618299391"}},"dockerRegistry":"ARTIFACT_REGISTRY","serviceAccount":"projects/ai-logic-demos/serviceAccounts/861083271982-compute@developer.gserviceaccount.com","automaticUpdatePolicy":{}},"serviceConfig":{"service":"projects/ai-logic-demos/locations/us-central1/services/logbeforecalls","timeoutSeconds":60,"environmentVariables":{"FIREBASE_CONFIG":"{\"projectId\":\"ai-logic-demos\",\"storageBucket\":\"ai-logic-demos.firebasestorage.app\"}","GCLOUD_PROJECT":"ai-logic-demos","EVENTARC_CLOUD_EVENT_SOURCE":"projects/ai-logic-demos/locations/us-central1/services/logBeforeCalls","FUNCTION_TARGET":"logBeforeCalls","LOG_EXECUTION_ID":"true","FUNCTION_SIGNATURE_TYPE":"http"},"ingressSettings":"ALLOW_ALL","uri":"https://logbeforecalls-e564rdz36a-uc.a.run.app","serviceAccountEmail":"861083271982-compute@developer.gserviceaccount.com","availableMemory":"256Mi","allTrafficOnLatestRevision":true,"revision":"logbeforecalls-00003-heq","maxInstanceRequestConcurrency":80,"availableCpu":"1"},"state":"ACTIVE","labels":{"deployment-tool":"cli-firebase","ailogic-event-type":"before-generate-content","ailogic-locality":"global","firebase-functions-hash":"058a68890a5fbe9246ad3d878bb86e3ffa8ca231"},"environment":"GEN_2","url":"https://us-central1-ai-logic-demos.cloudfunctions.net/logBeforeCalls","satisfiesPzi":true},"stages":[{"name":"BUILD","message":"Build in progress","state":"IN_PROGRESS","resource":"projects/861083271982/locations/us-central1/builds/832c11a0-f5fa-4e97-bc3d-35358f898206","resourceUri":"https://console.cloud.google.com/cloud-build/builds;region=us-central1/832c11a0-f5fa-4e97-bc3d-35358f898206?project=861083271982"},{"name":"SERVICE","state":"NOT_STARTED"}],"operationType":"UPDATE_FUNCTION","buildName":"projects/861083271982/locations/us-central1/builds/832c11a0-f5fa-4e97-bc3d-35358f898206"},"done":false}
[debug] [2026-05-19T05:44:14.754Z] [update-default-us-central1-onUserDeleted] Retrying task index 0
[debug] [2026-05-19T05:44:14.754Z] No OAuth tokens found
[debug] [2026-05-19T05:44:14.755Z] >>> [apiv2][query] GET https://cloudfunctions.googleapis.com/v1/operations/YWktbG9naWMtZGVtb3MvdXMtY2VudHJhbDEvb25Vc2VyRGVsZXRlZC9SZU5WZVpWTE5iUQ [none]
[debug] [2026-05-19T05:44:14.911Z] <<< [apiv2][status] GET https://cloudfunctions.googleapis.com/v1/operations/YWktbG9naWMtZGVtb3MvdXMtY2VudHJhbDEvb25Vc2VyRGVsZXRlZC9SZU5WZVpWTE5iUQ 200
[debug] [2026-05-19T05:44:14.911Z] <<< [apiv2][body] GET https://cloudfunctions.googleapis.com/v1/operations/YWktbG9naWMtZGVtb3MvdXMtY2VudHJhbDEvb25Vc2VyRGVsZXRlZC9SZU5WZVpWTE5iUQ {"name":"operations/YWktbG9naWMtZGVtb3MvdXMtY2VudHJhbDEvb25Vc2VyRGVsZXRlZC9SZU5WZVpWTE5iUQ","metadata":{"@type":"type.googleapis.com/google.cloud.functions.v1.OperationMetadataV1","target":"projects/ai-logic-demos/locations/us-central1/functions/onUserDeleted","type":"UPDATE_FUNCTION","request":{"@type":"type.googleapis.com/google.cloud.functions.v1.CloudFunction","name":"projects/ai-logic-demos/locations/us-central1/functions/onUserDeleted","eventTrigger":{"eventType":"providers/cloud.firestore/eventTypes/document.delete","resource":"projects/ai-logic-demos/databases/(default)/documents/Users/{userId}","service":"firestore.googleapis.com"},"status":"ACTIVE","entryPoint":"onUserDeleted","updateTime":"2026-04-10T17:37:54.285Z","versionId":"7","labels":{"deployment-tool":"cli-firebase","firebase-functions-hash":"dca6d861a2d8bbf75e0ad0c044afcfdcee915c78"},"sourceUploadUrl":"https://storage.googleapis.com/uploads-17595169663.us-central1.cloudfunctions.appspot.com/b8e3bedd-0274-456a-944a-252f6adca664.zip?GoogleAccessId=service-861083271982@gcf-admin-robot.iam.gserviceaccount.com&Expires=1779171245&Signature=ndEgzKC1Irf%2FwnrQpEsG5GfsgN6oq%2BL%2FciIF7mm2LZuI4JPSMJX4BFHG9SFBPCjzlUaGfiy9aJVfPegYnxsh4tvgQQL4rBui2dZlk0FZtg3C7tEfeFYmBtP3RfPxxFYascFTRUtkK2WpAmqfvQmYRwZwiKYjZNsbfnPYcHVCm1geNj5LqgJonek2pAzh%2FViiQseMxK4eoKjb2VF0U%2FXUHOKGpybExOrj2FTH0nh38ocqsBQYKN8%2FrCgqkMH14wNMl1Ps4RDRE3rBygWzW04G94ZLnkrFJKh%2FCbxydm%2FUxk3Hvt58XHEuG%2FvEDynS6iLMkH5i%2FMWFj1eMlyzgADTRKg%3D%3D","environmentVariables":{"FIREBASE_CONFIG":"{\"projectId\":\"ai-logic-demos\",\"storageBucket\":\"ai-logic-demos.firebasestorage.app\"}","GCLOUD_PROJECT":"ai-logic-demos","EVENTARC_CLOUD_EVENT_SOURCE":"projects/ai-logic-demos/locations/us-central1/functions/onUserDeleted"},"runtime":"nodejs20","buildId":"6b55a243-9ccd-49dc-bbbe-a577e0dc499e","buildEnvironmentVariables":{"GOOGLE_NODE_RUN_SCRIPTS":""},"buildName":"projects/861083271982/locations/us-central1/builds/6b55a243-9ccd-49dc-bbbe-a577e0dc499e","dockerRegistry":"ARTIFACT_REGISTRY","automaticUpdatePolicy":{},"buildServiceAccount":"projects/ai-logic-demos/serviceAccounts/861083271982-compute@developer.gserviceaccount.com"},"versionId":"8","updateTime":"2026-05-19T05:44:06Z","buildId":"3c6d54f7-0bcf-4af8-9828-e064edd0c36b","buildName":"projects/861083271982/locations/us-central1/builds/3c6d54f7-0bcf-4af8-9828-e064edd0c36b"}}
[debug] [2026-05-19T05:44:15.641Z] [update-default-us-central1-logBeforeCalls] Retrying task index 0
[debug] [2026-05-19T05:44:15.642Z] No OAuth tokens found
[debug] [2026-05-19T05:44:15.642Z] >>> [apiv2][query] GET https://cloudfunctions.googleapis.com/v2/projects/ai-logic-demos/locations/us-central1/operations/operation-1779169445860-652252ad0d4d1-9d105c36-56f35c28 [none]
[debug] [2026-05-19T05:44:16.077Z] <<< [apiv2][status] GET https://cloudfunctions.googleapis.com/v2/projects/ai-logic-demos/locations/us-central1/operations/operation-1779169445860-652252ad0d4d1-9d105c36-56f35c28 200
[debug] [2026-05-19T05:44:16.078Z] <<< [apiv2][body] GET https://cloudfunctions.googleapis.com/v2/projects/ai-logic-demos/locations/us-central1/operations/operation-1779169445860-652252ad0d4d1-9d105c36-56f35c28 {"name":"projects/ai-logic-demos/locations/us-central1/operations/operation-1779169445860-652252ad0d4d1-9d105c36-56f35c28","metadata":{"@type":"type.googleapis.com/google.cloud.functions.v2.OperationMetadata","createTime":"2026-05-19T05:44:06.872907004Z","target":"projects/ai-logic-demos/locations/us-central1/functions/logBeforeCalls","verb":"update","cancelRequested":false,"apiVersion":"v2","requestResource":{"@type":"type.googleapis.com/google.cloud.functions.v2.Function","name":"projects/ai-logic-demos/locations/us-central1/functions/logBeforeCalls","buildConfig":{"runtime":"nodejs20","entryPoint":"logBeforeCalls","source":{"storageSource":{"bucket":"gcf-v2-sources-861083271982-us-central1","object":"logBeforeCalls/function-source.zip","generation":"1779169446812297"}},"environmentVariables":{"GOOGLE_NODE_RUN_SCRIPTS":""},"dockerRepository":"projects/ai-logic-demos/locations/us-central1/repositories/gcf-artifacts","sourceProvenance":{"resolvedStorageSource":{"bucket":"gcf-v2-sources-861083271982-us-central1","object":"logBeforeCalls/function-source.zip","generation":"1775842618299391"}},"dockerRegistry":"ARTIFACT_REGISTRY","serviceAccount":"projects/ai-logic-demos/serviceAccounts/861083271982-compute@developer.gserviceaccount.com","automaticUpdatePolicy":{}},"serviceConfig":{"service":"projects/ai-logic-demos/locations/us-central1/services/logbeforecalls","timeoutSeconds":60,"environmentVariables":{"FIREBASE_CONFIG":"{\"projectId\":\"ai-logic-demos\",\"storageBucket\":\"ai-logic-demos.firebasestorage.app\"}","GCLOUD_PROJECT":"ai-logic-demos","EVENTARC_CLOUD_EVENT_SOURCE":"projects/ai-logic-demos/locations/us-central1/services/logBeforeCalls","FUNCTION_TARGET":"logBeforeCalls","LOG_EXECUTION_ID":"true","FUNCTION_SIGNATURE_TYPE":"http"},"ingressSettings":"ALLOW_ALL","uri":"https://logbeforecalls-e564rdz36a-uc.a.run.app","serviceAccountEmail":"861083271982-compute@developer.gserviceaccount.com","availableMemory":"256Mi","allTrafficOnLatestRevision":true,"revision":"logbeforecalls-00003-heq","maxInstanceRequestConcurrency":80,"availableCpu":"1"},"state":"ACTIVE","labels":{"deployment-tool":"cli-firebase","ailogic-event-type":"before-generate-content","ailogic-locality":"global","firebase-functions-hash":"058a68890a5fbe9246ad3d878bb86e3ffa8ca231"},"environment":"GEN_2","url":"https://us-central1-ai-logic-demos.cloudfunctions.net/logBeforeCalls","satisfiesPzi":true},"stages":[{"name":"BUILD","message":"Build in progress","state":"IN_PROGRESS","resource":"projects/861083271982/locations/us-central1/builds/832c11a0-f5fa-4e97-bc3d-35358f898206","resourceUri":"https://console.cloud.google.com/cloud-build/builds;region=us-central1/832c11a0-f5fa-4e97-bc3d-35358f898206?project=861083271982"},{"name":"SERVICE","state":"NOT_STARTED"}],"operationType":"UPDATE_FUNCTION","buildName":"projects/861083271982/locations/us-central1/builds/832c11a0-f5fa-4e97-bc3d-35358f898206"},"done":false}
[debug] [2026-05-19T05:44:22.913Z] [update-default-us-central1-onUserDeleted] Retrying task index 0
[debug] [2026-05-19T05:44:22.914Z] No OAuth tokens found
[debug] [2026-05-19T05:44:22.914Z] >>> [apiv2][query] GET https://cloudfunctions.googleapis.com/v1/operations/YWktbG9naWMtZGVtb3MvdXMtY2VudHJhbDEvb25Vc2VyRGVsZXRlZC9SZU5WZVpWTE5iUQ [none]
[debug] [2026-05-19T05:44:23.226Z] <<< [apiv2][status] GET https://cloudfunctions.googleapis.com/v1/operations/YWktbG9naWMtZGVtb3MvdXMtY2VudHJhbDEvb25Vc2VyRGVsZXRlZC9SZU5WZVpWTE5iUQ 200
[debug] [2026-05-19T05:44:23.227Z] <<< [apiv2][body] GET https://cloudfunctions.googleapis.com/v1/operations/YWktbG9naWMtZGVtb3MvdXMtY2VudHJhbDEvb25Vc2VyRGVsZXRlZC9SZU5WZVpWTE5iUQ {"name":"operations/YWktbG9naWMtZGVtb3MvdXMtY2VudHJhbDEvb25Vc2VyRGVsZXRlZC9SZU5WZVpWTE5iUQ","metadata":{"@type":"type.googleapis.com/google.cloud.functions.v1.OperationMetadataV1","target":"projects/ai-logic-demos/locations/us-central1/functions/onUserDeleted","type":"UPDATE_FUNCTION","request":{"@type":"type.googleapis.com/google.cloud.functions.v1.CloudFunction","name":"projects/ai-logic-demos/locations/us-central1/functions/onUserDeleted","eventTrigger":{"eventType":"providers/cloud.firestore/eventTypes/document.delete","resource":"projects/ai-logic-demos/databases/(default)/documents/Users/{userId}","service":"firestore.googleapis.com"},"status":"ACTIVE","entryPoint":"onUserDeleted","updateTime":"2026-04-10T17:37:54.285Z","versionId":"7","labels":{"deployment-tool":"cli-firebase","firebase-functions-hash":"dca6d861a2d8bbf75e0ad0c044afcfdcee915c78"},"sourceUploadUrl":"https://storage.googleapis.com/uploads-17595169663.us-central1.cloudfunctions.appspot.com/b8e3bedd-0274-456a-944a-252f6adca664.zip?GoogleAccessId=service-861083271982@gcf-admin-robot.iam.gserviceaccount.com&Expires=1779171245&Signature=ndEgzKC1Irf%2FwnrQpEsG5GfsgN6oq%2BL%2FciIF7mm2LZuI4JPSMJX4BFHG9SFBPCjzlUaGfiy9aJVfPegYnxsh4tvgQQL4rBui2dZlk0FZtg3C7tEfeFYmBtP3RfPxxFYascFTRUtkK2WpAmqfvQmYRwZwiKYjZNsbfnPYcHVCm1geNj5LqgJonek2pAzh%2FViiQseMxK4eoKjb2VF0U%2FXUHOKGpybExOrj2FTH0nh38ocqsBQYKN8%2FrCgqkMH14wNMl1Ps4RDRE3rBygWzW04G94ZLnkrFJKh%2FCbxydm%2FUxk3Hvt58XHEuG%2FvEDynS6iLMkH5i%2FMWFj1eMlyzgADTRKg%3D%3D","environmentVariables":{"FIREBASE_CONFIG":"{\"projectId\":\"ai-logic-demos\",\"storageBucket\":\"ai-logic-demos.firebasestorage.app\"}","GCLOUD_PROJECT":"ai-logic-demos","EVENTARC_CLOUD_EVENT_SOURCE":"projects/ai-logic-demos/locations/us-central1/functions/onUserDeleted"},"runtime":"nodejs20","buildId":"6b55a243-9ccd-49dc-bbbe-a577e0dc499e","buildEnvironmentVariables":{"GOOGLE_NODE_RUN_SCRIPTS":""},"buildName":"projects/861083271982/locations/us-central1/builds/6b55a243-9ccd-49dc-bbbe-a577e0dc499e","dockerRegistry":"ARTIFACT_REGISTRY","automaticUpdatePolicy":{},"buildServiceAccount":"projects/ai-logic-demos/serviceAccounts/861083271982-compute@developer.gserviceaccount.com"},"versionId":"8","updateTime":"2026-05-19T05:44:06Z","buildId":"3c6d54f7-0bcf-4af8-9828-e064edd0c36b","buildName":"projects/861083271982/locations/us-central1/builds/3c6d54f7-0bcf-4af8-9828-e064edd0c36b"}}
[debug] [2026-05-19T05:44:24.079Z] [update-default-us-central1-logBeforeCalls] Retrying task index 0
[debug] [2026-05-19T05:44:24.080Z] No OAuth tokens found
[debug] [2026-05-19T05:44:24.080Z] >>> [apiv2][query] GET https://cloudfunctions.googleapis.com/v2/projects/ai-logic-demos/locations/us-central1/operations/operation-1779169445860-652252ad0d4d1-9d105c36-56f35c28 [none]
[debug] [2026-05-19T05:44:24.308Z] <<< [apiv2][status] GET https://cloudfunctions.googleapis.com/v2/projects/ai-logic-demos/locations/us-central1/operations/operation-1779169445860-652252ad0d4d1-9d105c36-56f35c28 200
[debug] [2026-05-19T05:44:24.309Z] <<< [apiv2][body] GET https://cloudfunctions.googleapis.com/v2/projects/ai-logic-demos/locations/us-central1/operations/operation-1779169445860-652252ad0d4d1-9d105c36-56f35c28 {"name":"projects/ai-logic-demos/locations/us-central1/operations/operation-1779169445860-652252ad0d4d1-9d105c36-56f35c28","metadata":{"@type":"type.googleapis.com/google.cloud.functions.v2.OperationMetadata","createTime":"2026-05-19T05:44:06.872907004Z","target":"projects/ai-logic-demos/locations/us-central1/functions/logBeforeCalls","verb":"update","cancelRequested":false,"apiVersion":"v2","requestResource":{"@type":"type.googleapis.com/google.cloud.functions.v2.Function","name":"projects/ai-logic-demos/locations/us-central1/functions/logBeforeCalls","buildConfig":{"runtime":"nodejs20","entryPoint":"logBeforeCalls","source":{"storageSource":{"bucket":"gcf-v2-sources-861083271982-us-central1","object":"logBeforeCalls/function-source.zip","generation":"1779169446812297"}},"environmentVariables":{"GOOGLE_NODE_RUN_SCRIPTS":""},"dockerRepository":"projects/ai-logic-demos/locations/us-central1/repositories/gcf-artifacts","sourceProvenance":{"resolvedStorageSource":{"bucket":"gcf-v2-sources-861083271982-us-central1","object":"logBeforeCalls/function-source.zip","generation":"1775842618299391"}},"dockerRegistry":"ARTIFACT_REGISTRY","serviceAccount":"projects/ai-logic-demos/serviceAccounts/861083271982-compute@developer.gserviceaccount.com","automaticUpdatePolicy":{}},"serviceConfig":{"service":"projects/ai-logic-demos/locations/us-central1/services/logbeforecalls","timeoutSeconds":60,"environmentVariables":{"FIREBASE_CONFIG":"{\"projectId\":\"ai-logic-demos\",\"storageBucket\":\"ai-logic-demos.firebasestorage.app\"}","GCLOUD_PROJECT":"ai-logic-demos","EVENTARC_CLOUD_EVENT_SOURCE":"projects/ai-logic-demos/locations/us-central1/services/logBeforeCalls","FUNCTION_TARGET":"logBeforeCalls","LOG_EXECUTION_ID":"true","FUNCTION_SIGNATURE_TYPE":"http"},"ingressSettings":"ALLOW_ALL","uri":"https://logbeforecalls-e564rdz36a-uc.a.run.app","serviceAccountEmail":"861083271982-compute@developer.gserviceaccount.com","availableMemory":"256Mi","allTrafficOnLatestRevision":true,"revision":"logbeforecalls-00003-heq","maxInstanceRequestConcurrency":80,"availableCpu":"1"},"state":"ACTIVE","labels":{"deployment-tool":"cli-firebase","ailogic-event-type":"before-generate-content","ailogic-locality":"global","firebase-functions-hash":"058a68890a5fbe9246ad3d878bb86e3ffa8ca231"},"environment":"GEN_2","url":"https://us-central1-ai-logic-demos.cloudfunctions.net/logBeforeCalls","satisfiesPzi":true},"stages":[{"name":"BUILD","message":"Build in progress","state":"IN_PROGRESS","resource":"projects/861083271982/locations/us-central1/builds/832c11a0-f5fa-4e97-bc3d-35358f898206","resourceUri":"https://console.cloud.google.com/cloud-build/builds;region=us-central1/832c11a0-f5fa-4e97-bc3d-35358f898206?project=861083271982"},{"name":"SERVICE","state":"NOT_STARTED"}],"operationType":"UPDATE_FUNCTION","buildName":"projects/861083271982/locations/us-central1/builds/832c11a0-f5fa-4e97-bc3d-35358f898206"},"done":false}
[debug] [2026-05-19T05:44:33.228Z] [update-default-us-central1-onUserDeleted] Retrying task index 0
[debug] [2026-05-19T05:44:33.229Z] No OAuth tokens found
[debug] [2026-05-19T05:44:33.229Z] >>> [apiv2][query] GET https://cloudfunctions.googleapis.com/v1/operations/YWktbG9naWMtZGVtb3MvdXMtY2VudHJhbDEvb25Vc2VyRGVsZXRlZC9SZU5WZVpWTE5iUQ [none]
[debug] [2026-05-19T05:44:33.514Z] <<< [apiv2][status] GET https://cloudfunctions.googleapis.com/v1/operations/YWktbG9naWMtZGVtb3MvdXMtY2VudHJhbDEvb25Vc2VyRGVsZXRlZC9SZU5WZVpWTE5iUQ 200
[debug] [2026-05-19T05:44:33.514Z] <<< [apiv2][body] GET https://cloudfunctions.googleapis.com/v1/operations/YWktbG9naWMtZGVtb3MvdXMtY2VudHJhbDEvb25Vc2VyRGVsZXRlZC9SZU5WZVpWTE5iUQ {"name":"operations/YWktbG9naWMtZGVtb3MvdXMtY2VudHJhbDEvb25Vc2VyRGVsZXRlZC9SZU5WZVpWTE5iUQ","metadata":{"@type":"type.googleapis.com/google.cloud.functions.v1.OperationMetadataV1","target":"projects/ai-logic-demos/locations/us-central1/functions/onUserDeleted","type":"UPDATE_FUNCTION","request":{"@type":"type.googleapis.com/google.cloud.functions.v1.CloudFunction","name":"projects/ai-logic-demos/locations/us-central1/functions/onUserDeleted","eventTrigger":{"eventType":"providers/cloud.firestore/eventTypes/document.delete","resource":"projects/ai-logic-demos/databases/(default)/documents/Users/{userId}","service":"firestore.googleapis.com"},"status":"ACTIVE","entryPoint":"onUserDeleted","updateTime":"2026-04-10T17:37:54.285Z","versionId":"7","labels":{"deployment-tool":"cli-firebase","firebase-functions-hash":"dca6d861a2d8bbf75e0ad0c044afcfdcee915c78"},"sourceUploadUrl":"https://storage.googleapis.com/uploads-17595169663.us-central1.cloudfunctions.appspot.com/b8e3bedd-0274-456a-944a-252f6adca664.zip?GoogleAccessId=service-861083271982@gcf-admin-robot.iam.gserviceaccount.com&Expires=1779171245&Signature=ndEgzKC1Irf%2FwnrQpEsG5GfsgN6oq%2BL%2FciIF7mm2LZuI4JPSMJX4BFHG9SFBPCjzlUaGfiy9aJVfPegYnxsh4tvgQQL4rBui2dZlk0FZtg3C7tEfeFYmBtP3RfPxxFYascFTRUtkK2WpAmqfvQmYRwZwiKYjZNsbfnPYcHVCm1geNj5LqgJonek2pAzh%2FViiQseMxK4eoKjb2VF0U%2FXUHOKGpybExOrj2FTH0nh38ocqsBQYKN8%2FrCgqkMH14wNMl1Ps4RDRE3rBygWzW04G94ZLnkrFJKh%2FCbxydm%2FUxk3Hvt58XHEuG%2FvEDynS6iLMkH5i%2FMWFj1eMlyzgADTRKg%3D%3D","environmentVariables":{"FIREBASE_CONFIG":"{\"projectId\":\"ai-logic-demos\",\"storageBucket\":\"ai-logic-demos.firebasestorage.app\"}","GCLOUD_PROJECT":"ai-logic-demos","EVENTARC_CLOUD_EVENT_SOURCE":"projects/ai-logic-demos/locations/us-central1/functions/onUserDeleted"},"runtime":"nodejs20","buildId":"6b55a243-9ccd-49dc-bbbe-a577e0dc499e","buildEnvironmentVariables":{"GOOGLE_NODE_RUN_SCRIPTS":""},"buildName":"projects/861083271982/locations/us-central1/builds/6b55a243-9ccd-49dc-bbbe-a577e0dc499e","dockerRegistry":"ARTIFACT_REGISTRY","automaticUpdatePolicy":{},"buildServiceAccount":"projects/ai-logic-demos/serviceAccounts/861083271982-compute@developer.gserviceaccount.com"},"versionId":"8","updateTime":"2026-05-19T05:44:06Z","buildId":"3c6d54f7-0bcf-4af8-9828-e064edd0c36b","buildName":"projects/861083271982/locations/us-central1/builds/3c6d54f7-0bcf-4af8-9828-e064edd0c36b"}}
[debug] [2026-05-19T05:44:34.309Z] [update-default-us-central1-logBeforeCalls] Retrying task index 0
[debug] [2026-05-19T05:44:34.310Z] No OAuth tokens found
[debug] [2026-05-19T05:44:34.310Z] >>> [apiv2][query] GET https://cloudfunctions.googleapis.com/v2/projects/ai-logic-demos/locations/us-central1/operations/operation-1779169445860-652252ad0d4d1-9d105c36-56f35c28 [none]
[debug] [2026-05-19T05:44:34.715Z] <<< [apiv2][status] GET https://cloudfunctions.googleapis.com/v2/projects/ai-logic-demos/locations/us-central1/operations/operation-1779169445860-652252ad0d4d1-9d105c36-56f35c28 200
[debug] [2026-05-19T05:44:34.716Z] <<< [apiv2][body] GET https://cloudfunctions.googleapis.com/v2/projects/ai-logic-demos/locations/us-central1/operations/operation-1779169445860-652252ad0d4d1-9d105c36-56f35c28 {"name":"projects/ai-logic-demos/locations/us-central1/operations/operation-1779169445860-652252ad0d4d1-9d105c36-56f35c28","metadata":{"@type":"type.googleapis.com/google.cloud.functions.v2.OperationMetadata","createTime":"2026-05-19T05:44:06.872907004Z","target":"projects/ai-logic-demos/locations/us-central1/functions/logBeforeCalls","verb":"update","cancelRequested":false,"apiVersion":"v2","requestResource":{"@type":"type.googleapis.com/google.cloud.functions.v2.Function","name":"projects/ai-logic-demos/locations/us-central1/functions/logBeforeCalls","buildConfig":{"runtime":"nodejs20","entryPoint":"logBeforeCalls","source":{"storageSource":{"bucket":"gcf-v2-sources-861083271982-us-central1","object":"logBeforeCalls/function-source.zip","generation":"1779169446812297"}},"environmentVariables":{"GOOGLE_NODE_RUN_SCRIPTS":""},"dockerRepository":"projects/ai-logic-demos/locations/us-central1/repositories/gcf-artifacts","sourceProvenance":{"resolvedStorageSource":{"bucket":"gcf-v2-sources-861083271982-us-central1","object":"logBeforeCalls/function-source.zip","generation":"1775842618299391"}},"dockerRegistry":"ARTIFACT_REGISTRY","serviceAccount":"projects/ai-logic-demos/serviceAccounts/861083271982-compute@developer.gserviceaccount.com","automaticUpdatePolicy":{}},"serviceConfig":{"service":"projects/ai-logic-demos/locations/us-central1/services/logbeforecalls","timeoutSeconds":60,"environmentVariables":{"FIREBASE_CONFIG":"{\"projectId\":\"ai-logic-demos\",\"storageBucket\":\"ai-logic-demos.firebasestorage.app\"}","GCLOUD_PROJECT":"ai-logic-demos","EVENTARC_CLOUD_EVENT_SOURCE":"projects/ai-logic-demos/locations/us-central1/services/logBeforeCalls","FUNCTION_TARGET":"logBeforeCalls","LOG_EXECUTION_ID":"true","FUNCTION_SIGNATURE_TYPE":"http"},"ingressSettings":"ALLOW_ALL","uri":"https://logbeforecalls-e564rdz36a-uc.a.run.app","serviceAccountEmail":"861083271982-compute@developer.gserviceaccount.com","availableMemory":"256Mi","allTrafficOnLatestRevision":true,"revision":"logbeforecalls-00003-heq","maxInstanceRequestConcurrency":80,"availableCpu":"1"},"state":"ACTIVE","labels":{"deployment-tool":"cli-firebase","ailogic-event-type":"before-generate-content","ailogic-locality":"global","firebase-functions-hash":"058a68890a5fbe9246ad3d878bb86e3ffa8ca231"},"environment":"GEN_2","url":"https://us-central1-ai-logic-demos.cloudfunctions.net/logBeforeCalls","satisfiesPzi":true},"stages":[{"name":"BUILD","message":"Build in progress","state":"IN_PROGRESS","resource":"projects/861083271982/locations/us-central1/builds/832c11a0-f5fa-4e97-bc3d-35358f898206","resourceUri":"https://console.cloud.google.com/cloud-build/builds;region=us-central1/832c11a0-f5fa-4e97-bc3d-35358f898206?project=861083271982"},{"name":"SERVICE","state":"NOT_STARTED"}],"operationType":"UPDATE_FUNCTION","buildName":"projects/861083271982/locations/us-central1/builds/832c11a0-f5fa-4e97-bc3d-35358f898206"},"done":false}
[debug] [2026-05-19T05:44:43.515Z] [update-default-us-central1-onUserDeleted] Retrying task index 0
[debug] [2026-05-19T05:44:43.516Z] No OAuth tokens found
[debug] [2026-05-19T05:44:43.516Z] >>> [apiv2][query] GET https://cloudfunctions.googleapis.com/v1/operations/YWktbG9naWMtZGVtb3MvdXMtY2VudHJhbDEvb25Vc2VyRGVsZXRlZC9SZU5WZVpWTE5iUQ [none]
[debug] [2026-05-19T05:44:43.938Z] <<< [apiv2][status] GET https://cloudfunctions.googleapis.com/v1/operations/YWktbG9naWMtZGVtb3MvdXMtY2VudHJhbDEvb25Vc2VyRGVsZXRlZC9SZU5WZVpWTE5iUQ 200
[debug] [2026-05-19T05:44:43.938Z] <<< [apiv2][body] GET https://cloudfunctions.googleapis.com/v1/operations/YWktbG9naWMtZGVtb3MvdXMtY2VudHJhbDEvb25Vc2VyRGVsZXRlZC9SZU5WZVpWTE5iUQ {"name":"operations/YWktbG9naWMtZGVtb3MvdXMtY2VudHJhbDEvb25Vc2VyRGVsZXRlZC9SZU5WZVpWTE5iUQ","metadata":{"@type":"type.googleapis.com/google.cloud.functions.v1.OperationMetadataV1","target":"projects/ai-logic-demos/locations/us-central1/functions/onUserDeleted","type":"UPDATE_FUNCTION","request":{"@type":"type.googleapis.com/google.cloud.functions.v1.CloudFunction","name":"projects/ai-logic-demos/locations/us-central1/functions/onUserDeleted","eventTrigger":{"eventType":"providers/cloud.firestore/eventTypes/document.delete","resource":"projects/ai-logic-demos/databases/(default)/documents/Users/{userId}","service":"firestore.googleapis.com"},"status":"ACTIVE","entryPoint":"onUserDeleted","updateTime":"2026-04-10T17:37:54.285Z","versionId":"7","labels":{"deployment-tool":"cli-firebase","firebase-functions-hash":"dca6d861a2d8bbf75e0ad0c044afcfdcee915c78"},"sourceUploadUrl":"https://storage.googleapis.com/uploads-17595169663.us-central1.cloudfunctions.appspot.com/b8e3bedd-0274-456a-944a-252f6adca664.zip?GoogleAccessId=service-861083271982@gcf-admin-robot.iam.gserviceaccount.com&Expires=1779171245&Signature=ndEgzKC1Irf%2FwnrQpEsG5GfsgN6oq%2BL%2FciIF7mm2LZuI4JPSMJX4BFHG9SFBPCjzlUaGfiy9aJVfPegYnxsh4tvgQQL4rBui2dZlk0FZtg3C7tEfeFYmBtP3RfPxxFYascFTRUtkK2WpAmqfvQmYRwZwiKYjZNsbfnPYcHVCm1geNj5LqgJonek2pAzh%2FViiQseMxK4eoKjb2VF0U%2FXUHOKGpybExOrj2FTH0nh38ocqsBQYKN8%2FrCgqkMH14wNMl1Ps4RDRE3rBygWzW04G94ZLnkrFJKh%2FCbxydm%2FUxk3Hvt58XHEuG%2FvEDynS6iLMkH5i%2FMWFj1eMlyzgADTRKg%3D%3D","environmentVariables":{"FIREBASE_CONFIG":"{\"projectId\":\"ai-logic-demos\",\"storageBucket\":\"ai-logic-demos.firebasestorage.app\"}","GCLOUD_PROJECT":"ai-logic-demos","EVENTARC_CLOUD_EVENT_SOURCE":"projects/ai-logic-demos/locations/us-central1/functions/onUserDeleted"},"runtime":"nodejs20","buildId":"6b55a243-9ccd-49dc-bbbe-a577e0dc499e","buildEnvironmentVariables":{"GOOGLE_NODE_RUN_SCRIPTS":""},"buildName":"projects/861083271982/locations/us-central1/builds/6b55a243-9ccd-49dc-bbbe-a577e0dc499e","dockerRegistry":"ARTIFACT_REGISTRY","automaticUpdatePolicy":{},"buildServiceAccount":"projects/ai-logic-demos/serviceAccounts/861083271982-compute@developer.gserviceaccount.com"},"versionId":"8","updateTime":"2026-05-19T05:44:06Z","buildId":"3c6d54f7-0bcf-4af8-9828-e064edd0c36b","buildName":"projects/861083271982/locations/us-central1/builds/3c6d54f7-0bcf-4af8-9828-e064edd0c36b"}}
[debug] [2026-05-19T05:44:44.716Z] [update-default-us-central1-logBeforeCalls] Retrying task index 0
[debug] [2026-05-19T05:44:44.717Z] No OAuth tokens found
[debug] [2026-05-19T05:44:44.717Z] >>> [apiv2][query] GET https://cloudfunctions.googleapis.com/v2/projects/ai-logic-demos/locations/us-central1/operations/operation-1779169445860-652252ad0d4d1-9d105c36-56f35c28 [none]
[debug] [2026-05-19T05:44:45.057Z] <<< [apiv2][status] GET https://cloudfunctions.googleapis.com/v2/projects/ai-logic-demos/locations/us-central1/operations/operation-1779169445860-652252ad0d4d1-9d105c36-56f35c28 200
[debug] [2026-05-19T05:44:45.057Z] <<< [apiv2][body] GET https://cloudfunctions.googleapis.com/v2/projects/ai-logic-demos/locations/us-central1/operations/operation-1779169445860-652252ad0d4d1-9d105c36-56f35c28 {"name":"projects/ai-logic-demos/locations/us-central1/operations/operation-1779169445860-652252ad0d4d1-9d105c36-56f35c28","metadata":{"@type":"type.googleapis.com/google.cloud.functions.v2.OperationMetadata","createTime":"2026-05-19T05:44:06.872907004Z","target":"projects/ai-logic-demos/locations/us-central1/functions/logBeforeCalls","verb":"update","cancelRequested":false,"apiVersion":"v2","requestResource":{"@type":"type.googleapis.com/google.cloud.functions.v2.Function","name":"projects/ai-logic-demos/locations/us-central1/functions/logBeforeCalls","buildConfig":{"runtime":"nodejs20","entryPoint":"logBeforeCalls","source":{"storageSource":{"bucket":"gcf-v2-sources-861083271982-us-central1","object":"logBeforeCalls/function-source.zip","generation":"1779169446812297"}},"environmentVariables":{"GOOGLE_NODE_RUN_SCRIPTS":""},"dockerRepository":"projects/ai-logic-demos/locations/us-central1/repositories/gcf-artifacts","sourceProvenance":{"resolvedStorageSource":{"bucket":"gcf-v2-sources-861083271982-us-central1","object":"logBeforeCalls/function-source.zip","generation":"1775842618299391"}},"dockerRegistry":"ARTIFACT_REGISTRY","serviceAccount":"projects/ai-logic-demos/serviceAccounts/861083271982-compute@developer.gserviceaccount.com","automaticUpdatePolicy":{}},"serviceConfig":{"service":"projects/ai-logic-demos/locations/us-central1/services/logbeforecalls","timeoutSeconds":60,"environmentVariables":{"FIREBASE_CONFIG":"{\"projectId\":\"ai-logic-demos\",\"storageBucket\":\"ai-logic-demos.firebasestorage.app\"}","GCLOUD_PROJECT":"ai-logic-demos","EVENTARC_CLOUD_EVENT_SOURCE":"projects/ai-logic-demos/locations/us-central1/services/logBeforeCalls","FUNCTION_TARGET":"logBeforeCalls","LOG_EXECUTION_ID":"true","FUNCTION_SIGNATURE_TYPE":"http"},"ingressSettings":"ALLOW_ALL","uri":"https://logbeforecalls-e564rdz36a-uc.a.run.app","serviceAccountEmail":"861083271982-compute@developer.gserviceaccount.com","availableMemory":"256Mi","allTrafficOnLatestRevision":true,"revision":"logbeforecalls-00003-heq","maxInstanceRequestConcurrency":80,"availableCpu":"1"},"state":"ACTIVE","labels":{"deployment-tool":"cli-firebase","ailogic-event-type":"before-generate-content","ailogic-locality":"global","firebase-functions-hash":"058a68890a5fbe9246ad3d878bb86e3ffa8ca231"},"environment":"GEN_2","url":"https://us-central1-ai-logic-demos.cloudfunctions.net/logBeforeCalls","satisfiesPzi":true},"stages":[{"name":"BUILD","message":"Build in progress","state":"IN_PROGRESS","resource":"projects/861083271982/locations/us-central1/builds/832c11a0-f5fa-4e97-bc3d-35358f898206","resourceUri":"https://console.cloud.google.com/cloud-build/builds;region=us-central1/832c11a0-f5fa-4e97-bc3d-35358f898206?project=861083271982"},{"name":"SERVICE","state":"NOT_STARTED"}],"operationType":"UPDATE_FUNCTION","buildName":"projects/861083271982/locations/us-central1/builds/832c11a0-f5fa-4e97-bc3d-35358f898206"},"done":false}
[debug] [2026-05-19T05:44:53.939Z] [update-default-us-central1-onUserDeleted] Retrying task index 0
[debug] [2026-05-19T05:44:53.940Z] No OAuth tokens found
[debug] [2026-05-19T05:44:53.940Z] >>> [apiv2][query] GET https://cloudfunctions.googleapis.com/v1/operations/YWktbG9naWMtZGVtb3MvdXMtY2VudHJhbDEvb25Vc2VyRGVsZXRlZC9SZU5WZVpWTE5iUQ [none]
[debug] [2026-05-19T05:44:54.286Z] <<< [apiv2][status] GET https://cloudfunctions.googleapis.com/v1/operations/YWktbG9naWMtZGVtb3MvdXMtY2VudHJhbDEvb25Vc2VyRGVsZXRlZC9SZU5WZVpWTE5iUQ 200
[debug] [2026-05-19T05:44:54.286Z] <<< [apiv2][body] GET https://cloudfunctions.googleapis.com/v1/operations/YWktbG9naWMtZGVtb3MvdXMtY2VudHJhbDEvb25Vc2VyRGVsZXRlZC9SZU5WZVpWTE5iUQ {"name":"operations/YWktbG9naWMtZGVtb3MvdXMtY2VudHJhbDEvb25Vc2VyRGVsZXRlZC9SZU5WZVpWTE5iUQ","metadata":{"@type":"type.googleapis.com/google.cloud.functions.v1.OperationMetadataV1","target":"projects/ai-logic-demos/locations/us-central1/functions/onUserDeleted","type":"UPDATE_FUNCTION","request":{"@type":"type.googleapis.com/google.cloud.functions.v1.CloudFunction","name":"projects/ai-logic-demos/locations/us-central1/functions/onUserDeleted","eventTrigger":{"eventType":"providers/cloud.firestore/eventTypes/document.delete","resource":"projects/ai-logic-demos/databases/(default)/documents/Users/{userId}","service":"firestore.googleapis.com"},"status":"ACTIVE","entryPoint":"onUserDeleted","updateTime":"2026-04-10T17:37:54.285Z","versionId":"7","labels":{"deployment-tool":"cli-firebase","firebase-functions-hash":"dca6d861a2d8bbf75e0ad0c044afcfdcee915c78"},"sourceUploadUrl":"https://storage.googleapis.com/uploads-17595169663.us-central1.cloudfunctions.appspot.com/b8e3bedd-0274-456a-944a-252f6adca664.zip?GoogleAccessId=service-861083271982@gcf-admin-robot.iam.gserviceaccount.com&Expires=1779171245&Signature=ndEgzKC1Irf%2FwnrQpEsG5GfsgN6oq%2BL%2FciIF7mm2LZuI4JPSMJX4BFHG9SFBPCjzlUaGfiy9aJVfPegYnxsh4tvgQQL4rBui2dZlk0FZtg3C7tEfeFYmBtP3RfPxxFYascFTRUtkK2WpAmqfvQmYRwZwiKYjZNsbfnPYcHVCm1geNj5LqgJonek2pAzh%2FViiQseMxK4eoKjb2VF0U%2FXUHOKGpybExOrj2FTH0nh38ocqsBQYKN8%2FrCgqkMH14wNMl1Ps4RDRE3rBygWzW04G94ZLnkrFJKh%2FCbxydm%2FUxk3Hvt58XHEuG%2FvEDynS6iLMkH5i%2FMWFj1eMlyzgADTRKg%3D%3D","environmentVariables":{"FIREBASE_CONFIG":"{\"projectId\":\"ai-logic-demos\",\"storageBucket\":\"ai-logic-demos.firebasestorage.app\"}","GCLOUD_PROJECT":"ai-logic-demos","EVENTARC_CLOUD_EVENT_SOURCE":"projects/ai-logic-demos/locations/us-central1/functions/onUserDeleted"},"runtime":"nodejs20","buildId":"6b55a243-9ccd-49dc-bbbe-a577e0dc499e","buildEnvironmentVariables":{"GOOGLE_NODE_RUN_SCRIPTS":""},"buildName":"projects/861083271982/locations/us-central1/builds/6b55a243-9ccd-49dc-bbbe-a577e0dc499e","dockerRegistry":"ARTIFACT_REGISTRY","automaticUpdatePolicy":{},"buildServiceAccount":"projects/ai-logic-demos/serviceAccounts/861083271982-compute@developer.gserviceaccount.com"},"versionId":"8","updateTime":"2026-05-19T05:44:06Z","buildId":"3c6d54f7-0bcf-4af8-9828-e064edd0c36b","buildName":"projects/861083271982/locations/us-central1/builds/3c6d54f7-0bcf-4af8-9828-e064edd0c36b"}}
[debug] [2026-05-19T05:44:55.057Z] [update-default-us-central1-logBeforeCalls] Retrying task index 0
[debug] [2026-05-19T05:44:55.058Z] No OAuth tokens found
[debug] [2026-05-19T05:44:55.058Z] >>> [apiv2][query] GET https://cloudfunctions.googleapis.com/v2/projects/ai-logic-demos/locations/us-central1/operations/operation-1779169445860-652252ad0d4d1-9d105c36-56f35c28 [none]
[debug] [2026-05-19T05:44:55.454Z] <<< [apiv2][status] GET https://cloudfunctions.googleapis.com/v2/projects/ai-logic-demos/locations/us-central1/operations/operation-1779169445860-652252ad0d4d1-9d105c36-56f35c28 200
[debug] [2026-05-19T05:44:55.454Z] <<< [apiv2][body] GET https://cloudfunctions.googleapis.com/v2/projects/ai-logic-demos/locations/us-central1/operations/operation-1779169445860-652252ad0d4d1-9d105c36-56f35c28 {"name":"projects/ai-logic-demos/locations/us-central1/operations/operation-1779169445860-652252ad0d4d1-9d105c36-56f35c28","metadata":{"@type":"type.googleapis.com/google.cloud.functions.v2.OperationMetadata","createTime":"2026-05-19T05:44:06.872907004Z","target":"projects/ai-logic-demos/locations/us-central1/functions/logBeforeCalls","verb":"update","cancelRequested":false,"apiVersion":"v2","requestResource":{"@type":"type.googleapis.com/google.cloud.functions.v2.Function","name":"projects/ai-logic-demos/locations/us-central1/functions/logBeforeCalls","buildConfig":{"runtime":"nodejs20","entryPoint":"logBeforeCalls","source":{"storageSource":{"bucket":"gcf-v2-sources-861083271982-us-central1","object":"logBeforeCalls/function-source.zip","generation":"1779169446812297"}},"environmentVariables":{"GOOGLE_NODE_RUN_SCRIPTS":""},"dockerRepository":"projects/ai-logic-demos/locations/us-central1/repositories/gcf-artifacts","sourceProvenance":{"resolvedStorageSource":{"bucket":"gcf-v2-sources-861083271982-us-central1","object":"logBeforeCalls/function-source.zip","generation":"1775842618299391"}},"dockerRegistry":"ARTIFACT_REGISTRY","serviceAccount":"projects/ai-logic-demos/serviceAccounts/861083271982-compute@developer.gserviceaccount.com","automaticUpdatePolicy":{}},"serviceConfig":{"service":"projects/ai-logic-demos/locations/us-central1/services/logbeforecalls","timeoutSeconds":60,"environmentVariables":{"FIREBASE_CONFIG":"{\"projectId\":\"ai-logic-demos\",\"storageBucket\":\"ai-logic-demos.firebasestorage.app\"}","GCLOUD_PROJECT":"ai-logic-demos","EVENTARC_CLOUD_EVENT_SOURCE":"projects/ai-logic-demos/locations/us-central1/services/logBeforeCalls","FUNCTION_TARGET":"logBeforeCalls","LOG_EXECUTION_ID":"true","FUNCTION_SIGNATURE_TYPE":"http"},"ingressSettings":"ALLOW_ALL","uri":"https://logbeforecalls-e564rdz36a-uc.a.run.app","serviceAccountEmail":"861083271982-compute@developer.gserviceaccount.com","availableMemory":"256Mi","allTrafficOnLatestRevision":true,"revision":"logbeforecalls-00003-heq","maxInstanceRequestConcurrency":80,"availableCpu":"1"},"state":"ACTIVE","labels":{"deployment-tool":"cli-firebase","ailogic-event-type":"before-generate-content","ailogic-locality":"global","firebase-functions-hash":"058a68890a5fbe9246ad3d878bb86e3ffa8ca231"},"environment":"GEN_2","url":"https://us-central1-ai-logic-demos.cloudfunctions.net/logBeforeCalls","satisfiesPzi":true},"stages":[{"name":"BUILD","message":"Build in progress","state":"IN_PROGRESS","resource":"projects/861083271982/locations/us-central1/builds/832c11a0-f5fa-4e97-bc3d-35358f898206","resourceUri":"https://console.cloud.google.com/cloud-build/builds;region=us-central1/832c11a0-f5fa-4e97-bc3d-35358f898206?project=861083271982"},{"name":"SERVICE","state":"NOT_STARTED"}],"operationType":"UPDATE_FUNCTION","buildName":"projects/861083271982/locations/us-central1/builds/832c11a0-f5fa-4e97-bc3d-35358f898206"},"done":false}
[debug] [2026-05-19T05:45:04.287Z] [update-default-us-central1-onUserDeleted] Retrying task index 0
[debug] [2026-05-19T05:45:04.287Z] No OAuth tokens found
[debug] [2026-05-19T05:45:04.287Z] >>> [apiv2][query] GET https://cloudfunctions.googleapis.com/v1/operations/YWktbG9naWMtZGVtb3MvdXMtY2VudHJhbDEvb25Vc2VyRGVsZXRlZC9SZU5WZVpWTE5iUQ [none]
[debug] [2026-05-19T05:45:04.460Z] <<< [apiv2][status] GET https://cloudfunctions.googleapis.com/v1/operations/YWktbG9naWMtZGVtb3MvdXMtY2VudHJhbDEvb25Vc2VyRGVsZXRlZC9SZU5WZVpWTE5iUQ 200
[debug] [2026-05-19T05:45:04.460Z] <<< [apiv2][body] GET https://cloudfunctions.googleapis.com/v1/operations/YWktbG9naWMtZGVtb3MvdXMtY2VudHJhbDEvb25Vc2VyRGVsZXRlZC9SZU5WZVpWTE5iUQ {"name":"operations/YWktbG9naWMtZGVtb3MvdXMtY2VudHJhbDEvb25Vc2VyRGVsZXRlZC9SZU5WZVpWTE5iUQ","metadata":{"@type":"type.googleapis.com/google.cloud.functions.v1.OperationMetadataV1","target":"projects/ai-logic-demos/locations/us-central1/functions/onUserDeleted","type":"UPDATE_FUNCTION","request":{"@type":"type.googleapis.com/google.cloud.functions.v1.CloudFunction","name":"projects/ai-logic-demos/locations/us-central1/functions/onUserDeleted","eventTrigger":{"eventType":"providers/cloud.firestore/eventTypes/document.delete","resource":"projects/ai-logic-demos/databases/(default)/documents/Users/{userId}","service":"firestore.googleapis.com"},"status":"ACTIVE","entryPoint":"onUserDeleted","updateTime":"2026-04-10T17:37:54.285Z","versionId":"7","labels":{"deployment-tool":"cli-firebase","firebase-functions-hash":"dca6d861a2d8bbf75e0ad0c044afcfdcee915c78"},"sourceUploadUrl":"https://storage.googleapis.com/uploads-17595169663.us-central1.cloudfunctions.appspot.com/b8e3bedd-0274-456a-944a-252f6adca664.zip?GoogleAccessId=service-861083271982@gcf-admin-robot.iam.gserviceaccount.com&Expires=1779171245&Signature=ndEgzKC1Irf%2FwnrQpEsG5GfsgN6oq%2BL%2FciIF7mm2LZuI4JPSMJX4BFHG9SFBPCjzlUaGfiy9aJVfPegYnxsh4tvgQQL4rBui2dZlk0FZtg3C7tEfeFYmBtP3RfPxxFYascFTRUtkK2WpAmqfvQmYRwZwiKYjZNsbfnPYcHVCm1geNj5LqgJonek2pAzh%2FViiQseMxK4eoKjb2VF0U%2FXUHOKGpybExOrj2FTH0nh38ocqsBQYKN8%2FrCgqkMH14wNMl1Ps4RDRE3rBygWzW04G94ZLnkrFJKh%2FCbxydm%2FUxk3Hvt58XHEuG%2FvEDynS6iLMkH5i%2FMWFj1eMlyzgADTRKg%3D%3D","environmentVariables":{"FIREBASE_CONFIG":"{\"projectId\":\"ai-logic-demos\",\"storageBucket\":\"ai-logic-demos.firebasestorage.app\"}","GCLOUD_PROJECT":"ai-logic-demos","EVENTARC_CLOUD_EVENT_SOURCE":"projects/ai-logic-demos/locations/us-central1/functions/onUserDeleted"},"runtime":"nodejs20","buildId":"6b55a243-9ccd-49dc-bbbe-a577e0dc499e","buildEnvironmentVariables":{"GOOGLE_NODE_RUN_SCRIPTS":""},"buildName":"projects/861083271982/locations/us-central1/builds/6b55a243-9ccd-49dc-bbbe-a577e0dc499e","dockerRegistry":"ARTIFACT_REGISTRY","automaticUpdatePolicy":{},"buildServiceAccount":"projects/ai-logic-demos/serviceAccounts/861083271982-compute@developer.gserviceaccount.com"},"versionId":"8","updateTime":"2026-05-19T05:44:06Z","buildId":"3c6d54f7-0bcf-4af8-9828-e064edd0c36b","sourceToken":"6c583b47-bd63-4c71-a5a6-330b7a51acf1","buildName":"projects/861083271982/locations/us-central1/builds/3c6d54f7-0bcf-4af8-9828-e064edd0c36b"}}
[debug] [2026-05-19T05:45:04.460Z] Got source token 6c583b47-bd63-4c71-a5a6-330b7a51acf1 for region us-central1
[debug] [2026-05-19T05:45:05.454Z] [update-default-us-central1-logBeforeCalls] Retrying task index 0
[debug] [2026-05-19T05:45:05.455Z] No OAuth tokens found
[debug] [2026-05-19T05:45:05.455Z] >>> [apiv2][query] GET https://cloudfunctions.googleapis.com/v2/projects/ai-logic-demos/locations/us-central1/operations/operation-1779169445860-652252ad0d4d1-9d105c36-56f35c28 [none]
[debug] [2026-05-19T05:45:06.275Z] <<< [apiv2][status] GET https://cloudfunctions.googleapis.com/v2/projects/ai-logic-demos/locations/us-central1/operations/operation-1779169445860-652252ad0d4d1-9d105c36-56f35c28 200
[debug] [2026-05-19T05:45:06.276Z] <<< [apiv2][body] GET https://cloudfunctions.googleapis.com/v2/projects/ai-logic-demos/locations/us-central1/operations/operation-1779169445860-652252ad0d4d1-9d105c36-56f35c28 {"name":"projects/ai-logic-demos/locations/us-central1/operations/operation-1779169445860-652252ad0d4d1-9d105c36-56f35c28","metadata":{"@type":"type.googleapis.com/google.cloud.functions.v2.OperationMetadata","createTime":"2026-05-19T05:44:06.872907004Z","target":"projects/ai-logic-demos/locations/us-central1/functions/logBeforeCalls","verb":"update","cancelRequested":false,"apiVersion":"v2","requestResource":{"@type":"type.googleapis.com/google.cloud.functions.v2.Function","name":"projects/ai-logic-demos/locations/us-central1/functions/logBeforeCalls","buildConfig":{"runtime":"nodejs20","entryPoint":"logBeforeCalls","source":{"storageSource":{"bucket":"gcf-v2-sources-861083271982-us-central1","object":"logBeforeCalls/function-source.zip","generation":"1779169446812297"}},"environmentVariables":{"GOOGLE_NODE_RUN_SCRIPTS":""},"dockerRepository":"projects/ai-logic-demos/locations/us-central1/repositories/gcf-artifacts","sourceProvenance":{"resolvedStorageSource":{"bucket":"gcf-v2-sources-861083271982-us-central1","object":"logBeforeCalls/function-source.zip","generation":"1775842618299391"}},"dockerRegistry":"ARTIFACT_REGISTRY","serviceAccount":"projects/ai-logic-demos/serviceAccounts/861083271982-compute@developer.gserviceaccount.com","automaticUpdatePolicy":{}},"serviceConfig":{"service":"projects/ai-logic-demos/locations/us-central1/services/logbeforecalls","timeoutSeconds":60,"environmentVariables":{"FIREBASE_CONFIG":"{\"projectId\":\"ai-logic-demos\",\"storageBucket\":\"ai-logic-demos.firebasestorage.app\"}","GCLOUD_PROJECT":"ai-logic-demos","EVENTARC_CLOUD_EVENT_SOURCE":"projects/ai-logic-demos/locations/us-central1/services/logBeforeCalls","FUNCTION_TARGET":"logBeforeCalls","LOG_EXECUTION_ID":"true","FUNCTION_SIGNATURE_TYPE":"http"},"ingressSettings":"ALLOW_ALL","uri":"https://logbeforecalls-e564rdz36a-uc.a.run.app","serviceAccountEmail":"861083271982-compute@developer.gserviceaccount.com","availableMemory":"256Mi","allTrafficOnLatestRevision":true,"revision":"logbeforecalls-00003-heq","maxInstanceRequestConcurrency":80,"availableCpu":"1"},"state":"ACTIVE","labels":{"deployment-tool":"cli-firebase","ailogic-event-type":"before-generate-content","ailogic-locality":"global","firebase-functions-hash":"058a68890a5fbe9246ad3d878bb86e3ffa8ca231"},"environment":"GEN_2","url":"https://us-central1-ai-logic-demos.cloudfunctions.net/logBeforeCalls","satisfiesPzi":true},"stages":[{"name":"BUILD","message":"Build finished","state":"COMPLETE","resource":"projects/861083271982/locations/us-central1/builds/832c11a0-f5fa-4e97-bc3d-35358f898206","resourceUri":"https://console.cloud.google.com/cloud-build/builds;region=us-central1/832c11a0-f5fa-4e97-bc3d-35358f898206?project=861083271982"},{"name":"SERVICE","message":"Updating Cloud Run service","state":"IN_PROGRESS","resource":"projects/ai-logic-demos/locations/us-central1/services/logbeforecalls","resourceUri":"https://console.cloud.google.com/run/detail/us-central1/logbeforecalls?project=ai-logic-demos","stateMessages":[{"severity":"INFO","type":"CloudRunServiceNewRevisionTrafficInfo","message":"A new revision will be deployed serving with 100% traffic."}]}],"sourceToken":"Cldwcm9qZWN0cy84NjEwODMyNzE5ODIvbG9jYXRpb25zL3VzLWNlbnRyYWwxL2J1aWxkcy84MzJjMTFhMC1mNWZhLTRlOTctYmMzZC0zNTM1OGY4OTgyMDYScnVzLWNlbnRyYWwxLWRvY2tlci5wa2cuZGV2L2FpLWxvZ2ljLWRlbW9zL2djZi1hcnRpZmFjdHMvYWktLWxvZ2ljLS1kZW1vc19fdXMtLWNlbnRyYWwxX19sb2dfYmVmb3JlX2NhbGxzOnZlcnNpb25fMRiuhsDkhxkiRnByb2plY3RzL2FpLWxvZ2ljLWRlbW9zL2xvY2F0aW9ucy91cy1jZW50cmFsMS9mdW5jdGlvbnMvbG9nQmVmb3JlQ2FsbHMqDAjb8a/QBhD4782YATIIbm9kZWpzMjA6dgojZ2NyLmlvL2dhZS1ydW50aW1lcy9ub2RlanMyMDpzdGFibGUST3VzLWNlbnRyYWwxLWRvY2tlci5wa2cuZGV2L3NlcnZlcmxlc3MtcnVudGltZXMvZ29vZ2xlLTIyLWZ1bGwvcnVudGltZXMvbm9kZWpzMjBAAQ==","operationType":"UPDATE_FUNCTION","buildName":"projects/861083271982/locations/us-central1/builds/832c11a0-f5fa-4e97-bc3d-35358f898206"},"done":false}
[debug] [2026-05-19T05:45:06.276Z] Got source token Cldwcm9qZWN0cy84NjEwODMyNzE5ODIvbG9jYXRpb25zL3VzLWNlbnRyYWwxL2J1aWxkcy84MzJjMTFhMC1mNWZhLTRlOTctYmMzZC0zNTM1OGY4OTgyMDYScnVzLWNlbnRyYWwxLWRvY2tlci5wa2cuZGV2L2FpLWxvZ2ljLWRlbW9zL2djZi1hcnRpZmFjdHMvYWktLWxvZ2ljLS1kZW1vc19fdXMtLWNlbnRyYWwxX19sb2dfYmVmb3JlX2NhbGxzOnZlcnNpb25fMRiuhsDkhxkiRnByb2plY3RzL2FpLWxvZ2ljLWRlbW9zL2xvY2F0aW9ucy91cy1jZW50cmFsMS9mdW5jdGlvbnMvbG9nQmVmb3JlQ2FsbHMqDAjb8a/QBhD4782YATIIbm9kZWpzMjA6dgojZ2NyLmlvL2dhZS1ydW50aW1lcy9ub2RlanMyMDpzdGFibGUST3VzLWNlbnRyYWwxLWRvY2tlci5wa2cuZGV2L3NlcnZlcmxlc3MtcnVudGltZXMvZ29vZ2xlLTIyLWZ1bGwvcnVudGltZXMvbm9kZWpzMjBAAQ== for region us-central1
[debug] [2026-05-19T05:45:06.276Z] No OAuth tokens found
[debug] [2026-05-19T05:45:06.276Z] No OAuth tokens found
[debug] [2026-05-19T05:45:06.276Z] No OAuth tokens found
[debug] [2026-05-19T05:45:06.276Z] >>> [apiv2][query] PATCH https://cloudfunctions.googleapis.com/v2/projects/ai-logic-demos/locations/us-central1/functions/refillEnergyBolts updateMask=name%2CbuildConfig.runtime%2CbuildConfig.entryPoint%2CbuildConfig.source.storageSource.bucket%2CbuildConfig.source.storageSource.object%2CbuildConfig.environmentVariables%2CbuildConfig.sourceToken%2CserviceConfig.environmentVariables%2CserviceConfig.ingressSettings%2CserviceConfig.timeoutSeconds%2CserviceConfig.serviceAccountEmail%2CserviceConfig.availableMemory%2CserviceConfig.minInstanceCount%2CserviceConfig.maxInstanceCount%2CserviceConfig.maxInstanceRequestConcurrency%2CserviceConfig.availableCpu%2CserviceConfig.vpcConnector%2CserviceConfig.vpcConnectorEgressSettings%2CserviceConfig.directVpcNetworkInterface%2CserviceConfig.directVpcEgress%2Clabels
[debug] [2026-05-19T05:45:06.276Z] >>> [apiv2][body] PATCH https://cloudfunctions.googleapis.com/v2/projects/ai-logic-demos/locations/us-central1/functions/refillEnergyBolts {"name":"projects/ai-logic-demos/locations/us-central1/functions/refillEnergyBolts","buildConfig":{"runtime":"nodejs20","entryPoint":"refillEnergyBolts","source":{"storageSource":{"bucket":"gcf-v2-uploads-861083271982.us-central1.cloudfunctions.appspot.com","object":"704bd48c-adff-42c4-9e08-4a3fe6da40de.zip"}},"environmentVariables":{"GOOGLE_NODE_RUN_SCRIPTS":""},"sourceToken":"Cldwcm9qZWN0cy84NjEwODMyNzE5ODIvbG9jYXRpb25zL3VzLWNlbnRyYWwxL2J1aWxkcy84MzJjMTFhMC1mNWZhLTRlOTctYmMzZC0zNTM1OGY4OTgyMDYScnVzLWNlbnRyYWwxLWRvY2tlci5wa2cuZGV2L2FpLWxvZ2ljLWRlbW9zL2djZi1hcnRpZmFjdHMvYWktLWxvZ2ljLS1kZW1vc19fdXMtLWNlbnRyYWwxX19sb2dfYmVmb3JlX2NhbGxzOnZlcnNpb25fMRiuhsDkhxkiRnByb2plY3RzL2FpLWxvZ2ljLWRlbW9zL2xvY2F0aW9ucy91cy1jZW50cmFsMS9mdW5jdGlvbnMvbG9nQmVmb3JlQ2FsbHMqDAjb8a/QBhD4782YATIIbm9kZWpzMjA6dgojZ2NyLmlvL2dhZS1ydW50aW1lcy9ub2RlanMyMDpzdGFibGUST3VzLWNlbnRyYWwxLWRvY2tlci5wa2cuZGV2L3NlcnZlcmxlc3MtcnVudGltZXMvZ29vZ2xlLTIyLWZ1bGwvcnVudGltZXMvbm9kZWpzMjBAAQ=="},"serviceConfig":{"environmentVariables":{"FIREBASE_CONFIG":"{\"projectId\":\"ai-logic-demos\",\"storageBucket\":\"ai-logic-demos.firebasestorage.app\"}","GCLOUD_PROJECT":"ai-logic-demos","EVENTARC_CLOUD_EVENT_SOURCE":"projects/ai-logic-demos/locations/us-central1/services/refillEnergyBolts","FUNCTION_TARGET":"refillEnergyBolts","LOG_EXECUTION_ID":"true","FUNCTION_SIGNATURE_TYPE":"http"},"ingressSettings":null,"timeoutSeconds":null,"serviceAccountEmail":null,"availableMemory":"256Mi","minInstanceCount":null,"maxInstanceCount":null,"maxInstanceRequestConcurrency":80,"availableCpu":"1","vpcConnector":null,"vpcConnectorEgressSettings":null,"directVpcNetworkInterface":null,"directVpcEgress":null},"labels":{"deployment-tool":"cli-firebase","deployment-scheduled":"true","firebase-functions-hash":"058a68890a5fbe9246ad3d878bb86e3ffa8ca231"}}
[debug] [2026-05-19T05:45:06.276Z] >>> [apiv2][query] PATCH https://cloudfunctions.googleapis.com/v2/projects/ai-logic-demos/locations/us-central1/functions/onFlashcardDeleted updateMask=name%2CbuildConfig.runtime%2CbuildConfig.entryPoint%2CbuildConfig.source.storageSource.bucket%2CbuildConfig.source.storageSource.object%2CbuildConfig.environmentVariables%2CbuildConfig.sourceToken%2CserviceConfig.environmentVariables%2CserviceConfig.ingressSettings%2CserviceConfig.timeoutSeconds%2CserviceConfig.serviceAccountEmail%2CserviceConfig.availableMemory%2CserviceConfig.minInstanceCount%2CserviceConfig.maxInstanceCount%2CserviceConfig.maxInstanceRequestConcurrency%2CserviceConfig.availableCpu%2CserviceConfig.vpcConnector%2CserviceConfig.vpcConnectorEgressSettings%2CserviceConfig.directVpcNetworkInterface%2CserviceConfig.directVpcEgress%2Clabels%2CeventTrigger.eventType%2CeventTrigger.retryPolicy%2CeventTrigger.eventFilters%2CeventTrigger.triggerRegion
[debug] [2026-05-19T05:45:06.276Z] >>> [apiv2][body] PATCH https://cloudfunctions.googleapis.com/v2/projects/ai-logic-demos/locations/us-central1/functions/onFlashcardDeleted {"name":"projects/ai-logic-demos/locations/us-central1/functions/onFlashcardDeleted","buildConfig":{"runtime":"nodejs20","entryPoint":"onFlashcardDeleted","source":{"storageSource":{"bucket":"gcf-v2-uploads-861083271982.us-central1.cloudfunctions.appspot.com","object":"704bd48c-adff-42c4-9e08-4a3fe6da40de.zip"}},"environmentVariables":{"GOOGLE_NODE_RUN_SCRIPTS":""},"sourceToken":"Cldwcm9qZWN0cy84NjEwODMyNzE5ODIvbG9jYXRpb25zL3VzLWNlbnRyYWwxL2J1aWxkcy84MzJjMTFhMC1mNWZhLTRlOTctYmMzZC0zNTM1OGY4OTgyMDYScnVzLWNlbnRyYWwxLWRvY2tlci5wa2cuZGV2L2FpLWxvZ2ljLWRlbW9zL2djZi1hcnRpZmFjdHMvYWktLWxvZ2ljLS1kZW1vc19fdXMtLWNlbnRyYWwxX19sb2dfYmVmb3JlX2NhbGxzOnZlcnNpb25fMRiuhsDkhxkiRnByb2plY3RzL2FpLWxvZ2ljLWRlbW9zL2xvY2F0aW9ucy91cy1jZW50cmFsMS9mdW5jdGlvbnMvbG9nQmVmb3JlQ2FsbHMqDAjb8a/QBhD4782YATIIbm9kZWpzMjA6dgojZ2NyLmlvL2dhZS1ydW50aW1lcy9ub2RlanMyMDpzdGFibGUST3VzLWNlbnRyYWwxLWRvY2tlci5wa2cuZGV2L3NlcnZlcmxlc3MtcnVudGltZXMvZ29vZ2xlLTIyLWZ1bGwvcnVudGltZXMvbm9kZWpzMjBAAQ=="},"serviceConfig":{"environmentVariables":{"FIREBASE_CONFIG":"{\"projectId\":\"ai-logic-demos\",\"storageBucket\":\"ai-logic-demos.firebasestorage.app\"}","GCLOUD_PROJECT":"ai-logic-demos","EVENTARC_CLOUD_EVENT_SOURCE":"projects/ai-logic-demos/locations/us-central1/services/onFlashcardDeleted","FUNCTION_SIGNATURE_TYPE":"cloudevent","FUNCTION_TARGET":"onFlashcardDeleted","LOG_EXECUTION_ID":"true"},"ingressSettings":null,"timeoutSeconds":null,"serviceAccountEmail":null,"availableMemory":"256Mi","minInstanceCount":null,"maxInstanceCount":null,"maxInstanceRequestConcurrency":80,"availableCpu":"1","vpcConnector":null,"vpcConnectorEgressSettings":null,"directVpcNetworkInterface":null,"directVpcEgress":null},"labels":{"deployment-tool":"cli-firebase","firebase-functions-hash":"058a68890a5fbe9246ad3d878bb86e3ffa8ca231"},"eventTrigger":{"eventType":"google.cloud.firestore.document.v1.deleted","retryPolicy":"RETRY_POLICY_DO_NOT_RETRY","eventFilters":[{"attribute":"database","value":"(default)"},{"attribute":"namespace","value":"(default)"},{"attribute":"document","value":"Flashcards/{cardId}","operator":"match-path-pattern"}],"triggerRegion":"nam5"}}
[debug] [2026-05-19T05:45:06.276Z] >>> [apiv2][query] PATCH https://cloudfunctions.googleapis.com/v2/projects/ai-logic-demos/locations/us-central1/functions/syncUserClaims updateMask=name%2CbuildConfig.runtime%2CbuildConfig.entryPoint%2CbuildConfig.source.storageSource.bucket%2CbuildConfig.source.storageSource.object%2CbuildConfig.environmentVariables%2CbuildConfig.sourceToken%2CserviceConfig.environmentVariables%2CserviceConfig.ingressSettings%2CserviceConfig.timeoutSeconds%2CserviceConfig.serviceAccountEmail%2CserviceConfig.availableMemory%2CserviceConfig.minInstanceCount%2CserviceConfig.maxInstanceCount%2CserviceConfig.maxInstanceRequestConcurrency%2CserviceConfig.availableCpu%2CserviceConfig.vpcConnector%2CserviceConfig.vpcConnectorEgressSettings%2CserviceConfig.directVpcNetworkInterface%2CserviceConfig.directVpcEgress%2Clabels%2CeventTrigger.eventType%2CeventTrigger.retryPolicy%2CeventTrigger.eventFilters%2CeventTrigger.triggerRegion
[debug] [2026-05-19T05:45:06.277Z] >>> [apiv2][body] PATCH https://cloudfunctions.googleapis.com/v2/projects/ai-logic-demos/locations/us-central1/functions/syncUserClaims {"name":"projects/ai-logic-demos/locations/us-central1/functions/syncUserClaims","buildConfig":{"runtime":"nodejs20","entryPoint":"syncUserClaims","source":{"storageSource":{"bucket":"gcf-v2-uploads-861083271982.us-central1.cloudfunctions.appspot.com","object":"704bd48c-adff-42c4-9e08-4a3fe6da40de.zip"}},"environmentVariables":{"GOOGLE_NODE_RUN_SCRIPTS":""},"sourceToken":"Cldwcm9qZWN0cy84NjEwODMyNzE5ODIvbG9jYXRpb25zL3VzLWNlbnRyYWwxL2J1aWxkcy84MzJjMTFhMC1mNWZhLTRlOTctYmMzZC0zNTM1OGY4OTgyMDYScnVzLWNlbnRyYWwxLWRvY2tlci5wa2cuZGV2L2FpLWxvZ2ljLWRlbW9zL2djZi1hcnRpZmFjdHMvYWktLWxvZ2ljLS1kZW1vc19fdXMtLWNlbnRyYWwxX19sb2dfYmVmb3JlX2NhbGxzOnZlcnNpb25fMRiuhsDkhxkiRnByb2plY3RzL2FpLWxvZ2ljLWRlbW9zL2xvY2F0aW9ucy91cy1jZW50cmFsMS9mdW5jdGlvbnMvbG9nQmVmb3JlQ2FsbHMqDAjb8a/QBhD4782YATIIbm9kZWpzMjA6dgojZ2NyLmlvL2dhZS1ydW50aW1lcy9ub2RlanMyMDpzdGFibGUST3VzLWNlbnRyYWwxLWRvY2tlci5wa2cuZGV2L3NlcnZlcmxlc3MtcnVudGltZXMvZ29vZ2xlLTIyLWZ1bGwvcnVudGltZXMvbm9kZWpzMjBAAQ=="},"serviceConfig":{"environmentVariables":{"FIREBASE_CONFIG":"{\"projectId\":\"ai-logic-demos\",\"storageBucket\":\"ai-logic-demos.firebasestorage.app\"}","GCLOUD_PROJECT":"ai-logic-demos","EVENTARC_CLOUD_EVENT_SOURCE":"projects/ai-logic-demos/locations/us-central1/services/syncUserClaims","FUNCTION_SIGNATURE_TYPE":"cloudevent","FUNCTION_TARGET":"syncUserClaims","LOG_EXECUTION_ID":"true"},"ingressSettings":null,"timeoutSeconds":null,"serviceAccountEmail":null,"availableMemory":"256Mi","minInstanceCount":null,"maxInstanceCount":null,"maxInstanceRequestConcurrency":80,"availableCpu":"1","vpcConnector":null,"vpcConnectorEgressSettings":null,"directVpcNetworkInterface":null,"directVpcEgress":null},"labels":{"deployment-tool":"cli-firebase","firebase-functions-hash":"058a68890a5fbe9246ad3d878bb86e3ffa8ca231"},"eventTrigger":{"eventType":"google.cloud.firestore.document.v1.updated","retryPolicy":"RETRY_POLICY_DO_NOT_RETRY","eventFilters":[{"attribute":"database","value":"(default)"},{"attribute":"namespace","value":"(default)"},{"attribute":"document","value":"Users/{uid}","operator":"match-path-pattern"}],"triggerRegion":"nam5"}}
[debug] [2026-05-19T05:45:08.930Z] <<< [apiv2][status] PATCH https://cloudfunctions.googleapis.com/v2/projects/ai-logic-demos/locations/us-central1/functions/refillEnergyBolts 200
[debug] [2026-05-19T05:45:08.931Z] <<< [apiv2][body] PATCH https://cloudfunctions.googleapis.com/v2/projects/ai-logic-demos/locations/us-central1/functions/refillEnergyBolts {"name":"projects/ai-logic-demos/locations/us-central1/operations/operation-1779169507310-652252e7a7d2e-535c4a1e-d0dbd725","metadata":{"@type":"type.googleapis.com/google.cloud.functions.v2.OperationMetadata","createTime":"2026-05-19T05:45:08.881192465Z","target":"projects/ai-logic-demos/locations/us-central1/functions/refillEnergyBolts","verb":"update","cancelRequested":false,"apiVersion":"v2"},"done":false}
[debug] [2026-05-19T05:45:08.932Z] No OAuth tokens found
[debug] [2026-05-19T05:45:08.932Z] >>> [apiv2][query] GET https://cloudfunctions.googleapis.com/v2/projects/ai-logic-demos/locations/us-central1/operations/operation-1779169507310-652252e7a7d2e-535c4a1e-d0dbd725 [none]
[debug] [2026-05-19T05:45:09.293Z] <<< [apiv2][status] GET https://cloudfunctions.googleapis.com/v2/projects/ai-logic-demos/locations/us-central1/operations/operation-1779169507310-652252e7a7d2e-535c4a1e-d0dbd725 200
[debug] [2026-05-19T05:45:09.293Z] <<< [apiv2][body] GET https://cloudfunctions.googleapis.com/v2/projects/ai-logic-demos/locations/us-central1/operations/operation-1779169507310-652252e7a7d2e-535c4a1e-d0dbd725 {"name":"projects/ai-logic-demos/locations/us-central1/operations/operation-1779169507310-652252e7a7d2e-535c4a1e-d0dbd725","metadata":{"@type":"type.googleapis.com/google.cloud.functions.v2.OperationMetadata","createTime":"2026-05-19T05:45:08.881192465Z","target":"projects/ai-logic-demos/locations/us-central1/functions/refillEnergyBolts","verb":"update","cancelRequested":false,"apiVersion":"v2","requestResource":{"@type":"type.googleapis.com/google.cloud.functions.v2.Function","name":"projects/ai-logic-demos/locations/us-central1/functions/refillEnergyBolts","buildConfig":{"runtime":"nodejs20","entryPoint":"refillEnergyBolts","source":{"storageSource":{"bucket":"gcf-v2-sources-861083271982-us-central1","object":"refillEnergyBolts/function-source.zip","generation":"1779169508829558"}},"environmentVariables":{"GOOGLE_NODE_RUN_SCRIPTS":""},"dockerRepository":"projects/ai-logic-demos/locations/us-central1/repositories/gcf-artifacts","sourceProvenance":{"resolvedStorageSource":{"bucket":"gcf-v2-sources-861083271982-us-central1","object":"refillEnergyBolts/function-source.zip","generation":"1775842656673268"}},"dockerRegistry":"ARTIFACT_REGISTRY","sourceToken":"Cldwcm9qZWN0cy84NjEwODMyNzE5ODIvbG9jYXRpb25zL3VzLWNlbnRyYWwxL2J1aWxkcy84MzJjMTFhMC1mNWZhLTRlOTctYmMzZC0zNTM1OGY4OTgyMDYScnVzLWNlbnRyYWwxLWRvY2tlci5wa2cuZGV2L2FpLWxvZ2ljLWRlbW9zL2djZi1hcnRpZmFjdHMvYWktLWxvZ2ljLS1kZW1vc19fdXMtLWNlbnRyYWwxX19sb2dfYmVmb3JlX2NhbGxzOnZlcnNpb25fMRiuhsDkhxkiRnByb2plY3RzL2FpLWxvZ2ljLWRlbW9zL2xvY2F0aW9ucy91cy1jZW50cmFsMS9mdW5jdGlvbnMvbG9nQmVmb3JlQ2FsbHMqDAjb8a/QBhD4782YATIIbm9kZWpzMjA6dgojZ2NyLmlvL2dhZS1ydW50aW1lcy9ub2RlanMyMDpzdGFibGUST3VzLWNlbnRyYWwxLWRvY2tlci5wa2cuZGV2L3NlcnZlcmxlc3MtcnVudGltZXMvZ29vZ2xlLTIyLWZ1bGwvcnVudGltZXMvbm9kZWpzMjBAAQ==","serviceAccount":"projects/ai-logic-demos/serviceAccounts/861083271982-compute@developer.gserviceaccount.com","automaticUpdatePolicy":{}},"serviceConfig":{"service":"projects/ai-logic-demos/locations/us-central1/services/refillenergybolts","timeoutSeconds":60,"environmentVariables":{"FIREBASE_CONFIG":"{\"projectId\":\"ai-logic-demos\",\"storageBucket\":\"ai-logic-demos.firebasestorage.app\"}","GCLOUD_PROJECT":"ai-logic-demos","EVENTARC_CLOUD_EVENT_SOURCE":"projects/ai-logic-demos/locations/us-central1/services/refillEnergyBolts","FUNCTION_TARGET":"refillEnergyBolts","LOG_EXECUTION_ID":"true","FUNCTION_SIGNATURE_TYPE":"http"},"ingressSettings":"ALLOW_ALL","uri":"https://refillenergybolts-e564rdz36a-uc.a.run.app","serviceAccountEmail":"861083271982-compute@developer.gserviceaccount.com","availableMemory":"256Mi","allTrafficOnLatestRevision":true,"revision":"refillenergybolts-00004-luh","maxInstanceRequestConcurrency":80,"availableCpu":"1"},"state":"ACTIVE","labels":{"deployment-tool":"cli-firebase","deployment-scheduled":"true","firebase-functions-hash":"058a68890a5fbe9246ad3d878bb86e3ffa8ca231"},"environment":"GEN_2","url":"https://us-central1-ai-logic-demos.cloudfunctions.net/refillEnergyBolts","satisfiesPzi":true},"stages":[{"name":"BUILD","message":"Reusing build","state":"COMPLETE","resource":"projects/861083271982/locations/us-central1/builds/832c11a0-f5fa-4e97-bc3d-35358f898206","stateMessages":[{"severity":"WARNING","type":"BuildAnalysisWarning","message":"Node.js 20 is no longer supported by the Node.js community as of 30 April, 2026. Runtime nodejs20 is currently deprecated for Cloud Functions. We recommend you to upgrade to the latest version of Node.js as soon as possible."}]},{"name":"SERVICE","state":"NOT_STARTED"}],"sourceToken":"Cldwcm9qZWN0cy84NjEwODMyNzE5ODIvbG9jYXRpb25zL3VzLWNlbnRyYWwxL2J1aWxkcy84MzJjMTFhMC1mNWZhLTRlOTctYmMzZC0zNTM1OGY4OTgyMDYScnVzLWNlbnRyYWwxLWRvY2tlci5wa2cuZGV2L2FpLWxvZ2ljLWRlbW9zL2djZi1hcnRpZmFjdHMvYWktLWxvZ2ljLS1kZW1vc19fdXMtLWNlbnRyYWwxX19sb2dfYmVmb3JlX2NhbGxzOnZlcnNpb25fMRiuhsDkhxkiRnByb2plY3RzL2FpLWxvZ2ljLWRlbW9zL2xvY2F0aW9ucy91cy1jZW50cmFsMS9mdW5jdGlvbnMvbG9nQmVmb3JlQ2FsbHMqDAjb8a/QBhD4782YATIIbm9kZWpzMjA6dgojZ2NyLmlvL2dhZS1ydW50aW1lcy9ub2RlanMyMDpzdGFibGUST3VzLWNlbnRyYWwxLWRvY2tlci5wa2cuZGV2L3NlcnZlcmxlc3MtcnVudGltZXMvZ29vZ2xlLTIyLWZ1bGwvcnVudGltZXMvbm9kZWpzMjBAAQ==","operationType":"UPDATE_FUNCTION","buildName":"projects/861083271982/locations/us-central1/builds/832c11a0-f5fa-4e97-bc3d-35358f898206"},"done":false}
[debug] [2026-05-19T05:45:09.293Z] Got source token Cldwcm9qZWN0cy84NjEwODMyNzE5ODIvbG9jYXRpb25zL3VzLWNlbnRyYWwxL2J1aWxkcy84MzJjMTFhMC1mNWZhLTRlOTctYmMzZC0zNTM1OGY4OTgyMDYScnVzLWNlbnRyYWwxLWRvY2tlci5wa2cuZGV2L2FpLWxvZ2ljLWRlbW9zL2djZi1hcnRpZmFjdHMvYWktLWxvZ2ljLS1kZW1vc19fdXMtLWNlbnRyYWwxX19sb2dfYmVmb3JlX2NhbGxzOnZlcnNpb25fMRiuhsDkhxkiRnByb2plY3RzL2FpLWxvZ2ljLWRlbW9zL2xvY2F0aW9ucy91cy1jZW50cmFsMS9mdW5jdGlvbnMvbG9nQmVmb3JlQ2FsbHMqDAjb8a/QBhD4782YATIIbm9kZWpzMjA6dgojZ2NyLmlvL2dhZS1ydW50aW1lcy9ub2RlanMyMDpzdGFibGUST3VzLWNlbnRyYWwxLWRvY2tlci5wa2cuZGV2L3NlcnZlcmxlc3MtcnVudGltZXMvZ29vZ2xlLTIyLWZ1bGwvcnVudGltZXMvbm9kZWpzMjBAAQ== for region us-central1
[debug] [2026-05-19T05:45:09.456Z] <<< [apiv2][status] PATCH https://cloudfunctions.googleapis.com/v2/projects/ai-logic-demos/locations/us-central1/functions/syncUserClaims 200
[debug] [2026-05-19T05:45:09.456Z] <<< [apiv2][body] PATCH https://cloudfunctions.googleapis.com/v2/projects/ai-logic-demos/locations/us-central1/functions/syncUserClaims {"name":"projects/ai-logic-demos/locations/us-central1/operations/operation-1779169506613-652252e6fd7ce-9681db7b-448b6c0f","metadata":{"@type":"type.googleapis.com/google.cloud.functions.v2.OperationMetadata","createTime":"2026-05-19T05:45:09.410395826Z","target":"projects/ai-logic-demos/locations/us-central1/functions/syncUserClaims","verb":"update","cancelRequested":false,"apiVersion":"v2"},"done":false}
[debug] [2026-05-19T05:45:09.456Z] No OAuth tokens found
[debug] [2026-05-19T05:45:09.456Z] >>> [apiv2][query] GET https://cloudfunctions.googleapis.com/v2/projects/ai-logic-demos/locations/us-central1/operations/operation-1779169506613-652252e6fd7ce-9681db7b-448b6c0f [none]
[debug] [2026-05-19T05:45:09.693Z] <<< [apiv2][status] GET https://cloudfunctions.googleapis.com/v2/projects/ai-logic-demos/locations/us-central1/operations/operation-1779169506613-652252e6fd7ce-9681db7b-448b6c0f 200
[debug] [2026-05-19T05:45:09.693Z] <<< [apiv2][body] GET https://cloudfunctions.googleapis.com/v2/projects/ai-logic-demos/locations/us-central1/operations/operation-1779169506613-652252e6fd7ce-9681db7b-448b6c0f {"name":"projects/ai-logic-demos/locations/us-central1/operations/operation-1779169506613-652252e6fd7ce-9681db7b-448b6c0f","metadata":{"@type":"type.googleapis.com/google.cloud.functions.v2.OperationMetadata","createTime":"2026-05-19T05:45:09.410395826Z","target":"projects/ai-logic-demos/locations/us-central1/functions/syncUserClaims","verb":"update","cancelRequested":false,"apiVersion":"v2"},"done":false}
[debug] [2026-05-19T05:45:09.794Z] [update-default-us-central1-refillEnergyBolts] Retrying task index 0
[debug] [2026-05-19T05:45:09.794Z] No OAuth tokens found
[debug] [2026-05-19T05:45:09.794Z] >>> [apiv2][query] GET https://cloudfunctions.googleapis.com/v2/projects/ai-logic-demos/locations/us-central1/operations/operation-1779169507310-652252e7a7d2e-535c4a1e-d0dbd725 [none]
[debug] [2026-05-19T05:45:10.114Z] <<< [apiv2][status] GET https://cloudfunctions.googleapis.com/v2/projects/ai-logic-demos/locations/us-central1/operations/operation-1779169507310-652252e7a7d2e-535c4a1e-d0dbd725 200
[debug] [2026-05-19T05:45:10.114Z] <<< [apiv2][body] GET https://cloudfunctions.googleapis.com/v2/projects/ai-logic-demos/locations/us-central1/operations/operation-1779169507310-652252e7a7d2e-535c4a1e-d0dbd725 {"name":"projects/ai-logic-demos/locations/us-central1/operations/operation-1779169507310-652252e7a7d2e-535c4a1e-d0dbd725","metadata":{"@type":"type.googleapis.com/google.cloud.functions.v2.OperationMetadata","createTime":"2026-05-19T05:45:08.881192465Z","target":"projects/ai-logic-demos/locations/us-central1/functions/refillEnergyBolts","verb":"update","cancelRequested":false,"apiVersion":"v2","requestResource":{"@type":"type.googleapis.com/google.cloud.functions.v2.Function","name":"projects/ai-logic-demos/locations/us-central1/functions/refillEnergyBolts","buildConfig":{"runtime":"nodejs20","entryPoint":"refillEnergyBolts","source":{"storageSource":{"bucket":"gcf-v2-sources-861083271982-us-central1","object":"refillEnergyBolts/function-source.zip","generation":"1779169508829558"}},"environmentVariables":{"GOOGLE_NODE_RUN_SCRIPTS":""},"dockerRepository":"projects/ai-logic-demos/locations/us-central1/repositories/gcf-artifacts","sourceProvenance":{"resolvedStorageSource":{"bucket":"gcf-v2-sources-861083271982-us-central1","object":"refillEnergyBolts/function-source.zip","generation":"1775842656673268"}},"dockerRegistry":"ARTIFACT_REGISTRY","sourceToken":"Cldwcm9qZWN0cy84NjEwODMyNzE5ODIvbG9jYXRpb25zL3VzLWNlbnRyYWwxL2J1aWxkcy84MzJjMTFhMC1mNWZhLTRlOTctYmMzZC0zNTM1OGY4OTgyMDYScnVzLWNlbnRyYWwxLWRvY2tlci5wa2cuZGV2L2FpLWxvZ2ljLWRlbW9zL2djZi1hcnRpZmFjdHMvYWktLWxvZ2ljLS1kZW1vc19fdXMtLWNlbnRyYWwxX19sb2dfYmVmb3JlX2NhbGxzOnZlcnNpb25fMRiuhsDkhxkiRnByb2plY3RzL2FpLWxvZ2ljLWRlbW9zL2xvY2F0aW9ucy91cy1jZW50cmFsMS9mdW5jdGlvbnMvbG9nQmVmb3JlQ2FsbHMqDAjb8a/QBhD4782YATIIbm9kZWpzMjA6dgojZ2NyLmlvL2dhZS1ydW50aW1lcy9ub2RlanMyMDpzdGFibGUST3VzLWNlbnRyYWwxLWRvY2tlci5wa2cuZGV2L3NlcnZlcmxlc3MtcnVudGltZXMvZ29vZ2xlLTIyLWZ1bGwvcnVudGltZXMvbm9kZWpzMjBAAQ==","serviceAccount":"projects/ai-logic-demos/serviceAccounts/861083271982-compute@developer.gserviceaccount.com","automaticUpdatePolicy":{}},"serviceConfig":{"service":"projects/ai-logic-demos/locations/us-central1/services/refillenergybolts","timeoutSeconds":60,"environmentVariables":{"FIREBASE_CONFIG":"{\"projectId\":\"ai-logic-demos\",\"storageBucket\":\"ai-logic-demos.firebasestorage.app\"}","GCLOUD_PROJECT":"ai-logic-demos","EVENTARC_CLOUD_EVENT_SOURCE":"projects/ai-logic-demos/locations/us-central1/services/refillEnergyBolts","FUNCTION_TARGET":"refillEnergyBolts","LOG_EXECUTION_ID":"true","FUNCTION_SIGNATURE_TYPE":"http"},"ingressSettings":"ALLOW_ALL","uri":"https://refillenergybolts-e564rdz36a-uc.a.run.app","serviceAccountEmail":"861083271982-compute@developer.gserviceaccount.com","availableMemory":"256Mi","allTrafficOnLatestRevision":true,"revision":"refillenergybolts-00004-luh","maxInstanceRequestConcurrency":80,"availableCpu":"1"},"state":"ACTIVE","labels":{"deployment-tool":"cli-firebase","deployment-scheduled":"true","firebase-functions-hash":"058a68890a5fbe9246ad3d878bb86e3ffa8ca231"},"environment":"GEN_2","url":"https://us-central1-ai-logic-demos.cloudfunctions.net/refillEnergyBolts","satisfiesPzi":true},"stages":[{"name":"BUILD","message":"Reusing build","state":"COMPLETE","resource":"projects/861083271982/locations/us-central1/builds/832c11a0-f5fa-4e97-bc3d-35358f898206","stateMessages":[{"severity":"WARNING","type":"BuildAnalysisWarning","message":"Node.js 20 is no longer supported by the Node.js community as of 30 April, 2026. Runtime nodejs20 is currently deprecated for Cloud Functions. We recommend you to upgrade to the latest version of Node.js as soon as possible."}]},{"name":"SERVICE","state":"NOT_STARTED"}],"sourceToken":"Cldwcm9qZWN0cy84NjEwODMyNzE5ODIvbG9jYXRpb25zL3VzLWNlbnRyYWwxL2J1aWxkcy84MzJjMTFhMC1mNWZhLTRlOTctYmMzZC0zNTM1OGY4OTgyMDYScnVzLWNlbnRyYWwxLWRvY2tlci5wa2cuZGV2L2FpLWxvZ2ljLWRlbW9zL2djZi1hcnRpZmFjdHMvYWktLWxvZ2ljLS1kZW1vc19fdXMtLWNlbnRyYWwxX19sb2dfYmVmb3JlX2NhbGxzOnZlcnNpb25fMRiuhsDkhxkiRnByb2plY3RzL2FpLWxvZ2ljLWRlbW9zL2xvY2F0aW9ucy91cy1jZW50cmFsMS9mdW5jdGlvbnMvbG9nQmVmb3JlQ2FsbHMqDAjb8a/QBhD4782YATIIbm9kZWpzMjA6dgojZ2NyLmlvL2dhZS1ydW50aW1lcy9ub2RlanMyMDpzdGFibGUST3VzLWNlbnRyYWwxLWRvY2tlci5wa2cuZGV2L3NlcnZlcmxlc3MtcnVudGltZXMvZ29vZ2xlLTIyLWZ1bGwvcnVudGltZXMvbm9kZWpzMjBAAQ==","operationType":"UPDATE_FUNCTION","buildName":"projects/861083271982/locations/us-central1/builds/832c11a0-f5fa-4e97-bc3d-35358f898206"},"done":false}
[debug] [2026-05-19T05:45:10.114Z] Got source token Cldwcm9qZWN0cy84NjEwODMyNzE5ODIvbG9jYXRpb25zL3VzLWNlbnRyYWwxL2J1aWxkcy84MzJjMTFhMC1mNWZhLTRlOTctYmMzZC0zNTM1OGY4OTgyMDYScnVzLWNlbnRyYWwxLWRvY2tlci5wa2cuZGV2L2FpLWxvZ2ljLWRlbW9zL2djZi1hcnRpZmFjdHMvYWktLWxvZ2ljLS1kZW1vc19fdXMtLWNlbnRyYWwxX19sb2dfYmVmb3JlX2NhbGxzOnZlcnNpb25fMRiuhsDkhxkiRnByb2plY3RzL2FpLWxvZ2ljLWRlbW9zL2xvY2F0aW9ucy91cy1jZW50cmFsMS9mdW5jdGlvbnMvbG9nQmVmb3JlQ2FsbHMqDAjb8a/QBhD4782YATIIbm9kZWpzMjA6dgojZ2NyLmlvL2dhZS1ydW50aW1lcy9ub2RlanMyMDpzdGFibGUST3VzLWNlbnRyYWwxLWRvY2tlci5wa2cuZGV2L3NlcnZlcmxlc3MtcnVudGltZXMvZ29vZ2xlLTIyLWZ1bGwvcnVudGltZXMvbm9kZWpzMjBAAQ== for region us-central1
[debug] [2026-05-19T05:45:10.194Z] [update-default-us-central1-syncUserClaims] Retrying task index 0
[debug] [2026-05-19T05:45:10.195Z] No OAuth tokens found
[debug] [2026-05-19T05:45:10.195Z] >>> [apiv2][query] GET https://cloudfunctions.googleapis.com/v2/projects/ai-logic-demos/locations/us-central1/operations/operation-1779169506613-652252e6fd7ce-9681db7b-448b6c0f [none]
[debug] [2026-05-19T05:45:10.282Z] <<< [apiv2][status] PATCH https://cloudfunctions.googleapis.com/v2/projects/ai-logic-demos/locations/us-central1/functions/onFlashcardDeleted 200
[debug] [2026-05-19T05:45:10.282Z] <<< [apiv2][body] PATCH https://cloudfunctions.googleapis.com/v2/projects/ai-logic-demos/locations/us-central1/functions/onFlashcardDeleted {"name":"projects/ai-logic-demos/locations/us-central1/operations/operation-1779169507157-652252e7825c8-984bce46-8255269b","metadata":{"@type":"type.googleapis.com/google.cloud.functions.v2.OperationMetadata","createTime":"2026-05-19T05:45:10.227762384Z","target":"projects/ai-logic-demos/locations/us-central1/functions/onFlashcardDeleted","verb":"update","cancelRequested":false,"apiVersion":"v2"},"done":false}
[debug] [2026-05-19T05:45:10.283Z] No OAuth tokens found
[debug] [2026-05-19T05:45:10.283Z] >>> [apiv2][query] GET https://cloudfunctions.googleapis.com/v2/projects/ai-logic-demos/locations/us-central1/operations/operation-1779169507157-652252e7825c8-984bce46-8255269b [none]
[debug] [2026-05-19T05:45:10.529Z] <<< [apiv2][status] GET https://cloudfunctions.googleapis.com/v2/projects/ai-logic-demos/locations/us-central1/operations/operation-1779169506613-652252e6fd7ce-9681db7b-448b6c0f 200
[debug] [2026-05-19T05:45:10.529Z] <<< [apiv2][body] GET https://cloudfunctions.googleapis.com/v2/projects/ai-logic-demos/locations/us-central1/operations/operation-1779169506613-652252e6fd7ce-9681db7b-448b6c0f {"name":"projects/ai-logic-demos/locations/us-central1/operations/operation-1779169506613-652252e6fd7ce-9681db7b-448b6c0f","metadata":{"@type":"type.googleapis.com/google.cloud.functions.v2.OperationMetadata","createTime":"2026-05-19T05:45:09.410395826Z","target":"projects/ai-logic-demos/locations/us-central1/functions/syncUserClaims","verb":"update","cancelRequested":false,"apiVersion":"v2","requestResource":{"@type":"type.googleapis.com/google.cloud.functions.v2.Function","name":"projects/ai-logic-demos/locations/us-central1/functions/syncUserClaims","buildConfig":{"runtime":"nodejs20","entryPoint":"syncUserClaims","source":{"storageSource":{"bucket":"gcf-v2-sources-861083271982-us-central1","object":"syncUserClaims/function-source.zip","generation":"1779169509357321"}},"environmentVariables":{"GOOGLE_NODE_RUN_SCRIPTS":""},"dockerRepository":"projects/ai-logic-demos/locations/us-central1/repositories/gcf-artifacts","sourceProvenance":{"resolvedStorageSource":{"bucket":"gcf-v2-sources-861083271982-us-central1","object":"syncUserClaims/function-source.zip","generation":"1775842656820921"}},"dockerRegistry":"ARTIFACT_REGISTRY","sourceToken":"Cldwcm9qZWN0cy84NjEwODMyNzE5ODIvbG9jYXRpb25zL3VzLWNlbnRyYWwxL2J1aWxkcy84MzJjMTFhMC1mNWZhLTRlOTctYmMzZC0zNTM1OGY4OTgyMDYScnVzLWNlbnRyYWwxLWRvY2tlci5wa2cuZGV2L2FpLWxvZ2ljLWRlbW9zL2djZi1hcnRpZmFjdHMvYWktLWxvZ2ljLS1kZW1vc19fdXMtLWNlbnRyYWwxX19sb2dfYmVmb3JlX2NhbGxzOnZlcnNpb25fMRiuhsDkhxkiRnByb2plY3RzL2FpLWxvZ2ljLWRlbW9zL2xvY2F0aW9ucy91cy1jZW50cmFsMS9mdW5jdGlvbnMvbG9nQmVmb3JlQ2FsbHMqDAjb8a/QBhD4782YATIIbm9kZWpzMjA6dgojZ2NyLmlvL2dhZS1ydW50aW1lcy9ub2RlanMyMDpzdGFibGUST3VzLWNlbnRyYWwxLWRvY2tlci5wa2cuZGV2L3NlcnZlcmxlc3MtcnVudGltZXMvZ29vZ2xlLTIyLWZ1bGwvcnVudGltZXMvbm9kZWpzMjBAAQ==","serviceAccount":"projects/ai-logic-demos/serviceAccounts/861083271982-compute@developer.gserviceaccount.com","automaticUpdatePolicy":{}},"serviceConfig":{"service":"projects/ai-logic-demos/locations/us-central1/services/syncuserclaims","timeoutSeconds":60,"environmentVariables":{"FIREBASE_CONFIG":"{\"projectId\":\"ai-logic-demos\",\"storageBucket\":\"ai-logic-demos.firebasestorage.app\"}","GCLOUD_PROJECT":"ai-logic-demos","EVENTARC_CLOUD_EVENT_SOURCE":"projects/ai-logic-demos/locations/us-central1/services/syncUserClaims","FUNCTION_SIGNATURE_TYPE":"cloudevent","FUNCTION_TARGET":"syncUserClaims","LOG_EXECUTION_ID":"true"},"ingressSettings":"ALLOW_ALL","uri":"https://syncuserclaims-e564rdz36a-uc.a.run.app","serviceAccountEmail":"861083271982-compute@developer.gserviceaccount.com","availableMemory":"256Mi","allTrafficOnLatestRevision":true,"revision":"syncuserclaims-00002-kip","maxInstanceRequestConcurrency":80,"availableCpu":"1"},"eventTrigger":{"trigger":"projects/ai-logic-demos/locations/nam5/triggers/syncuserclaims-447028","triggerRegion":"nam5","eventType":"google.cloud.firestore.document.v1.updated","eventFilters":[{"attribute":"database","value":"(default)"},{"attribute":"namespace","value":"(default)"},{"attribute":"document","value":"Users/{uid}","operator":"match-path-pattern"}],"pubsubTopic":"projects/ai-logic-demos/topics/eventarc-nam5-syncuserclaims-447028-714","serviceAccountEmail":"861083271982-compute@developer.gserviceaccount.com","retryPolicy":"RETRY_POLICY_DO_NOT_RETRY"},"state":"ACTIVE","labels":{"deployment-tool":"cli-firebase","firebase-functions-hash":"058a68890a5fbe9246ad3d878bb86e3ffa8ca231"},"environment":"GEN_2","url":"https://us-central1-ai-logic-demos.cloudfunctions.net/syncUserClaims","satisfiesPzi":true},"stages":[{"name":"BUILD","state":"NOT_STARTED","stateMessages":[{"severity":"WARNING","type":"BuildAnalysisWarning","message":"Node.js 20 is no longer supported by the Node.js community as of 30 April, 2026. Runtime nodejs20 is currently deprecated for Cloud Functions. We recommend you to upgrade to the latest version of Node.js as soon as possible."}]},{"name":"SERVICE","state":"NOT_STARTED"},{"name":"TRIGGER","state":"NOT_STARTED"}],"sourceToken":"Cldwcm9qZWN0cy84NjEwODMyNzE5ODIvbG9jYXRpb25zL3VzLWNlbnRyYWwxL2J1aWxkcy84MzJjMTFhMC1mNWZhLTRlOTctYmMzZC0zNTM1OGY4OTgyMDYScnVzLWNlbnRyYWwxLWRvY2tlci5wa2cuZGV2L2FpLWxvZ2ljLWRlbW9zL2djZi1hcnRpZmFjdHMvYWktLWxvZ2ljLS1kZW1vc19fdXMtLWNlbnRyYWwxX19sb2dfYmVmb3JlX2NhbGxzOnZlcnNpb25fMRiuhsDkhxkiRnByb2plY3RzL2FpLWxvZ2ljLWRlbW9zL2xvY2F0aW9ucy91cy1jZW50cmFsMS9mdW5jdGlvbnMvbG9nQmVmb3JlQ2FsbHMqDAjb8a/QBhD4782YATIIbm9kZWpzMjA6dgojZ2NyLmlvL2dhZS1ydW50aW1lcy9ub2RlanMyMDpzdGFibGUST3VzLWNlbnRyYWwxLWRvY2tlci5wa2cuZGV2L3NlcnZlcmxlc3MtcnVudGltZXMvZ29vZ2xlLTIyLWZ1bGwvcnVudGltZXMvbm9kZWpzMjBAAQ==","operationType":"UPDATE_FUNCTION"},"done":false}
[debug] [2026-05-19T05:45:10.529Z] Got source token Cldwcm9qZWN0cy84NjEwODMyNzE5ODIvbG9jYXRpb25zL3VzLWNlbnRyYWwxL2J1aWxkcy84MzJjMTFhMC1mNWZhLTRlOTctYmMzZC0zNTM1OGY4OTgyMDYScnVzLWNlbnRyYWwxLWRvY2tlci5wa2cuZGV2L2FpLWxvZ2ljLWRlbW9zL2djZi1hcnRpZmFjdHMvYWktLWxvZ2ljLS1kZW1vc19fdXMtLWNlbnRyYWwxX19sb2dfYmVmb3JlX2NhbGxzOnZlcnNpb25fMRiuhsDkhxkiRnByb2plY3RzL2FpLWxvZ2ljLWRlbW9zL2xvY2F0aW9ucy91cy1jZW50cmFsMS9mdW5jdGlvbnMvbG9nQmVmb3JlQ2FsbHMqDAjb8a/QBhD4782YATIIbm9kZWpzMjA6dgojZ2NyLmlvL2dhZS1ydW50aW1lcy9ub2RlanMyMDpzdGFibGUST3VzLWNlbnRyYWwxLWRvY2tlci5wa2cuZGV2L3NlcnZlcmxlc3MtcnVudGltZXMvZ29vZ2xlLTIyLWZ1bGwvcnVudGltZXMvbm9kZWpzMjBAAQ== for region us-central1
[debug] [2026-05-19T05:45:10.622Z] <<< [apiv2][status] GET https://cloudfunctions.googleapis.com/v2/projects/ai-logic-demos/locations/us-central1/operations/operation-1779169507157-652252e7825c8-984bce46-8255269b 200
[debug] [2026-05-19T05:45:10.622Z] <<< [apiv2][body] GET https://cloudfunctions.googleapis.com/v2/projects/ai-logic-demos/locations/us-central1/operations/operation-1779169507157-652252e7825c8-984bce46-8255269b {"name":"projects/ai-logic-demos/locations/us-central1/operations/operation-1779169507157-652252e7825c8-984bce46-8255269b","metadata":{"@type":"type.googleapis.com/google.cloud.functions.v2.OperationMetadata","createTime":"2026-05-19T05:45:10.227762384Z","target":"projects/ai-logic-demos/locations/us-central1/functions/onFlashcardDeleted","verb":"update","cancelRequested":false,"apiVersion":"v2","requestResource":{"@type":"type.googleapis.com/google.cloud.functions.v2.Function","name":"projects/ai-logic-demos/locations/us-central1/functions/onFlashcardDeleted","buildConfig":{"runtime":"nodejs20","entryPoint":"onFlashcardDeleted","source":{"storageSource":{"bucket":"gcf-v2-sources-861083271982-us-central1","object":"onFlashcardDeleted/function-source.zip","generation":"1779169510176503"}},"environmentVariables":{"GOOGLE_NODE_RUN_SCRIPTS":""},"dockerRepository":"projects/ai-logic-demos/locations/us-central1/repositories/gcf-artifacts","sourceProvenance":{"resolvedStorageSource":{"bucket":"gcf-v2-sources-861083271982-us-central1","object":"onFlashcardDeleted/function-source.zip","generation":"1775842656680626"}},"dockerRegistry":"ARTIFACT_REGISTRY","sourceToken":"Cldwcm9qZWN0cy84NjEwODMyNzE5ODIvbG9jYXRpb25zL3VzLWNlbnRyYWwxL2J1aWxkcy84MzJjMTFhMC1mNWZhLTRlOTctYmMzZC0zNTM1OGY4OTgyMDYScnVzLWNlbnRyYWwxLWRvY2tlci5wa2cuZGV2L2FpLWxvZ2ljLWRlbW9zL2djZi1hcnRpZmFjdHMvYWktLWxvZ2ljLS1kZW1vc19fdXMtLWNlbnRyYWwxX19sb2dfYmVmb3JlX2NhbGxzOnZlcnNpb25fMRiuhsDkhxkiRnByb2plY3RzL2FpLWxvZ2ljLWRlbW9zL2xvY2F0aW9ucy91cy1jZW50cmFsMS9mdW5jdGlvbnMvbG9nQmVmb3JlQ2FsbHMqDAjb8a/QBhD4782YATIIbm9kZWpzMjA6dgojZ2NyLmlvL2dhZS1ydW50aW1lcy9ub2RlanMyMDpzdGFibGUST3VzLWNlbnRyYWwxLWRvY2tlci5wa2cuZGV2L3NlcnZlcmxlc3MtcnVudGltZXMvZ29vZ2xlLTIyLWZ1bGwvcnVudGltZXMvbm9kZWpzMjBAAQ==","serviceAccount":"projects/ai-logic-demos/serviceAccounts/861083271982-compute@developer.gserviceaccount.com","automaticUpdatePolicy":{}},"serviceConfig":{"service":"projects/ai-logic-demos/locations/us-central1/services/onflashcarddeleted","timeoutSeconds":60,"environmentVariables":{"FIREBASE_CONFIG":"{\"projectId\":\"ai-logic-demos\",\"storageBucket\":\"ai-logic-demos.firebasestorage.app\"}","GCLOUD_PROJECT":"ai-logic-demos","EVENTARC_CLOUD_EVENT_SOURCE":"projects/ai-logic-demos/locations/us-central1/services/onFlashcardDeleted","FUNCTION_SIGNATURE_TYPE":"cloudevent","FUNCTION_TARGET":"onFlashcardDeleted","LOG_EXECUTION_ID":"true"},"ingressSettings":"ALLOW_ALL","uri":"https://onflashcarddeleted-e564rdz36a-uc.a.run.app","serviceAccountEmail":"861083271982-compute@developer.gserviceaccount.com","availableMemory":"256Mi","allTrafficOnLatestRevision":true,"revision":"onflashcarddeleted-00004-buw","maxInstanceRequestConcurrency":80,"availableCpu":"1"},"eventTrigger":{"trigger":"projects/ai-logic-demos/locations/nam5/triggers/onflashcarddeleted-523010","triggerRegion":"nam5","eventType":"google.cloud.firestore.document.v1.deleted","eventFilters":[{"attribute":"database","value":"(default)"},{"attribute":"namespace","value":"(default)"},{"attribute":"document","value":"Flashcards/{cardId}","operator":"match-path-pattern"}],"pubsubTopic":"projects/ai-logic-demos/topics/eventarc-nam5-onflashcarddeleted-523010-598","serviceAccountEmail":"861083271982-compute@developer.gserviceaccount.com","retryPolicy":"RETRY_POLICY_DO_NOT_RETRY"},"state":"ACTIVE","labels":{"deployment-tool":"cli-firebase","firebase-functions-hash":"058a68890a5fbe9246ad3d878bb86e3ffa8ca231"},"environment":"GEN_2","url":"https://us-central1-ai-logic-demos.cloudfunctions.net/onFlashcardDeleted","satisfiesPzi":true},"stages":[{"name":"BUILD","message":"Reusing build","state":"COMPLETE","resource":"projects/861083271982/locations/us-central1/builds/832c11a0-f5fa-4e97-bc3d-35358f898206","stateMessages":[{"severity":"WARNING","type":"BuildAnalysisWarning","message":"Node.js 20 is no longer supported by the Node.js community as of 30 April, 2026. Runtime nodejs20 is currently deprecated for Cloud Functions. We recommend you to upgrade to the latest version of Node.js as soon as possible."}]},{"name":"SERVICE","state":"NOT_STARTED"},{"name":"TRIGGER","state":"NOT_STARTED"}],"sourceToken":"Cldwcm9qZWN0cy84NjEwODMyNzE5ODIvbG9jYXRpb25zL3VzLWNlbnRyYWwxL2J1aWxkcy84MzJjMTFhMC1mNWZhLTRlOTctYmMzZC0zNTM1OGY4OTgyMDYScnVzLWNlbnRyYWwxLWRvY2tlci5wa2cuZGV2L2FpLWxvZ2ljLWRlbW9zL2djZi1hcnRpZmFjdHMvYWktLWxvZ2ljLS1kZW1vc19fdXMtLWNlbnRyYWwxX19sb2dfYmVmb3JlX2NhbGxzOnZlcnNpb25fMRiuhsDkhxkiRnByb2plY3RzL2FpLWxvZ2ljLWRlbW9zL2xvY2F0aW9ucy91cy1jZW50cmFsMS9mdW5jdGlvbnMvbG9nQmVmb3JlQ2FsbHMqDAjb8a/QBhD4782YATIIbm9kZWpzMjA6dgojZ2NyLmlvL2dhZS1ydW50aW1lcy9ub2RlanMyMDpzdGFibGUST3VzLWNlbnRyYWwxLWRvY2tlci5wa2cuZGV2L3NlcnZlcmxlc3MtcnVudGltZXMvZ29vZ2xlLTIyLWZ1bGwvcnVudGltZXMvbm9kZWpzMjBAAQ==","operationType":"UPDATE_FUNCTION","buildName":"projects/861083271982/locations/us-central1/builds/832c11a0-f5fa-4e97-bc3d-35358f898206"},"done":false}
[debug] [2026-05-19T05:45:10.622Z] Got source token Cldwcm9qZWN0cy84NjEwODMyNzE5ODIvbG9jYXRpb25zL3VzLWNlbnRyYWwxL2J1aWxkcy84MzJjMTFhMC1mNWZhLTRlOTctYmMzZC0zNTM1OGY4OTgyMDYScnVzLWNlbnRyYWwxLWRvY2tlci5wa2cuZGV2L2FpLWxvZ2ljLWRlbW9zL2djZi1hcnRpZmFjdHMvYWktLWxvZ2ljLS1kZW1vc19fdXMtLWNlbnRyYWwxX19sb2dfYmVmb3JlX2NhbGxzOnZlcnNpb25fMRiuhsDkhxkiRnByb2plY3RzL2FpLWxvZ2ljLWRlbW9zL2xvY2F0aW9ucy91cy1jZW50cmFsMS9mdW5jdGlvbnMvbG9nQmVmb3JlQ2FsbHMqDAjb8a/QBhD4782YATIIbm9kZWpzMjA6dgojZ2NyLmlvL2dhZS1ydW50aW1lcy9ub2RlanMyMDpzdGFibGUST3VzLWNlbnRyYWwxLWRvY2tlci5wa2cuZGV2L3NlcnZlcmxlc3MtcnVudGltZXMvZ29vZ2xlLTIyLWZ1bGwvcnVudGltZXMvbm9kZWpzMjBAAQ== for region us-central1
[debug] [2026-05-19T05:45:11.114Z] [update-default-us-central1-refillEnergyBolts] Retrying task index 0
[debug] [2026-05-19T05:45:11.115Z] No OAuth tokens found
[debug] [2026-05-19T05:45:11.115Z] >>> [apiv2][query] GET https://cloudfunctions.googleapis.com/v2/projects/ai-logic-demos/locations/us-central1/operations/operation-1779169507310-652252e7a7d2e-535c4a1e-d0dbd725 [none]
[debug] [2026-05-19T05:45:11.122Z] [update-default-us-central1-onFlashcardDeleted] Retrying task index 0
[debug] [2026-05-19T05:45:11.122Z] No OAuth tokens found
[debug] [2026-05-19T05:45:11.122Z] >>> [apiv2][query] GET https://cloudfunctions.googleapis.com/v2/projects/ai-logic-demos/locations/us-central1/operations/operation-1779169507157-652252e7825c8-984bce46-8255269b [none]
[debug] [2026-05-19T05:45:11.360Z] <<< [apiv2][status] GET https://cloudfunctions.googleapis.com/v2/projects/ai-logic-demos/locations/us-central1/operations/operation-1779169507157-652252e7825c8-984bce46-8255269b 200
[debug] [2026-05-19T05:45:11.360Z] <<< [apiv2][body] GET https://cloudfunctions.googleapis.com/v2/projects/ai-logic-demos/locations/us-central1/operations/operation-1779169507157-652252e7825c8-984bce46-8255269b {"name":"projects/ai-logic-demos/locations/us-central1/operations/operation-1779169507157-652252e7825c8-984bce46-8255269b","metadata":{"@type":"type.googleapis.com/google.cloud.functions.v2.OperationMetadata","createTime":"2026-05-19T05:45:10.227762384Z","target":"projects/ai-logic-demos/locations/us-central1/functions/onFlashcardDeleted","verb":"update","cancelRequested":false,"apiVersion":"v2","requestResource":{"@type":"type.googleapis.com/google.cloud.functions.v2.Function","name":"projects/ai-logic-demos/locations/us-central1/functions/onFlashcardDeleted","buildConfig":{"runtime":"nodejs20","entryPoint":"onFlashcardDeleted","source":{"storageSource":{"bucket":"gcf-v2-sources-861083271982-us-central1","object":"onFlashcardDeleted/function-source.zip","generation":"1779169510176503"}},"environmentVariables":{"GOOGLE_NODE_RUN_SCRIPTS":""},"dockerRepository":"projects/ai-logic-demos/locations/us-central1/repositories/gcf-artifacts","sourceProvenance":{"resolvedStorageSource":{"bucket":"gcf-v2-sources-861083271982-us-central1","object":"onFlashcardDeleted/function-source.zip","generation":"1775842656680626"}},"dockerRegistry":"ARTIFACT_REGISTRY","sourceToken":"Cldwcm9qZWN0cy84NjEwODMyNzE5ODIvbG9jYXRpb25zL3VzLWNlbnRyYWwxL2J1aWxkcy84MzJjMTFhMC1mNWZhLTRlOTctYmMzZC0zNTM1OGY4OTgyMDYScnVzLWNlbnRyYWwxLWRvY2tlci5wa2cuZGV2L2FpLWxvZ2ljLWRlbW9zL2djZi1hcnRpZmFjdHMvYWktLWxvZ2ljLS1kZW1vc19fdXMtLWNlbnRyYWwxX19sb2dfYmVmb3JlX2NhbGxzOnZlcnNpb25fMRiuhsDkhxkiRnByb2plY3RzL2FpLWxvZ2ljLWRlbW9zL2xvY2F0aW9ucy91cy1jZW50cmFsMS9mdW5jdGlvbnMvbG9nQmVmb3JlQ2FsbHMqDAjb8a/QBhD4782YATIIbm9kZWpzMjA6dgojZ2NyLmlvL2dhZS1ydW50aW1lcy9ub2RlanMyMDpzdGFibGUST3VzLWNlbnRyYWwxLWRvY2tlci5wa2cuZGV2L3NlcnZlcmxlc3MtcnVudGltZXMvZ29vZ2xlLTIyLWZ1bGwvcnVudGltZXMvbm9kZWpzMjBAAQ==","serviceAccount":"projects/ai-logic-demos/serviceAccounts/861083271982-compute@developer.gserviceaccount.com","automaticUpdatePolicy":{}},"serviceConfig":{"service":"projects/ai-logic-demos/locations/us-central1/services/onflashcarddeleted","timeoutSeconds":60,"environmentVariables":{"FIREBASE_CONFIG":"{\"projectId\":\"ai-logic-demos\",\"storageBucket\":\"ai-logic-demos.firebasestorage.app\"}","GCLOUD_PROJECT":"ai-logic-demos","EVENTARC_CLOUD_EVENT_SOURCE":"projects/ai-logic-demos/locations/us-central1/services/onFlashcardDeleted","FUNCTION_SIGNATURE_TYPE":"cloudevent","FUNCTION_TARGET":"onFlashcardDeleted","LOG_EXECUTION_ID":"true"},"ingressSettings":"ALLOW_ALL","uri":"https://onflashcarddeleted-e564rdz36a-uc.a.run.app","serviceAccountEmail":"861083271982-compute@developer.gserviceaccount.com","availableMemory":"256Mi","allTrafficOnLatestRevision":true,"revision":"onflashcarddeleted-00004-buw","maxInstanceRequestConcurrency":80,"availableCpu":"1"},"eventTrigger":{"trigger":"projects/ai-logic-demos/locations/nam5/triggers/onflashcarddeleted-523010","triggerRegion":"nam5","eventType":"google.cloud.firestore.document.v1.deleted","eventFilters":[{"attribute":"database","value":"(default)"},{"attribute":"namespace","value":"(default)"},{"attribute":"document","value":"Flashcards/{cardId}","operator":"match-path-pattern"}],"pubsubTopic":"projects/ai-logic-demos/topics/eventarc-nam5-onflashcarddeleted-523010-598","serviceAccountEmail":"861083271982-compute@developer.gserviceaccount.com","retryPolicy":"RETRY_POLICY_DO_NOT_RETRY"},"state":"ACTIVE","labels":{"deployment-tool":"cli-firebase","firebase-functions-hash":"058a68890a5fbe9246ad3d878bb86e3ffa8ca231"},"environment":"GEN_2","url":"https://us-central1-ai-logic-demos.cloudfunctions.net/onFlashcardDeleted","satisfiesPzi":true},"stages":[{"name":"BUILD","message":"Reusing build","state":"COMPLETE","resource":"projects/861083271982/locations/us-central1/builds/832c11a0-f5fa-4e97-bc3d-35358f898206","stateMessages":[{"severity":"WARNING","type":"BuildAnalysisWarning","message":"Node.js 20 is no longer supported by the Node.js community as of 30 April, 2026. Runtime nodejs20 is currently deprecated for Cloud Functions. We recommend you to upgrade to the latest version of Node.js as soon as possible."}]},{"name":"SERVICE","message":"Updating Cloud Run service","state":"IN_PROGRESS","resource":"projects/ai-logic-demos/locations/us-central1/services/onflashcarddeleted","resourceUri":"https://console.cloud.google.com/run/detail/us-central1/onflashcarddeleted?project=ai-logic-demos","stateMessages":[{"severity":"INFO","type":"CloudRunServiceNewRevisionTrafficInfo","message":"A new revision will be deployed serving with 100% traffic."}]},{"name":"TRIGGER","state":"NOT_STARTED"}],"sourceToken":"Cldwcm9qZWN0cy84NjEwODMyNzE5ODIvbG9jYXRpb25zL3VzLWNlbnRyYWwxL2J1aWxkcy84MzJjMTFhMC1mNWZhLTRlOTctYmMzZC0zNTM1OGY4OTgyMDYScnVzLWNlbnRyYWwxLWRvY2tlci5wa2cuZGV2L2FpLWxvZ2ljLWRlbW9zL2djZi1hcnRpZmFjdHMvYWktLWxvZ2ljLS1kZW1vc19fdXMtLWNlbnRyYWwxX19sb2dfYmVmb3JlX2NhbGxzOnZlcnNpb25fMRiuhsDkhxkiRnByb2plY3RzL2FpLWxvZ2ljLWRlbW9zL2xvY2F0aW9ucy91cy1jZW50cmFsMS9mdW5jdGlvbnMvbG9nQmVmb3JlQ2FsbHMqDAjb8a/QBhD4782YATIIbm9kZWpzMjA6dgojZ2NyLmlvL2dhZS1ydW50aW1lcy9ub2RlanMyMDpzdGFibGUST3VzLWNlbnRyYWwxLWRvY2tlci5wa2cuZGV2L3NlcnZlcmxlc3MtcnVudGltZXMvZ29vZ2xlLTIyLWZ1bGwvcnVudGltZXMvbm9kZWpzMjBAAQ==","operationType":"UPDATE_FUNCTION","buildName":"projects/861083271982/locations/us-central1/builds/832c11a0-f5fa-4e97-bc3d-35358f898206"},"done":false}
[debug] [2026-05-19T05:45:11.360Z] Got source token Cldwcm9qZWN0cy84NjEwODMyNzE5ODIvbG9jYXRpb25zL3VzLWNlbnRyYWwxL2J1aWxkcy84MzJjMTFhMC1mNWZhLTRlOTctYmMzZC0zNTM1OGY4OTgyMDYScnVzLWNlbnRyYWwxLWRvY2tlci5wa2cuZGV2L2FpLWxvZ2ljLWRlbW9zL2djZi1hcnRpZmFjdHMvYWktLWxvZ2ljLS1kZW1vc19fdXMtLWNlbnRyYWwxX19sb2dfYmVmb3JlX2NhbGxzOnZlcnNpb25fMRiuhsDkhxkiRnByb2plY3RzL2FpLWxvZ2ljLWRlbW9zL2xvY2F0aW9ucy91cy1jZW50cmFsMS9mdW5jdGlvbnMvbG9nQmVmb3JlQ2FsbHMqDAjb8a/QBhD4782YATIIbm9kZWpzMjA6dgojZ2NyLmlvL2dhZS1ydW50aW1lcy9ub2RlanMyMDpzdGFibGUST3VzLWNlbnRyYWwxLWRvY2tlci5wa2cuZGV2L3NlcnZlcmxlc3MtcnVudGltZXMvZ29vZ2xlLTIyLWZ1bGwvcnVudGltZXMvbm9kZWpzMjBAAQ== for region us-central1
[debug] [2026-05-19T05:45:11.446Z] <<< [apiv2][status] GET https://cloudfunctions.googleapis.com/v2/projects/ai-logic-demos/locations/us-central1/operations/operation-1779169507310-652252e7a7d2e-535c4a1e-d0dbd725 200
[debug] [2026-05-19T05:45:11.446Z] <<< [apiv2][body] GET https://cloudfunctions.googleapis.com/v2/projects/ai-logic-demos/locations/us-central1/operations/operation-1779169507310-652252e7a7d2e-535c4a1e-d0dbd725 {"name":"projects/ai-logic-demos/locations/us-central1/operations/operation-1779169507310-652252e7a7d2e-535c4a1e-d0dbd725","metadata":{"@type":"type.googleapis.com/google.cloud.functions.v2.OperationMetadata","createTime":"2026-05-19T05:45:08.881192465Z","target":"projects/ai-logic-demos/locations/us-central1/functions/refillEnergyBolts","verb":"update","cancelRequested":false,"apiVersion":"v2","requestResource":{"@type":"type.googleapis.com/google.cloud.functions.v2.Function","name":"projects/ai-logic-demos/locations/us-central1/functions/refillEnergyBolts","buildConfig":{"runtime":"nodejs20","entryPoint":"refillEnergyBolts","source":{"storageSource":{"bucket":"gcf-v2-sources-861083271982-us-central1","object":"refillEnergyBolts/function-source.zip","generation":"1779169508829558"}},"environmentVariables":{"GOOGLE_NODE_RUN_SCRIPTS":""},"dockerRepository":"projects/ai-logic-demos/locations/us-central1/repositories/gcf-artifacts","sourceProvenance":{"resolvedStorageSource":{"bucket":"gcf-v2-sources-861083271982-us-central1","object":"refillEnergyBolts/function-source.zip","generation":"1775842656673268"}},"dockerRegistry":"ARTIFACT_REGISTRY","sourceToken":"Cldwcm9qZWN0cy84NjEwODMyNzE5ODIvbG9jYXRpb25zL3VzLWNlbnRyYWwxL2J1aWxkcy84MzJjMTFhMC1mNWZhLTRlOTctYmMzZC0zNTM1OGY4OTgyMDYScnVzLWNlbnRyYWwxLWRvY2tlci5wa2cuZGV2L2FpLWxvZ2ljLWRlbW9zL2djZi1hcnRpZmFjdHMvYWktLWxvZ2ljLS1kZW1vc19fdXMtLWNlbnRyYWwxX19sb2dfYmVmb3JlX2NhbGxzOnZlcnNpb25fMRiuhsDkhxkiRnByb2plY3RzL2FpLWxvZ2ljLWRlbW9zL2xvY2F0aW9ucy91cy1jZW50cmFsMS9mdW5jdGlvbnMvbG9nQmVmb3JlQ2FsbHMqDAjb8a/QBhD4782YATIIbm9kZWpzMjA6dgojZ2NyLmlvL2dhZS1ydW50aW1lcy9ub2RlanMyMDpzdGFibGUST3VzLWNlbnRyYWwxLWRvY2tlci5wa2cuZGV2L3NlcnZlcmxlc3MtcnVudGltZXMvZ29vZ2xlLTIyLWZ1bGwvcnVudGltZXMvbm9kZWpzMjBAAQ==","serviceAccount":"projects/ai-logic-demos/serviceAccounts/861083271982-compute@developer.gserviceaccount.com","automaticUpdatePolicy":{}},"serviceConfig":{"service":"projects/ai-logic-demos/locations/us-central1/services/refillenergybolts","timeoutSeconds":60,"environmentVariables":{"FIREBASE_CONFIG":"{\"projectId\":\"ai-logic-demos\",\"storageBucket\":\"ai-logic-demos.firebasestorage.app\"}","GCLOUD_PROJECT":"ai-logic-demos","EVENTARC_CLOUD_EVENT_SOURCE":"projects/ai-logic-demos/locations/us-central1/services/refillEnergyBolts","FUNCTION_TARGET":"refillEnergyBolts","LOG_EXECUTION_ID":"true","FUNCTION_SIGNATURE_TYPE":"http"},"ingressSettings":"ALLOW_ALL","uri":"https://refillenergybolts-e564rdz36a-uc.a.run.app","serviceAccountEmail":"861083271982-compute@developer.gserviceaccount.com","availableMemory":"256Mi","allTrafficOnLatestRevision":true,"revision":"refillenergybolts-00004-luh","maxInstanceRequestConcurrency":80,"availableCpu":"1"},"state":"ACTIVE","labels":{"deployment-tool":"cli-firebase","deployment-scheduled":"true","firebase-functions-hash":"058a68890a5fbe9246ad3d878bb86e3ffa8ca231"},"environment":"GEN_2","url":"https://us-central1-ai-logic-demos.cloudfunctions.net/refillEnergyBolts","satisfiesPzi":true},"stages":[{"name":"BUILD","message":"Reusing build","state":"COMPLETE","resource":"projects/861083271982/locations/us-central1/builds/832c11a0-f5fa-4e97-bc3d-35358f898206","stateMessages":[{"severity":"WARNING","type":"BuildAnalysisWarning","message":"Node.js 20 is no longer supported by the Node.js community as of 30 April, 2026. Runtime nodejs20 is currently deprecated for Cloud Functions. We recommend you to upgrade to the latest version of Node.js as soon as possible."}]},{"name":"SERVICE","message":"Updating Cloud Run service","state":"IN_PROGRESS","resource":"projects/ai-logic-demos/locations/us-central1/services/refillenergybolts","resourceUri":"https://console.cloud.google.com/run/detail/us-central1/refillenergybolts?project=ai-logic-demos","stateMessages":[{"severity":"INFO","type":"CloudRunServiceNewRevisionTrafficInfo","message":"A new revision will be deployed serving with 100% traffic."}]}],"sourceToken":"Cldwcm9qZWN0cy84NjEwODMyNzE5ODIvbG9jYXRpb25zL3VzLWNlbnRyYWwxL2J1aWxkcy84MzJjMTFhMC1mNWZhLTRlOTctYmMzZC0zNTM1OGY4OTgyMDYScnVzLWNlbnRyYWwxLWRvY2tlci5wa2cuZGV2L2FpLWxvZ2ljLWRlbW9zL2djZi1hcnRpZmFjdHMvYWktLWxvZ2ljLS1kZW1vc19fdXMtLWNlbnRyYWwxX19sb2dfYmVmb3JlX2NhbGxzOnZlcnNpb25fMRiuhsDkhxkiRnByb2plY3RzL2FpLWxvZ2ljLWRlbW9zL2xvY2F0aW9ucy91cy1jZW50cmFsMS9mdW5jdGlvbnMvbG9nQmVmb3JlQ2FsbHMqDAjb8a/QBhD4782YATIIbm9kZWpzMjA6dgojZ2NyLmlvL2dhZS1ydW50aW1lcy9ub2RlanMyMDpzdGFibGUST3VzLWNlbnRyYWwxLWRvY2tlci5wa2cuZGV2L3NlcnZlcmxlc3MtcnVudGltZXMvZ29vZ2xlLTIyLWZ1bGwvcnVudGltZXMvbm9kZWpzMjBAAQ==","operationType":"UPDATE_FUNCTION","buildName":"projects/861083271982/locations/us-central1/builds/832c11a0-f5fa-4e97-bc3d-35358f898206"},"done":false}
[debug] [2026-05-19T05:45:11.446Z] Got source token Cldwcm9qZWN0cy84NjEwODMyNzE5ODIvbG9jYXRpb25zL3VzLWNlbnRyYWwxL2J1aWxkcy84MzJjMTFhMC1mNWZhLTRlOTctYmMzZC0zNTM1OGY4OTgyMDYScnVzLWNlbnRyYWwxLWRvY2tlci5wa2cuZGV2L2FpLWxvZ2ljLWRlbW9zL2djZi1hcnRpZmFjdHMvYWktLWxvZ2ljLS1kZW1vc19fdXMtLWNlbnRyYWwxX19sb2dfYmVmb3JlX2NhbGxzOnZlcnNpb25fMRiuhsDkhxkiRnByb2plY3RzL2FpLWxvZ2ljLWRlbW9zL2xvY2F0aW9ucy91cy1jZW50cmFsMS9mdW5jdGlvbnMvbG9nQmVmb3JlQ2FsbHMqDAjb8a/QBhD4782YATIIbm9kZWpzMjA6dgojZ2NyLmlvL2dhZS1ydW50aW1lcy9ub2RlanMyMDpzdGFibGUST3VzLWNlbnRyYWwxLWRvY2tlci5wa2cuZGV2L3NlcnZlcmxlc3MtcnVudGltZXMvZ29vZ2xlLTIyLWZ1bGwvcnVudGltZXMvbm9kZWpzMjBAAQ== for region us-central1
[debug] [2026-05-19T05:45:11.529Z] [update-default-us-central1-syncUserClaims] Retrying task index 0
[debug] [2026-05-19T05:45:11.529Z] No OAuth tokens found
[debug] [2026-05-19T05:45:11.530Z] >>> [apiv2][query] GET https://cloudfunctions.googleapis.com/v2/projects/ai-logic-demos/locations/us-central1/operations/operation-1779169506613-652252e6fd7ce-9681db7b-448b6c0f [none]
[debug] [2026-05-19T05:45:11.815Z] <<< [apiv2][status] GET https://cloudfunctions.googleapis.com/v2/projects/ai-logic-demos/locations/us-central1/operations/operation-1779169506613-652252e6fd7ce-9681db7b-448b6c0f 200
[debug] [2026-05-19T05:45:11.815Z] <<< [apiv2][body] GET https://cloudfunctions.googleapis.com/v2/projects/ai-logic-demos/locations/us-central1/operations/operation-1779169506613-652252e6fd7ce-9681db7b-448b6c0f {"name":"projects/ai-logic-demos/locations/us-central1/operations/operation-1779169506613-652252e6fd7ce-9681db7b-448b6c0f","metadata":{"@type":"type.googleapis.com/google.cloud.functions.v2.OperationMetadata","createTime":"2026-05-19T05:45:09.410395826Z","target":"projects/ai-logic-demos/locations/us-central1/functions/syncUserClaims","verb":"update","cancelRequested":false,"apiVersion":"v2","requestResource":{"@type":"type.googleapis.com/google.cloud.functions.v2.Function","name":"projects/ai-logic-demos/locations/us-central1/functions/syncUserClaims","buildConfig":{"runtime":"nodejs20","entryPoint":"syncUserClaims","source":{"storageSource":{"bucket":"gcf-v2-sources-861083271982-us-central1","object":"syncUserClaims/function-source.zip","generation":"1779169509357321"}},"environmentVariables":{"GOOGLE_NODE_RUN_SCRIPTS":""},"dockerRepository":"projects/ai-logic-demos/locations/us-central1/repositories/gcf-artifacts","sourceProvenance":{"resolvedStorageSource":{"bucket":"gcf-v2-sources-861083271982-us-central1","object":"syncUserClaims/function-source.zip","generation":"1775842656820921"}},"dockerRegistry":"ARTIFACT_REGISTRY","sourceToken":"Cldwcm9qZWN0cy84NjEwODMyNzE5ODIvbG9jYXRpb25zL3VzLWNlbnRyYWwxL2J1aWxkcy84MzJjMTFhMC1mNWZhLTRlOTctYmMzZC0zNTM1OGY4OTgyMDYScnVzLWNlbnRyYWwxLWRvY2tlci5wa2cuZGV2L2FpLWxvZ2ljLWRlbW9zL2djZi1hcnRpZmFjdHMvYWktLWxvZ2ljLS1kZW1vc19fdXMtLWNlbnRyYWwxX19sb2dfYmVmb3JlX2NhbGxzOnZlcnNpb25fMRiuhsDkhxkiRnByb2plY3RzL2FpLWxvZ2ljLWRlbW9zL2xvY2F0aW9ucy91cy1jZW50cmFsMS9mdW5jdGlvbnMvbG9nQmVmb3JlQ2FsbHMqDAjb8a/QBhD4782YATIIbm9kZWpzMjA6dgojZ2NyLmlvL2dhZS1ydW50aW1lcy9ub2RlanMyMDpzdGFibGUST3VzLWNlbnRyYWwxLWRvY2tlci5wa2cuZGV2L3NlcnZlcmxlc3MtcnVudGltZXMvZ29vZ2xlLTIyLWZ1bGwvcnVudGltZXMvbm9kZWpzMjBAAQ==","serviceAccount":"projects/ai-logic-demos/serviceAccounts/861083271982-compute@developer.gserviceaccount.com","automaticUpdatePolicy":{}},"serviceConfig":{"service":"projects/ai-logic-demos/locations/us-central1/services/syncuserclaims","timeoutSeconds":60,"environmentVariables":{"FIREBASE_CONFIG":"{\"projectId\":\"ai-logic-demos\",\"storageBucket\":\"ai-logic-demos.firebasestorage.app\"}","GCLOUD_PROJECT":"ai-logic-demos","EVENTARC_CLOUD_EVENT_SOURCE":"projects/ai-logic-demos/locations/us-central1/services/syncUserClaims","FUNCTION_SIGNATURE_TYPE":"cloudevent","FUNCTION_TARGET":"syncUserClaims","LOG_EXECUTION_ID":"true"},"ingressSettings":"ALLOW_ALL","uri":"https://syncuserclaims-e564rdz36a-uc.a.run.app","serviceAccountEmail":"861083271982-compute@developer.gserviceaccount.com","availableMemory":"256Mi","allTrafficOnLatestRevision":true,"revision":"syncuserclaims-00002-kip","maxInstanceRequestConcurrency":80,"availableCpu":"1"},"eventTrigger":{"trigger":"projects/ai-logic-demos/locations/nam5/triggers/syncuserclaims-447028","triggerRegion":"nam5","eventType":"google.cloud.firestore.document.v1.updated","eventFilters":[{"attribute":"database","value":"(default)"},{"attribute":"namespace","value":"(default)"},{"attribute":"document","value":"Users/{uid}","operator":"match-path-pattern"}],"pubsubTopic":"projects/ai-logic-demos/topics/eventarc-nam5-syncuserclaims-447028-714","serviceAccountEmail":"861083271982-compute@developer.gserviceaccount.com","retryPolicy":"RETRY_POLICY_DO_NOT_RETRY"},"state":"ACTIVE","labels":{"deployment-tool":"cli-firebase","firebase-functions-hash":"058a68890a5fbe9246ad3d878bb86e3ffa8ca231"},"environment":"GEN_2","url":"https://us-central1-ai-logic-demos.cloudfunctions.net/syncUserClaims","satisfiesPzi":true},"stages":[{"name":"BUILD","message":"Reusing build","state":"COMPLETE","resource":"projects/861083271982/locations/us-central1/builds/832c11a0-f5fa-4e97-bc3d-35358f898206","stateMessages":[{"severity":"WARNING","type":"BuildAnalysisWarning","message":"Node.js 20 is no longer supported by the Node.js community as of 30 April, 2026. Runtime nodejs20 is currently deprecated for Cloud Functions. We recommend you to upgrade to the latest version of Node.js as soon as possible."}]},{"name":"SERVICE","state":"NOT_STARTED"},{"name":"TRIGGER","state":"NOT_STARTED"}],"sourceToken":"Cldwcm9qZWN0cy84NjEwODMyNzE5ODIvbG9jYXRpb25zL3VzLWNlbnRyYWwxL2J1aWxkcy84MzJjMTFhMC1mNWZhLTRlOTctYmMzZC0zNTM1OGY4OTgyMDYScnVzLWNlbnRyYWwxLWRvY2tlci5wa2cuZGV2L2FpLWxvZ2ljLWRlbW9zL2djZi1hcnRpZmFjdHMvYWktLWxvZ2ljLS1kZW1vc19fdXMtLWNlbnRyYWwxX19sb2dfYmVmb3JlX2NhbGxzOnZlcnNpb25fMRiuhsDkhxkiRnByb2plY3RzL2FpLWxvZ2ljLWRlbW9zL2xvY2F0aW9ucy91cy1jZW50cmFsMS9mdW5jdGlvbnMvbG9nQmVmb3JlQ2FsbHMqDAjb8a/QBhD4782YATIIbm9kZWpzMjA6dgojZ2NyLmlvL2dhZS1ydW50aW1lcy9ub2RlanMyMDpzdGFibGUST3VzLWNlbnRyYWwxLWRvY2tlci5wa2cuZGV2L3NlcnZlcmxlc3MtcnVudGltZXMvZ29vZ2xlLTIyLWZ1bGwvcnVudGltZXMvbm9kZWpzMjBAAQ==","operationType":"UPDATE_FUNCTION","buildName":"projects/861083271982/locations/us-central1/builds/832c11a0-f5fa-4e97-bc3d-35358f898206"},"done":false}
[debug] [2026-05-19T05:45:11.815Z] Got source token Cldwcm9qZWN0cy84NjEwODMyNzE5ODIvbG9jYXRpb25zL3VzLWNlbnRyYWwxL2J1aWxkcy84MzJjMTFhMC1mNWZhLTRlOTctYmMzZC0zNTM1OGY4OTgyMDYScnVzLWNlbnRyYWwxLWRvY2tlci5wa2cuZGV2L2FpLWxvZ2ljLWRlbW9zL2djZi1hcnRpZmFjdHMvYWktLWxvZ2ljLS1kZW1vc19fdXMtLWNlbnRyYWwxX19sb2dfYmVmb3JlX2NhbGxzOnZlcnNpb25fMRiuhsDkhxkiRnByb2plY3RzL2FpLWxvZ2ljLWRlbW9zL2xvY2F0aW9ucy91cy1jZW50cmFsMS9mdW5jdGlvbnMvbG9nQmVmb3JlQ2FsbHMqDAjb8a/QBhD4782YATIIbm9kZWpzMjA6dgojZ2NyLmlvL2dhZS1ydW50aW1lcy9ub2RlanMyMDpzdGFibGUST3VzLWNlbnRyYWwxLWRvY2tlci5wa2cuZGV2L3NlcnZlcmxlc3MtcnVudGltZXMvZ29vZ2xlLTIyLWZ1bGwvcnVudGltZXMvbm9kZWpzMjBAAQ== for region us-central1
[debug] [2026-05-19T05:45:12.361Z] [update-default-us-central1-onFlashcardDeleted] Retrying task index 0
[debug] [2026-05-19T05:45:12.361Z] No OAuth tokens found
[debug] [2026-05-19T05:45:12.362Z] >>> [apiv2][query] GET https://cloudfunctions.googleapis.com/v2/projects/ai-logic-demos/locations/us-central1/operations/operation-1779169507157-652252e7825c8-984bce46-8255269b [none]
[debug] [2026-05-19T05:45:12.605Z] <<< [apiv2][status] GET https://cloudfunctions.googleapis.com/v2/projects/ai-logic-demos/locations/us-central1/operations/operation-1779169507157-652252e7825c8-984bce46-8255269b 200
[debug] [2026-05-19T05:45:12.605Z] <<< [apiv2][body] GET https://cloudfunctions.googleapis.com/v2/projects/ai-logic-demos/locations/us-central1/operations/operation-1779169507157-652252e7825c8-984bce46-8255269b {"name":"projects/ai-logic-demos/locations/us-central1/operations/operation-1779169507157-652252e7825c8-984bce46-8255269b","metadata":{"@type":"type.googleapis.com/google.cloud.functions.v2.OperationMetadata","createTime":"2026-05-19T05:45:10.227762384Z","target":"projects/ai-logic-demos/locations/us-central1/functions/onFlashcardDeleted","verb":"update","cancelRequested":false,"apiVersion":"v2","requestResource":{"@type":"type.googleapis.com/google.cloud.functions.v2.Function","name":"projects/ai-logic-demos/locations/us-central1/functions/onFlashcardDeleted","buildConfig":{"runtime":"nodejs20","entryPoint":"onFlashcardDeleted","source":{"storageSource":{"bucket":"gcf-v2-sources-861083271982-us-central1","object":"onFlashcardDeleted/function-source.zip","generation":"1779169510176503"}},"environmentVariables":{"GOOGLE_NODE_RUN_SCRIPTS":""},"dockerRepository":"projects/ai-logic-demos/locations/us-central1/repositories/gcf-artifacts","sourceProvenance":{"resolvedStorageSource":{"bucket":"gcf-v2-sources-861083271982-us-central1","object":"onFlashcardDeleted/function-source.zip","generation":"1775842656680626"}},"dockerRegistry":"ARTIFACT_REGISTRY","sourceToken":"Cldwcm9qZWN0cy84NjEwODMyNzE5ODIvbG9jYXRpb25zL3VzLWNlbnRyYWwxL2J1aWxkcy84MzJjMTFhMC1mNWZhLTRlOTctYmMzZC0zNTM1OGY4OTgyMDYScnVzLWNlbnRyYWwxLWRvY2tlci5wa2cuZGV2L2FpLWxvZ2ljLWRlbW9zL2djZi1hcnRpZmFjdHMvYWktLWxvZ2ljLS1kZW1vc19fdXMtLWNlbnRyYWwxX19sb2dfYmVmb3JlX2NhbGxzOnZlcnNpb25fMRiuhsDkhxkiRnByb2plY3RzL2FpLWxvZ2ljLWRlbW9zL2xvY2F0aW9ucy91cy1jZW50cmFsMS9mdW5jdGlvbnMvbG9nQmVmb3JlQ2FsbHMqDAjb8a/QBhD4782YATIIbm9kZWpzMjA6dgojZ2NyLmlvL2dhZS1ydW50aW1lcy9ub2RlanMyMDpzdGFibGUST3VzLWNlbnRyYWwxLWRvY2tlci5wa2cuZGV2L3NlcnZlcmxlc3MtcnVudGltZXMvZ29vZ2xlLTIyLWZ1bGwvcnVudGltZXMvbm9kZWpzMjBAAQ==","serviceAccount":"projects/ai-logic-demos/serviceAccounts/861083271982-compute@developer.gserviceaccount.com","automaticUpdatePolicy":{}},"serviceConfig":{"service":"projects/ai-logic-demos/locations/us-central1/services/onflashcarddeleted","timeoutSeconds":60,"environmentVariables":{"FIREBASE_CONFIG":"{\"projectId\":\"ai-logic-demos\",\"storageBucket\":\"ai-logic-demos.firebasestorage.app\"}","GCLOUD_PROJECT":"ai-logic-demos","EVENTARC_CLOUD_EVENT_SOURCE":"projects/ai-logic-demos/locations/us-central1/services/onFlashcardDeleted","FUNCTION_SIGNATURE_TYPE":"cloudevent","FUNCTION_TARGET":"onFlashcardDeleted","LOG_EXECUTION_ID":"true"},"ingressSettings":"ALLOW_ALL","uri":"https://onflashcarddeleted-e564rdz36a-uc.a.run.app","serviceAccountEmail":"861083271982-compute@developer.gserviceaccount.com","availableMemory":"256Mi","allTrafficOnLatestRevision":true,"revision":"onflashcarddeleted-00004-buw","maxInstanceRequestConcurrency":80,"availableCpu":"1"},"eventTrigger":{"trigger":"projects/ai-logic-demos/locations/nam5/triggers/onflashcarddeleted-523010","triggerRegion":"nam5","eventType":"google.cloud.firestore.document.v1.deleted","eventFilters":[{"attribute":"database","value":"(default)"},{"attribute":"namespace","value":"(default)"},{"attribute":"document","value":"Flashcards/{cardId}","operator":"match-path-pattern"}],"pubsubTopic":"projects/ai-logic-demos/topics/eventarc-nam5-onflashcarddeleted-523010-598","serviceAccountEmail":"861083271982-compute@developer.gserviceaccount.com","retryPolicy":"RETRY_POLICY_DO_NOT_RETRY"},"state":"ACTIVE","labels":{"deployment-tool":"cli-firebase","firebase-functions-hash":"058a68890a5fbe9246ad3d878bb86e3ffa8ca231"},"environment":"GEN_2","url":"https://us-central1-ai-logic-demos.cloudfunctions.net/onFlashcardDeleted","satisfiesPzi":true},"stages":[{"name":"BUILD","message":"Reusing build","state":"COMPLETE","resource":"projects/861083271982/locations/us-central1/builds/832c11a0-f5fa-4e97-bc3d-35358f898206","stateMessages":[{"severity":"WARNING","type":"BuildAnalysisWarning","message":"Node.js 20 is no longer supported by the Node.js community as of 30 April, 2026. Runtime nodejs20 is currently deprecated for Cloud Functions. We recommend you to upgrade to the latest version of Node.js as soon as possible."}]},{"name":"SERVICE","message":"Updating Cloud Run service","state":"IN_PROGRESS","resource":"projects/ai-logic-demos/locations/us-central1/services/onflashcarddeleted","resourceUri":"https://console.cloud.google.com/run/detail/us-central1/onflashcarddeleted?project=ai-logic-demos","stateMessages":[{"severity":"INFO","type":"CloudRunServiceNewRevisionTrafficInfo","message":"A new revision will be deployed serving with 100% traffic."}]},{"name":"TRIGGER","state":"NOT_STARTED"}],"sourceToken":"Cldwcm9qZWN0cy84NjEwODMyNzE5ODIvbG9jYXRpb25zL3VzLWNlbnRyYWwxL2J1aWxkcy84MzJjMTFhMC1mNWZhLTRlOTctYmMzZC0zNTM1OGY4OTgyMDYScnVzLWNlbnRyYWwxLWRvY2tlci5wa2cuZGV2L2FpLWxvZ2ljLWRlbW9zL2djZi1hcnRpZmFjdHMvYWktLWxvZ2ljLS1kZW1vc19fdXMtLWNlbnRyYWwxX19sb2dfYmVmb3JlX2NhbGxzOnZlcnNpb25fMRiuhsDkhxkiRnByb2plY3RzL2FpLWxvZ2ljLWRlbW9zL2xvY2F0aW9ucy91cy1jZW50cmFsMS9mdW5jdGlvbnMvbG9nQmVmb3JlQ2FsbHMqDAjb8a/QBhD4782YATIIbm9kZWpzMjA6dgojZ2NyLmlvL2dhZS1ydW50aW1lcy9ub2RlanMyMDpzdGFibGUST3VzLWNlbnRyYWwxLWRvY2tlci5wa2cuZGV2L3NlcnZlcmxlc3MtcnVudGltZXMvZ29vZ2xlLTIyLWZ1bGwvcnVudGltZXMvbm9kZWpzMjBAAQ==","operationType":"UPDATE_FUNCTION","buildName":"projects/861083271982/locations/us-central1/builds/832c11a0-f5fa-4e97-bc3d-35358f898206"},"done":false}
[debug] [2026-05-19T05:45:12.605Z] Got source token Cldwcm9qZWN0cy84NjEwODMyNzE5ODIvbG9jYXRpb25zL3VzLWNlbnRyYWwxL2J1aWxkcy84MzJjMTFhMC1mNWZhLTRlOTctYmMzZC0zNTM1OGY4OTgyMDYScnVzLWNlbnRyYWwxLWRvY2tlci5wa2cuZGV2L2FpLWxvZ2ljLWRlbW9zL2djZi1hcnRpZmFjdHMvYWktLWxvZ2ljLS1kZW1vc19fdXMtLWNlbnRyYWwxX19sb2dfYmVmb3JlX2NhbGxzOnZlcnNpb25fMRiuhsDkhxkiRnByb2plY3RzL2FpLWxvZ2ljLWRlbW9zL2xvY2F0aW9ucy91cy1jZW50cmFsMS9mdW5jdGlvbnMvbG9nQmVmb3JlQ2FsbHMqDAjb8a/QBhD4782YATIIbm9kZWpzMjA6dgojZ2NyLmlvL2dhZS1ydW50aW1lcy9ub2RlanMyMDpzdGFibGUST3VzLWNlbnRyYWwxLWRvY2tlci5wa2cuZGV2L3NlcnZlcmxlc3MtcnVudGltZXMvZ29vZ2xlLTIyLWZ1bGwvcnVudGltZXMvbm9kZWpzMjBAAQ== for region us-central1
[debug] [2026-05-19T05:45:13.445Z] [update-default-us-central1-refillEnergyBolts] Retrying task index 0
[debug] [2026-05-19T05:45:13.445Z] No OAuth tokens found
[debug] [2026-05-19T05:45:13.446Z] >>> [apiv2][query] GET https://cloudfunctions.googleapis.com/v2/projects/ai-logic-demos/locations/us-central1/operations/operation-1779169507310-652252e7a7d2e-535c4a1e-d0dbd725 [none]
[debug] [2026-05-19T05:45:13.767Z] <<< [apiv2][status] GET https://cloudfunctions.googleapis.com/v2/projects/ai-logic-demos/locations/us-central1/operations/operation-1779169507310-652252e7a7d2e-535c4a1e-d0dbd725 200
[debug] [2026-05-19T05:45:13.767Z] <<< [apiv2][body] GET https://cloudfunctions.googleapis.com/v2/projects/ai-logic-demos/locations/us-central1/operations/operation-1779169507310-652252e7a7d2e-535c4a1e-d0dbd725 {"name":"projects/ai-logic-demos/locations/us-central1/operations/operation-1779169507310-652252e7a7d2e-535c4a1e-d0dbd725","metadata":{"@type":"type.googleapis.com/google.cloud.functions.v2.OperationMetadata","createTime":"2026-05-19T05:45:08.881192465Z","target":"projects/ai-logic-demos/locations/us-central1/functions/refillEnergyBolts","verb":"update","cancelRequested":false,"apiVersion":"v2","requestResource":{"@type":"type.googleapis.com/google.cloud.functions.v2.Function","name":"projects/ai-logic-demos/locations/us-central1/functions/refillEnergyBolts","buildConfig":{"runtime":"nodejs20","entryPoint":"refillEnergyBolts","source":{"storageSource":{"bucket":"gcf-v2-sources-861083271982-us-central1","object":"refillEnergyBolts/function-source.zip","generation":"1779169508829558"}},"environmentVariables":{"GOOGLE_NODE_RUN_SCRIPTS":""},"dockerRepository":"projects/ai-logic-demos/locations/us-central1/repositories/gcf-artifacts","sourceProvenance":{"resolvedStorageSource":{"bucket":"gcf-v2-sources-861083271982-us-central1","object":"refillEnergyBolts/function-source.zip","generation":"1775842656673268"}},"dockerRegistry":"ARTIFACT_REGISTRY","sourceToken":"Cldwcm9qZWN0cy84NjEwODMyNzE5ODIvbG9jYXRpb25zL3VzLWNlbnRyYWwxL2J1aWxkcy84MzJjMTFhMC1mNWZhLTRlOTctYmMzZC0zNTM1OGY4OTgyMDYScnVzLWNlbnRyYWwxLWRvY2tlci5wa2cuZGV2L2FpLWxvZ2ljLWRlbW9zL2djZi1hcnRpZmFjdHMvYWktLWxvZ2ljLS1kZW1vc19fdXMtLWNlbnRyYWwxX19sb2dfYmVmb3JlX2NhbGxzOnZlcnNpb25fMRiuhsDkhxkiRnByb2plY3RzL2FpLWxvZ2ljLWRlbW9zL2xvY2F0aW9ucy91cy1jZW50cmFsMS9mdW5jdGlvbnMvbG9nQmVmb3JlQ2FsbHMqDAjb8a/QBhD4782YATIIbm9kZWpzMjA6dgojZ2NyLmlvL2dhZS1ydW50aW1lcy9ub2RlanMyMDpzdGFibGUST3VzLWNlbnRyYWwxLWRvY2tlci5wa2cuZGV2L3NlcnZlcmxlc3MtcnVudGltZXMvZ29vZ2xlLTIyLWZ1bGwvcnVudGltZXMvbm9kZWpzMjBAAQ==","serviceAccount":"projects/ai-logic-demos/serviceAccounts/861083271982-compute@developer.gserviceaccount.com","automaticUpdatePolicy":{}},"serviceConfig":{"service":"projects/ai-logic-demos/locations/us-central1/services/refillenergybolts","timeoutSeconds":60,"environmentVariables":{"FIREBASE_CONFIG":"{\"projectId\":\"ai-logic-demos\",\"storageBucket\":\"ai-logic-demos.firebasestorage.app\"}","GCLOUD_PROJECT":"ai-logic-demos","EVENTARC_CLOUD_EVENT_SOURCE":"projects/ai-logic-demos/locations/us-central1/services/refillEnergyBolts","FUNCTION_TARGET":"refillEnergyBolts","LOG_EXECUTION_ID":"true","FUNCTION_SIGNATURE_TYPE":"http"},"ingressSettings":"ALLOW_ALL","uri":"https://refillenergybolts-e564rdz36a-uc.a.run.app","serviceAccountEmail":"861083271982-compute@developer.gserviceaccount.com","availableMemory":"256Mi","allTrafficOnLatestRevision":true,"revision":"refillenergybolts-00004-luh","maxInstanceRequestConcurrency":80,"availableCpu":"1"},"state":"ACTIVE","labels":{"deployment-tool":"cli-firebase","deployment-scheduled":"true","firebase-functions-hash":"058a68890a5fbe9246ad3d878bb86e3ffa8ca231"},"environment":"GEN_2","url":"https://us-central1-ai-logic-demos.cloudfunctions.net/refillEnergyBolts","satisfiesPzi":true},"stages":[{"name":"BUILD","message":"Reusing build","state":"COMPLETE","resource":"projects/861083271982/locations/us-central1/builds/832c11a0-f5fa-4e97-bc3d-35358f898206","stateMessages":[{"severity":"WARNING","type":"BuildAnalysisWarning","message":"Node.js 20 is no longer supported by the Node.js community as of 30 April, 2026. Runtime nodejs20 is currently deprecated for Cloud Functions. We recommend you to upgrade to the latest version of Node.js as soon as possible."}]},{"name":"SERVICE","message":"Updating Cloud Run service","state":"IN_PROGRESS","resource":"projects/ai-logic-demos/locations/us-central1/services/refillenergybolts","resourceUri":"https://console.cloud.google.com/run/detail/us-central1/refillenergybolts?project=ai-logic-demos","stateMessages":[{"severity":"INFO","type":"CloudRunServiceNewRevisionTrafficInfo","message":"A new revision will be deployed serving with 100% traffic."}]}],"sourceToken":"Cldwcm9qZWN0cy84NjEwODMyNzE5ODIvbG9jYXRpb25zL3VzLWNlbnRyYWwxL2J1aWxkcy84MzJjMTFhMC1mNWZhLTRlOTctYmMzZC0zNTM1OGY4OTgyMDYScnVzLWNlbnRyYWwxLWRvY2tlci5wa2cuZGV2L2FpLWxvZ2ljLWRlbW9zL2djZi1hcnRpZmFjdHMvYWktLWxvZ2ljLS1kZW1vc19fdXMtLWNlbnRyYWwxX19sb2dfYmVmb3JlX2NhbGxzOnZlcnNpb25fMRiuhsDkhxkiRnByb2plY3RzL2FpLWxvZ2ljLWRlbW9zL2xvY2F0aW9ucy91cy1jZW50cmFsMS9mdW5jdGlvbnMvbG9nQmVmb3JlQ2FsbHMqDAjb8a/QBhD4782YATIIbm9kZWpzMjA6dgojZ2NyLmlvL2dhZS1ydW50aW1lcy9ub2RlanMyMDpzdGFibGUST3VzLWNlbnRyYWwxLWRvY2tlci5wa2cuZGV2L3NlcnZlcmxlc3MtcnVudGltZXMvZ29vZ2xlLTIyLWZ1bGwvcnVudGltZXMvbm9kZWpzMjBAAQ==","operationType":"UPDATE_FUNCTION","buildName":"projects/861083271982/locations/us-central1/builds/832c11a0-f5fa-4e97-bc3d-35358f898206"},"done":false}
[debug] [2026-05-19T05:45:13.767Z] Got source token Cldwcm9qZWN0cy84NjEwODMyNzE5ODIvbG9jYXRpb25zL3VzLWNlbnRyYWwxL2J1aWxkcy84MzJjMTFhMC1mNWZhLTRlOTctYmMzZC0zNTM1OGY4OTgyMDYScnVzLWNlbnRyYWwxLWRvY2tlci5wa2cuZGV2L2FpLWxvZ2ljLWRlbW9zL2djZi1hcnRpZmFjdHMvYWktLWxvZ2ljLS1kZW1vc19fdXMtLWNlbnRyYWwxX19sb2dfYmVmb3JlX2NhbGxzOnZlcnNpb25fMRiuhsDkhxkiRnByb2plY3RzL2FpLWxvZ2ljLWRlbW9zL2xvY2F0aW9ucy91cy1jZW50cmFsMS9mdW5jdGlvbnMvbG9nQmVmb3JlQ2FsbHMqDAjb8a/QBhD4782YATIIbm9kZWpzMjA6dgojZ2NyLmlvL2dhZS1ydW50aW1lcy9ub2RlanMyMDpzdGFibGUST3VzLWNlbnRyYWwxLWRvY2tlci5wa2cuZGV2L3NlcnZlcmxlc3MtcnVudGltZXMvZ29vZ2xlLTIyLWZ1bGwvcnVudGltZXMvbm9kZWpzMjBAAQ== for region us-central1
[debug] [2026-05-19T05:45:13.814Z] [update-default-us-central1-syncUserClaims] Retrying task index 0
[debug] [2026-05-19T05:45:13.815Z] No OAuth tokens found
[debug] [2026-05-19T05:45:13.815Z] >>> [apiv2][query] GET https://cloudfunctions.googleapis.com/v2/projects/ai-logic-demos/locations/us-central1/operations/operation-1779169506613-652252e6fd7ce-9681db7b-448b6c0f [none]
[debug] [2026-05-19T05:45:14.053Z] <<< [apiv2][status] GET https://cloudfunctions.googleapis.com/v2/projects/ai-logic-demos/locations/us-central1/operations/operation-1779169506613-652252e6fd7ce-9681db7b-448b6c0f 200
[debug] [2026-05-19T05:45:14.053Z] <<< [apiv2][body] GET https://cloudfunctions.googleapis.com/v2/projects/ai-logic-demos/locations/us-central1/operations/operation-1779169506613-652252e6fd7ce-9681db7b-448b6c0f {"name":"projects/ai-logic-demos/locations/us-central1/operations/operation-1779169506613-652252e6fd7ce-9681db7b-448b6c0f","metadata":{"@type":"type.googleapis.com/google.cloud.functions.v2.OperationMetadata","createTime":"2026-05-19T05:45:09.410395826Z","target":"projects/ai-logic-demos/locations/us-central1/functions/syncUserClaims","verb":"update","cancelRequested":false,"apiVersion":"v2","requestResource":{"@type":"type.googleapis.com/google.cloud.functions.v2.Function","name":"projects/ai-logic-demos/locations/us-central1/functions/syncUserClaims","buildConfig":{"runtime":"nodejs20","entryPoint":"syncUserClaims","source":{"storageSource":{"bucket":"gcf-v2-sources-861083271982-us-central1","object":"syncUserClaims/function-source.zip","generation":"1779169509357321"}},"environmentVariables":{"GOOGLE_NODE_RUN_SCRIPTS":""},"dockerRepository":"projects/ai-logic-demos/locations/us-central1/repositories/gcf-artifacts","sourceProvenance":{"resolvedStorageSource":{"bucket":"gcf-v2-sources-861083271982-us-central1","object":"syncUserClaims/function-source.zip","generation":"1775842656820921"}},"dockerRegistry":"ARTIFACT_REGISTRY","sourceToken":"Cldwcm9qZWN0cy84NjEwODMyNzE5ODIvbG9jYXRpb25zL3VzLWNlbnRyYWwxL2J1aWxkcy84MzJjMTFhMC1mNWZhLTRlOTctYmMzZC0zNTM1OGY4OTgyMDYScnVzLWNlbnRyYWwxLWRvY2tlci5wa2cuZGV2L2FpLWxvZ2ljLWRlbW9zL2djZi1hcnRpZmFjdHMvYWktLWxvZ2ljLS1kZW1vc19fdXMtLWNlbnRyYWwxX19sb2dfYmVmb3JlX2NhbGxzOnZlcnNpb25fMRiuhsDkhxkiRnByb2plY3RzL2FpLWxvZ2ljLWRlbW9zL2xvY2F0aW9ucy91cy1jZW50cmFsMS9mdW5jdGlvbnMvbG9nQmVmb3JlQ2FsbHMqDAjb8a/QBhD4782YATIIbm9kZWpzMjA6dgojZ2NyLmlvL2dhZS1ydW50aW1lcy9ub2RlanMyMDpzdGFibGUST3VzLWNlbnRyYWwxLWRvY2tlci5wa2cuZGV2L3NlcnZlcmxlc3MtcnVudGltZXMvZ29vZ2xlLTIyLWZ1bGwvcnVudGltZXMvbm9kZWpzMjBAAQ==","serviceAccount":"projects/ai-logic-demos/serviceAccounts/861083271982-compute@developer.gserviceaccount.com","automaticUpdatePolicy":{}},"serviceConfig":{"service":"projects/ai-logic-demos/locations/us-central1/services/syncuserclaims","timeoutSeconds":60,"environmentVariables":{"FIREBASE_CONFIG":"{\"projectId\":\"ai-logic-demos\",\"storageBucket\":\"ai-logic-demos.firebasestorage.app\"}","GCLOUD_PROJECT":"ai-logic-demos","EVENTARC_CLOUD_EVENT_SOURCE":"projects/ai-logic-demos/locations/us-central1/services/syncUserClaims","FUNCTION_SIGNATURE_TYPE":"cloudevent","FUNCTION_TARGET":"syncUserClaims","LOG_EXECUTION_ID":"true"},"ingressSettings":"ALLOW_ALL","uri":"https://syncuserclaims-e564rdz36a-uc.a.run.app","serviceAccountEmail":"861083271982-compute@developer.gserviceaccount.com","availableMemory":"256Mi","allTrafficOnLatestRevision":true,"revision":"syncuserclaims-00002-kip","maxInstanceRequestConcurrency":80,"availableCpu":"1"},"eventTrigger":{"trigger":"projects/ai-logic-demos/locations/nam5/triggers/syncuserclaims-447028","triggerRegion":"nam5","eventType":"google.cloud.firestore.document.v1.updated","eventFilters":[{"attribute":"database","value":"(default)"},{"attribute":"namespace","value":"(default)"},{"attribute":"document","value":"Users/{uid}","operator":"match-path-pattern"}],"pubsubTopic":"projects/ai-logic-demos/topics/eventarc-nam5-syncuserclaims-447028-714","serviceAccountEmail":"861083271982-compute@developer.gserviceaccount.com","retryPolicy":"RETRY_POLICY_DO_NOT_RETRY"},"state":"ACTIVE","labels":{"deployment-tool":"cli-firebase","firebase-functions-hash":"058a68890a5fbe9246ad3d878bb86e3ffa8ca231"},"environment":"GEN_2","url":"https://us-central1-ai-logic-demos.cloudfunctions.net/syncUserClaims","satisfiesPzi":true},"stages":[{"name":"BUILD","message":"Reusing build","state":"COMPLETE","resource":"projects/861083271982/locations/us-central1/builds/832c11a0-f5fa-4e97-bc3d-35358f898206","stateMessages":[{"severity":"WARNING","type":"BuildAnalysisWarning","message":"Node.js 20 is no longer supported by the Node.js community as of 30 April, 2026. Runtime nodejs20 is currently deprecated for Cloud Functions. We recommend you to upgrade to the latest version of Node.js as soon as possible."}]},{"name":"SERVICE","message":"Updating Cloud Run service","state":"IN_PROGRESS","resource":"projects/ai-logic-demos/locations/us-central1/services/syncuserclaims","resourceUri":"https://console.cloud.google.com/run/detail/us-central1/syncuserclaims?project=ai-logic-demos","stateMessages":[{"severity":"INFO","type":"CloudRunServiceNewRevisionTrafficInfo","message":"A new revision will be deployed serving with 100% traffic."}]},{"name":"TRIGGER","state":"NOT_STARTED"}],"sourceToken":"Cldwcm9qZWN0cy84NjEwODMyNzE5ODIvbG9jYXRpb25zL3VzLWNlbnRyYWwxL2J1aWxkcy84MzJjMTFhMC1mNWZhLTRlOTctYmMzZC0zNTM1OGY4OTgyMDYScnVzLWNlbnRyYWwxLWRvY2tlci5wa2cuZGV2L2FpLWxvZ2ljLWRlbW9zL2djZi1hcnRpZmFjdHMvYWktLWxvZ2ljLS1kZW1vc19fdXMtLWNlbnRyYWwxX19sb2dfYmVmb3JlX2NhbGxzOnZlcnNpb25fMRiuhsDkhxkiRnByb2plY3RzL2FpLWxvZ2ljLWRlbW9zL2xvY2F0aW9ucy91cy1jZW50cmFsMS9mdW5jdGlvbnMvbG9nQmVmb3JlQ2FsbHMqDAjb8a/QBhD4782YATIIbm9kZWpzMjA6dgojZ2NyLmlvL2dhZS1ydW50aW1lcy9ub2RlanMyMDpzdGFibGUST3VzLWNlbnRyYWwxLWRvY2tlci5wa2cuZGV2L3NlcnZlcmxlc3MtcnVudGltZXMvZ29vZ2xlLTIyLWZ1bGwvcnVudGltZXMvbm9kZWpzMjBAAQ==","operationType":"UPDATE_FUNCTION","buildName":"projects/861083271982/locations/us-central1/builds/832c11a0-f5fa-4e97-bc3d-35358f898206"},"done":false}
[debug] [2026-05-19T05:45:14.053Z] Got source token Cldwcm9qZWN0cy84NjEwODMyNzE5ODIvbG9jYXRpb25zL3VzLWNlbnRyYWwxL2J1aWxkcy84MzJjMTFhMC1mNWZhLTRlOTctYmMzZC0zNTM1OGY4OTgyMDYScnVzLWNlbnRyYWwxLWRvY2tlci5wa2cuZGV2L2FpLWxvZ2ljLWRlbW9zL2djZi1hcnRpZmFjdHMvYWktLWxvZ2ljLS1kZW1vc19fdXMtLWNlbnRyYWwxX19sb2dfYmVmb3JlX2NhbGxzOnZlcnNpb25fMRiuhsDkhxkiRnByb2plY3RzL2FpLWxvZ2ljLWRlbW9zL2xvY2F0aW9ucy91cy1jZW50cmFsMS9mdW5jdGlvbnMvbG9nQmVmb3JlQ2FsbHMqDAjb8a/QBhD4782YATIIbm9kZWpzMjA6dgojZ2NyLmlvL2dhZS1ydW50aW1lcy9ub2RlanMyMDpzdGFibGUST3VzLWNlbnRyYWwxLWRvY2tlci5wa2cuZGV2L3NlcnZlcmxlc3MtcnVudGltZXMvZ29vZ2xlLTIyLWZ1bGwvcnVudGltZXMvbm9kZWpzMjBAAQ== for region us-central1
[debug] [2026-05-19T05:45:14.446Z] [update-default-us-central1-onUserDeleted] Retrying task index 0
[debug] [2026-05-19T05:45:14.447Z] No OAuth tokens found
[debug] [2026-05-19T05:45:14.447Z] >>> [apiv2][query] GET https://cloudfunctions.googleapis.com/v1/operations/YWktbG9naWMtZGVtb3MvdXMtY2VudHJhbDEvb25Vc2VyRGVsZXRlZC9SZU5WZVpWTE5iUQ [none]
[debug] [2026-05-19T05:45:14.604Z] [update-default-us-central1-onFlashcardDeleted] Retrying task index 0
[debug] [2026-05-19T05:45:14.605Z] No OAuth tokens found
[debug] [2026-05-19T05:45:14.605Z] >>> [apiv2][query] GET https://cloudfunctions.googleapis.com/v2/projects/ai-logic-demos/locations/us-central1/operations/operation-1779169507157-652252e7825c8-984bce46-8255269b [none]
[debug] [2026-05-19T05:45:14.765Z] <<< [apiv2][status] GET https://cloudfunctions.googleapis.com/v1/operations/YWktbG9naWMtZGVtb3MvdXMtY2VudHJhbDEvb25Vc2VyRGVsZXRlZC9SZU5WZVpWTE5iUQ 200
[debug] [2026-05-19T05:45:14.765Z] <<< [apiv2][body] GET https://cloudfunctions.googleapis.com/v1/operations/YWktbG9naWMtZGVtb3MvdXMtY2VudHJhbDEvb25Vc2VyRGVsZXRlZC9SZU5WZVpWTE5iUQ {"name":"operations/YWktbG9naWMtZGVtb3MvdXMtY2VudHJhbDEvb25Vc2VyRGVsZXRlZC9SZU5WZVpWTE5iUQ","metadata":{"@type":"type.googleapis.com/google.cloud.functions.v1.OperationMetadataV1","target":"projects/ai-logic-demos/locations/us-central1/functions/onUserDeleted","type":"UPDATE_FUNCTION","request":{"@type":"type.googleapis.com/google.cloud.functions.v1.CloudFunction","name":"projects/ai-logic-demos/locations/us-central1/functions/onUserDeleted","eventTrigger":{"eventType":"providers/cloud.firestore/eventTypes/document.delete","resource":"projects/ai-logic-demos/databases/(default)/documents/Users/{userId}","service":"firestore.googleapis.com"},"status":"ACTIVE","entryPoint":"onUserDeleted","updateTime":"2026-04-10T17:37:54.285Z","versionId":"7","labels":{"deployment-tool":"cli-firebase","firebase-functions-hash":"dca6d861a2d8bbf75e0ad0c044afcfdcee915c78"},"sourceUploadUrl":"https://storage.googleapis.com/uploads-17595169663.us-central1.cloudfunctions.appspot.com/b8e3bedd-0274-456a-944a-252f6adca664.zip?GoogleAccessId=service-861083271982@gcf-admin-robot.iam.gserviceaccount.com&Expires=1779171245&Signature=ndEgzKC1Irf%2FwnrQpEsG5GfsgN6oq%2BL%2FciIF7mm2LZuI4JPSMJX4BFHG9SFBPCjzlUaGfiy9aJVfPegYnxsh4tvgQQL4rBui2dZlk0FZtg3C7tEfeFYmBtP3RfPxxFYascFTRUtkK2WpAmqfvQmYRwZwiKYjZNsbfnPYcHVCm1geNj5LqgJonek2pAzh%2FViiQseMxK4eoKjb2VF0U%2FXUHOKGpybExOrj2FTH0nh38ocqsBQYKN8%2FrCgqkMH14wNMl1Ps4RDRE3rBygWzW04G94ZLnkrFJKh%2FCbxydm%2FUxk3Hvt58XHEuG%2FvEDynS6iLMkH5i%2FMWFj1eMlyzgADTRKg%3D%3D","environmentVariables":{"FIREBASE_CONFIG":"{\"projectId\":\"ai-logic-demos\",\"storageBucket\":\"ai-logic-demos.firebasestorage.app\"}","GCLOUD_PROJECT":"ai-logic-demos","EVENTARC_CLOUD_EVENT_SOURCE":"projects/ai-logic-demos/locations/us-central1/functions/onUserDeleted"},"runtime":"nodejs20","buildId":"6b55a243-9ccd-49dc-bbbe-a577e0dc499e","buildEnvironmentVariables":{"GOOGLE_NODE_RUN_SCRIPTS":""},"buildName":"projects/861083271982/locations/us-central1/builds/6b55a243-9ccd-49dc-bbbe-a577e0dc499e","dockerRegistry":"ARTIFACT_REGISTRY","automaticUpdatePolicy":{},"buildServiceAccount":"projects/ai-logic-demos/serviceAccounts/861083271982-compute@developer.gserviceaccount.com"},"versionId":"8","updateTime":"2026-05-19T05:44:06Z","buildId":"3c6d54f7-0bcf-4af8-9828-e064edd0c36b","sourceToken":"6c583b47-bd63-4c71-a5a6-330b7a51acf1","buildName":"projects/861083271982/locations/us-central1/builds/3c6d54f7-0bcf-4af8-9828-e064edd0c36b"}}
[debug] [2026-05-19T05:45:14.765Z] Got source token 6c583b47-bd63-4c71-a5a6-330b7a51acf1 for region us-central1
[debug] [2026-05-19T05:45:14.932Z] <<< [apiv2][status] GET https://cloudfunctions.googleapis.com/v2/projects/ai-logic-demos/locations/us-central1/operations/operation-1779169507157-652252e7825c8-984bce46-8255269b 200
[debug] [2026-05-19T05:45:14.932Z] <<< [apiv2][body] GET https://cloudfunctions.googleapis.com/v2/projects/ai-logic-demos/locations/us-central1/operations/operation-1779169507157-652252e7825c8-984bce46-8255269b {"name":"projects/ai-logic-demos/locations/us-central1/operations/operation-1779169507157-652252e7825c8-984bce46-8255269b","metadata":{"@type":"type.googleapis.com/google.cloud.functions.v2.OperationMetadata","createTime":"2026-05-19T05:45:10.227762384Z","target":"projects/ai-logic-demos/locations/us-central1/functions/onFlashcardDeleted","verb":"update","cancelRequested":false,"apiVersion":"v2","requestResource":{"@type":"type.googleapis.com/google.cloud.functions.v2.Function","name":"projects/ai-logic-demos/locations/us-central1/functions/onFlashcardDeleted","buildConfig":{"runtime":"nodejs20","entryPoint":"onFlashcardDeleted","source":{"storageSource":{"bucket":"gcf-v2-sources-861083271982-us-central1","object":"onFlashcardDeleted/function-source.zip","generation":"1779169510176503"}},"environmentVariables":{"GOOGLE_NODE_RUN_SCRIPTS":""},"dockerRepository":"projects/ai-logic-demos/locations/us-central1/repositories/gcf-artifacts","sourceProvenance":{"resolvedStorageSource":{"bucket":"gcf-v2-sources-861083271982-us-central1","object":"onFlashcardDeleted/function-source.zip","generation":"1775842656680626"}},"dockerRegistry":"ARTIFACT_REGISTRY","sourceToken":"Cldwcm9qZWN0cy84NjEwODMyNzE5ODIvbG9jYXRpb25zL3VzLWNlbnRyYWwxL2J1aWxkcy84MzJjMTFhMC1mNWZhLTRlOTctYmMzZC0zNTM1OGY4OTgyMDYScnVzLWNlbnRyYWwxLWRvY2tlci5wa2cuZGV2L2FpLWxvZ2ljLWRlbW9zL2djZi1hcnRpZmFjdHMvYWktLWxvZ2ljLS1kZW1vc19fdXMtLWNlbnRyYWwxX19sb2dfYmVmb3JlX2NhbGxzOnZlcnNpb25fMRiuhsDkhxkiRnByb2plY3RzL2FpLWxvZ2ljLWRlbW9zL2xvY2F0aW9ucy91cy1jZW50cmFsMS9mdW5jdGlvbnMvbG9nQmVmb3JlQ2FsbHMqDAjb8a/QBhD4782YATIIbm9kZWpzMjA6dgojZ2NyLmlvL2dhZS1ydW50aW1lcy9ub2RlanMyMDpzdGFibGUST3VzLWNlbnRyYWwxLWRvY2tlci5wa2cuZGV2L3NlcnZlcmxlc3MtcnVudGltZXMvZ29vZ2xlLTIyLWZ1bGwvcnVudGltZXMvbm9kZWpzMjBAAQ==","serviceAccount":"projects/ai-logic-demos/serviceAccounts/861083271982-compute@developer.gserviceaccount.com","automaticUpdatePolicy":{}},"serviceConfig":{"service":"projects/ai-logic-demos/locations/us-central1/services/onflashcarddeleted","timeoutSeconds":60,"environmentVariables":{"FIREBASE_CONFIG":"{\"projectId\":\"ai-logic-demos\",\"storageBucket\":\"ai-logic-demos.firebasestorage.app\"}","GCLOUD_PROJECT":"ai-logic-demos","EVENTARC_CLOUD_EVENT_SOURCE":"projects/ai-logic-demos/locations/us-central1/services/onFlashcardDeleted","FUNCTION_SIGNATURE_TYPE":"cloudevent","FUNCTION_TARGET":"onFlashcardDeleted","LOG_EXECUTION_ID":"true"},"ingressSettings":"ALLOW_ALL","uri":"https://onflashcarddeleted-e564rdz36a-uc.a.run.app","serviceAccountEmail":"861083271982-compute@developer.gserviceaccount.com","availableMemory":"256Mi","allTrafficOnLatestRevision":true,"revision":"onflashcarddeleted-00004-buw","maxInstanceRequestConcurrency":80,"availableCpu":"1"},"eventTrigger":{"trigger":"projects/ai-logic-demos/locations/nam5/triggers/onflashcarddeleted-523010","triggerRegion":"nam5","eventType":"google.cloud.firestore.document.v1.deleted","eventFilters":[{"attribute":"database","value":"(default)"},{"attribute":"namespace","value":"(default)"},{"attribute":"document","value":"Flashcards/{cardId}","operator":"match-path-pattern"}],"pubsubTopic":"projects/ai-logic-demos/topics/eventarc-nam5-onflashcarddeleted-523010-598","serviceAccountEmail":"861083271982-compute@developer.gserviceaccount.com","retryPolicy":"RETRY_POLICY_DO_NOT_RETRY"},"state":"ACTIVE","labels":{"deployment-tool":"cli-firebase","firebase-functions-hash":"058a68890a5fbe9246ad3d878bb86e3ffa8ca231"},"environment":"GEN_2","url":"https://us-central1-ai-logic-demos.cloudfunctions.net/onFlashcardDeleted","satisfiesPzi":true},"stages":[{"name":"BUILD","message":"Reusing build","state":"COMPLETE","resource":"projects/861083271982/locations/us-central1/builds/832c11a0-f5fa-4e97-bc3d-35358f898206","stateMessages":[{"severity":"WARNING","type":"BuildAnalysisWarning","message":"Node.js 20 is no longer supported by the Node.js community as of 30 April, 2026. Runtime nodejs20 is currently deprecated for Cloud Functions. We recommend you to upgrade to the latest version of Node.js as soon as possible."}]},{"name":"SERVICE","message":"Updating Cloud Run service","state":"IN_PROGRESS","resource":"projects/ai-logic-demos/locations/us-central1/services/onflashcarddeleted","resourceUri":"https://console.cloud.google.com/run/detail/us-central1/onflashcarddeleted?project=ai-logic-demos","stateMessages":[{"severity":"INFO","type":"CloudRunServiceNewRevisionTrafficInfo","message":"A new revision will be deployed serving with 100% traffic."}]},{"name":"TRIGGER","state":"NOT_STARTED"}],"sourceToken":"Cldwcm9qZWN0cy84NjEwODMyNzE5ODIvbG9jYXRpb25zL3VzLWNlbnRyYWwxL2J1aWxkcy84MzJjMTFhMC1mNWZhLTRlOTctYmMzZC0zNTM1OGY4OTgyMDYScnVzLWNlbnRyYWwxLWRvY2tlci5wa2cuZGV2L2FpLWxvZ2ljLWRlbW9zL2djZi1hcnRpZmFjdHMvYWktLWxvZ2ljLS1kZW1vc19fdXMtLWNlbnRyYWwxX19sb2dfYmVmb3JlX2NhbGxzOnZlcnNpb25fMRiuhsDkhxkiRnByb2plY3RzL2FpLWxvZ2ljLWRlbW9zL2xvY2F0aW9ucy91cy1jZW50cmFsMS9mdW5jdGlvbnMvbG9nQmVmb3JlQ2FsbHMqDAjb8a/QBhD4782YATIIbm9kZWpzMjA6dgojZ2NyLmlvL2dhZS1ydW50aW1lcy9ub2RlanMyMDpzdGFibGUST3VzLWNlbnRyYWwxLWRvY2tlci5wa2cuZGV2L3NlcnZlcmxlc3MtcnVudGltZXMvZ29vZ2xlLTIyLWZ1bGwvcnVudGltZXMvbm9kZWpzMjBAAQ==","operationType":"UPDATE_FUNCTION","buildName":"projects/861083271982/locations/us-central1/builds/832c11a0-f5fa-4e97-bc3d-35358f898206"},"done":false}
[debug] [2026-05-19T05:45:14.932Z] Got source token Cldwcm9qZWN0cy84NjEwODMyNzE5ODIvbG9jYXRpb25zL3VzLWNlbnRyYWwxL2J1aWxkcy84MzJjMTFhMC1mNWZhLTRlOTctYmMzZC0zNTM1OGY4OTgyMDYScnVzLWNlbnRyYWwxLWRvY2tlci5wa2cuZGV2L2FpLWxvZ2ljLWRlbW9zL2djZi1hcnRpZmFjdHMvYWktLWxvZ2ljLS1kZW1vc19fdXMtLWNlbnRyYWwxX19sb2dfYmVmb3JlX2NhbGxzOnZlcnNpb25fMRiuhsDkhxkiRnByb2plY3RzL2FpLWxvZ2ljLWRlbW9zL2xvY2F0aW9ucy91cy1jZW50cmFsMS9mdW5jdGlvbnMvbG9nQmVmb3JlQ2FsbHMqDAjb8a/QBhD4782YATIIbm9kZWpzMjA6dgojZ2NyLmlvL2dhZS1ydW50aW1lcy9ub2RlanMyMDpzdGFibGUST3VzLWNlbnRyYWwxLWRvY2tlci5wa2cuZGV2L3NlcnZlcmxlc3MtcnVudGltZXMvZ29vZ2xlLTIyLWZ1bGwvcnVudGltZXMvbm9kZWpzMjBAAQ== for region us-central1
[debug] [2026-05-19T05:45:16.262Z] [update-default-us-central1-logBeforeCalls] Retrying task index 0
[debug] [2026-05-19T05:45:16.263Z] No OAuth tokens found
[debug] [2026-05-19T05:45:16.263Z] >>> [apiv2][query] GET https://cloudfunctions.googleapis.com/v2/projects/ai-logic-demos/locations/us-central1/operations/operation-1779169445860-652252ad0d4d1-9d105c36-56f35c28 [none]
[debug] [2026-05-19T05:45:16.628Z] <<< [apiv2][status] GET https://cloudfunctions.googleapis.com/v2/projects/ai-logic-demos/locations/us-central1/operations/operation-1779169445860-652252ad0d4d1-9d105c36-56f35c28 200
[debug] [2026-05-19T05:45:16.628Z] <<< [apiv2][body] GET https://cloudfunctions.googleapis.com/v2/projects/ai-logic-demos/locations/us-central1/operations/operation-1779169445860-652252ad0d4d1-9d105c36-56f35c28 {"name":"projects/ai-logic-demos/locations/us-central1/operations/operation-1779169445860-652252ad0d4d1-9d105c36-56f35c28","metadata":{"@type":"type.googleapis.com/google.cloud.functions.v2.OperationMetadata","createTime":"2026-05-19T05:44:06.872907004Z","endTime":"2026-05-19T05:45:10.077653218Z","target":"projects/ai-logic-demos/locations/us-central1/functions/logBeforeCalls","verb":"update","cancelRequested":false,"apiVersion":"v2","requestResource":{"@type":"type.googleapis.com/google.cloud.functions.v2.Function","name":"projects/ai-logic-demos/locations/us-central1/functions/logBeforeCalls","buildConfig":{"runtime":"nodejs20","entryPoint":"logBeforeCalls","source":{"storageSource":{"bucket":"gcf-v2-sources-861083271982-us-central1","object":"logBeforeCalls/function-source.zip","generation":"1779169446812297"}},"environmentVariables":{"GOOGLE_NODE_RUN_SCRIPTS":""},"dockerRepository":"projects/ai-logic-demos/locations/us-central1/repositories/gcf-artifacts","sourceProvenance":{"resolvedStorageSource":{"bucket":"gcf-v2-sources-861083271982-us-central1","object":"logBeforeCalls/function-source.zip","generation":"1775842618299391"}},"dockerRegistry":"ARTIFACT_REGISTRY","serviceAccount":"projects/ai-logic-demos/serviceAccounts/861083271982-compute@developer.gserviceaccount.com","automaticUpdatePolicy":{}},"serviceConfig":{"service":"projects/ai-logic-demos/locations/us-central1/services/logbeforecalls","timeoutSeconds":60,"environmentVariables":{"FIREBASE_CONFIG":"{\"projectId\":\"ai-logic-demos\",\"storageBucket\":\"ai-logic-demos.firebasestorage.app\"}","GCLOUD_PROJECT":"ai-logic-demos","EVENTARC_CLOUD_EVENT_SOURCE":"projects/ai-logic-demos/locations/us-central1/services/logBeforeCalls","FUNCTION_TARGET":"logBeforeCalls","LOG_EXECUTION_ID":"true","FUNCTION_SIGNATURE_TYPE":"http"},"ingressSettings":"ALLOW_ALL","uri":"https://logbeforecalls-e564rdz36a-uc.a.run.app","serviceAccountEmail":"861083271982-compute@developer.gserviceaccount.com","availableMemory":"256Mi","allTrafficOnLatestRevision":true,"revision":"logbeforecalls-00003-heq","maxInstanceRequestConcurrency":80,"availableCpu":"1"},"state":"ACTIVE","labels":{"deployment-tool":"cli-firebase","ailogic-event-type":"before-generate-content","ailogic-locality":"global","firebase-functions-hash":"058a68890a5fbe9246ad3d878bb86e3ffa8ca231"},"environment":"GEN_2","url":"https://us-central1-ai-logic-demos.cloudfunctions.net/logBeforeCalls","satisfiesPzi":true},"stages":[{"name":"BUILD","message":"Build finished","state":"COMPLETE","resource":"projects/861083271982/locations/us-central1/builds/832c11a0-f5fa-4e97-bc3d-35358f898206","resourceUri":"https://console.cloud.google.com/cloud-build/builds;region=us-central1/832c11a0-f5fa-4e97-bc3d-35358f898206?project=861083271982"},{"name":"SERVICE","message":"Updating Cloud Run service","state":"COMPLETE","resource":"projects/ai-logic-demos/locations/us-central1/services/logbeforecalls","resourceUri":"https://console.cloud.google.com/run/detail/us-central1/logbeforecalls?project=ai-logic-demos","stateMessages":[{"severity":"INFO","type":"CloudRunServiceNewRevisionTrafficInfo","message":"A new revision will be deployed serving with 100% traffic."}]}],"sourceToken":"Cldwcm9qZWN0cy84NjEwODMyNzE5ODIvbG9jYXRpb25zL3VzLWNlbnRyYWwxL2J1aWxkcy84MzJjMTFhMC1mNWZhLTRlOTctYmMzZC0zNTM1OGY4OTgyMDYScnVzLWNlbnRyYWwxLWRvY2tlci5wa2cuZGV2L2FpLWxvZ2ljLWRlbW9zL2djZi1hcnRpZmFjdHMvYWktLWxvZ2ljLS1kZW1vc19fdXMtLWNlbnRyYWwxX19sb2dfYmVmb3JlX2NhbGxzOnZlcnNpb25fMRiuhsDkhxkiRnByb2plY3RzL2FpLWxvZ2ljLWRlbW9zL2xvY2F0aW9ucy91cy1jZW50cmFsMS9mdW5jdGlvbnMvbG9nQmVmb3JlQ2FsbHMqDAjb8a/QBhD4782YATIIbm9kZWpzMjA6dgojZ2NyLmlvL2dhZS1ydW50aW1lcy9ub2RlanMyMDpzdGFibGUST3VzLWNlbnRyYWwxLWRvY2tlci5wa2cuZGV2L3NlcnZlcmxlc3MtcnVudGltZXMvZ29vZ2xlLTIyLWZ1bGwvcnVudGltZXMvbm9kZWpzMjBAAQ==","operationType":"UPDATE_FUNCTION","buildName":"projects/861083271982/locations/us-central1/builds/832c11a0-f5fa-4e97-bc3d-35358f898206"},"done":true,"response":{"@type":"type.googleapis.com/google.cloud.functions.v2.Function","name":"projects/ai-logic-demos/locations/us-central1/functions/logBeforeCalls","buildConfig":{"build":"projects/861083271982/locations/us-central1/builds/832c11a0-f5fa-4e97-bc3d-35358f898206","runtime":"nodejs20","entryPoint":"logBeforeCalls","source":{"storageSource":{"bucket":"gcf-v2-sources-861083271982-us-central1","object":"logBeforeCalls/function-source.zip","generation":"1779169446812297"}},"environmentVariables":{"GOOGLE_NODE_RUN_SCRIPTS":""},"dockerRepository":"projects/ai-logic-demos/locations/us-central1/repositories/gcf-artifacts","sourceProvenance":{"resolvedStorageSource":{"bucket":"gcf-v2-sources-861083271982-us-central1","object":"logBeforeCalls/function-source.zip","generation":"1779169446812297"}},"dockerRegistry":"ARTIFACT_REGISTRY","serviceAccount":"projects/ai-logic-demos/serviceAccounts/861083271982-compute@developer.gserviceaccount.com","automaticUpdatePolicy":{}},"serviceConfig":{"service":"projects/ai-logic-demos/locations/us-central1/services/logbeforecalls","timeoutSeconds":60,"environmentVariables":{"FIREBASE_CONFIG":"{\"projectId\":\"ai-logic-demos\",\"storageBucket\":\"ai-logic-demos.firebasestorage.app\"}","GCLOUD_PROJECT":"ai-logic-demos","EVENTARC_CLOUD_EVENT_SOURCE":"projects/ai-logic-demos/locations/us-central1/services/logBeforeCalls","FUNCTION_TARGET":"logBeforeCalls","LOG_EXECUTION_ID":"true","FUNCTION_SIGNATURE_TYPE":"http"},"maxInstanceCount":100,"ingressSettings":"ALLOW_ALL","uri":"https://logbeforecalls-e564rdz36a-uc.a.run.app","serviceAccountEmail":"861083271982-compute@developer.gserviceaccount.com","availableMemory":"256Mi","allTrafficOnLatestRevision":true,"revision":"logbeforecalls-00004-yob","maxInstanceRequestConcurrency":80,"availableCpu":"1"},"state":"ACTIVE","updateTime":"2026-05-19T05:44:06.875677174Z","labels":{"ailogic-event-type":"before-generate-content","ailogic-locality":"global","firebase-functions-hash":"058a68890a5fbe9246ad3d878bb86e3ffa8ca231","deployment-tool":"cli-firebase"},"environment":"GEN_2","url":"https://us-central1-ai-logic-demos.cloudfunctions.net/logBeforeCalls","createTime":"2026-04-10T05:51:35.328625458Z","satisfiesPzi":true}}
[debug] [2026-05-19T05:45:16.628Z] Got source token Cldwcm9qZWN0cy84NjEwODMyNzE5ODIvbG9jYXRpb25zL3VzLWNlbnRyYWwxL2J1aWxkcy84MzJjMTFhMC1mNWZhLTRlOTctYmMzZC0zNTM1OGY4OTgyMDYScnVzLWNlbnRyYWwxLWRvY2tlci5wa2cuZGV2L2FpLWxvZ2ljLWRlbW9zL2djZi1hcnRpZmFjdHMvYWktLWxvZ2ljLS1kZW1vc19fdXMtLWNlbnRyYWwxX19sb2dfYmVmb3JlX2NhbGxzOnZlcnNpb25fMRiuhsDkhxkiRnByb2plY3RzL2FpLWxvZ2ljLWRlbW9zL2xvY2F0aW9ucy91cy1jZW50cmFsMS9mdW5jdGlvbnMvbG9nQmVmb3JlQ2FsbHMqDAjb8a/QBhD4782YATIIbm9kZWpzMjA6dgojZ2NyLmlvL2dhZS1ydW50aW1lcy9ub2RlanMyMDpzdGFibGUST3VzLWNlbnRyYWwxLWRvY2tlci5wa2cuZGV2L3NlcnZlcmxlc3MtcnVudGltZXMvZ29vZ2xlLTIyLWZ1bGwvcnVudGltZXMvbm9kZWpzMjBAAQ== for region us-central1
[debug] [2026-05-19T05:45:16.629Z] No OAuth tokens found
[debug] [2026-05-19T05:45:16.629Z] >>> [apiv2][query] POST https://firebasevertexai.googleapis.com/v1beta/projects/ai-logic-demos/locations/global/triggers triggerId=before-generate-content&validateOnly=false
[debug] [2026-05-19T05:45:16.629Z] >>> [apiv2][body] POST https://firebasevertexai.googleapis.com/v1beta/projects/ai-logic-demos/locations/global/triggers {"cloudFunction":{"id":"logBeforeCalls","locationId":"us-central1"}}
[debug] [2026-05-19T05:45:16.985Z] <<< [apiv2][status] POST https://firebasevertexai.googleapis.com/v1beta/projects/ai-logic-demos/locations/global/triggers 403
[debug] [2026-05-19T05:45:16.985Z] <<< [apiv2][body] POST https://firebasevertexai.googleapis.com/v1beta/projects/ai-logic-demos/locations/global/triggers {"error":{"code":403,"message":"Your application is authenticating by using local Application Default Credentials. The firebasevertexai.googleapis.com API requires a quota project, which is not set by default. To learn how to set your quota project, see https://cloud.google.com/docs/authentication/adc-troubleshooting/user-creds .","status":"PERMISSION_DENIED","details":[{"@type":"type.googleapis.com/google.rpc.ErrorInfo","reason":"SERVICE_DISABLED","domain":"googleapis.com","metadata":{"service":"firebasevertexai.googleapis.com","consumer":"projects/764086051850"}},{"@type":"type.googleapis.com/google.rpc.LocalizedMessage","locale":"en-US","message":"Your application is authenticating by using local Application Default Credentials. The firebasevertexai.googleapis.com API requires a quota project, which is not set by default. To learn how to set your quota project, see https://cloud.google.com/docs/authentication/adc-troubleshooting/user-creds ."}]}}
[error] Request to https://firebasevertexai.googleapis.com/v1beta/projects/ai-logic-demos/locations/global/triggers?triggerId=before-generate-content&validateOnly=false had HTTP Error: 403, Your application is authenticating by using local Application Default Credentials. The firebasevertexai.googleapis.com API requires a quota project, which is not set by default. To learn how to set your quota project, see https://cloud.google.com/docs/authentication/adc-troubleshooting/user-creds .
[debug] [2026-05-19T05:45:17.764Z] [update-default-us-central1-refillEnergyBolts] Retrying task index 0
[debug] [2026-05-19T05:45:17.765Z] No OAuth tokens found
[debug] [2026-05-19T05:45:17.765Z] >>> [apiv2][query] GET https://cloudfunctions.googleapis.com/v2/projects/ai-logic-demos/locations/us-central1/operations/operation-1779169507310-652252e7a7d2e-535c4a1e-d0dbd725 [none]
[debug] [2026-05-19T05:45:17.936Z] <<< [apiv2][status] GET https://cloudfunctions.googleapis.com/v2/projects/ai-logic-demos/locations/us-central1/operations/operation-1779169507310-652252e7a7d2e-535c4a1e-d0dbd725 200
[debug] [2026-05-19T05:45:17.936Z] <<< [apiv2][body] GET https://cloudfunctions.googleapis.com/v2/projects/ai-logic-demos/locations/us-central1/operations/operation-1779169507310-652252e7a7d2e-535c4a1e-d0dbd725 {"name":"projects/ai-logic-demos/locations/us-central1/operations/operation-1779169507310-652252e7a7d2e-535c4a1e-d0dbd725","metadata":{"@type":"type.googleapis.com/google.cloud.functions.v2.OperationMetadata","createTime":"2026-05-19T05:45:08.881192465Z","target":"projects/ai-logic-demos/locations/us-central1/functions/refillEnergyBolts","verb":"update","cancelRequested":false,"apiVersion":"v2","requestResource":{"@type":"type.googleapis.com/google.cloud.functions.v2.Function","name":"projects/ai-logic-demos/locations/us-central1/functions/refillEnergyBolts","buildConfig":{"runtime":"nodejs20","entryPoint":"refillEnergyBolts","source":{"storageSource":{"bucket":"gcf-v2-sources-861083271982-us-central1","object":"refillEnergyBolts/function-source.zip","generation":"1779169508829558"}},"environmentVariables":{"GOOGLE_NODE_RUN_SCRIPTS":""},"dockerRepository":"projects/ai-logic-demos/locations/us-central1/repositories/gcf-artifacts","sourceProvenance":{"resolvedStorageSource":{"bucket":"gcf-v2-sources-861083271982-us-central1","object":"refillEnergyBolts/function-source.zip","generation":"1775842656673268"}},"dockerRegistry":"ARTIFACT_REGISTRY","sourceToken":"Cldwcm9qZWN0cy84NjEwODMyNzE5ODIvbG9jYXRpb25zL3VzLWNlbnRyYWwxL2J1aWxkcy84MzJjMTFhMC1mNWZhLTRlOTctYmMzZC0zNTM1OGY4OTgyMDYScnVzLWNlbnRyYWwxLWRvY2tlci5wa2cuZGV2L2FpLWxvZ2ljLWRlbW9zL2djZi1hcnRpZmFjdHMvYWktLWxvZ2ljLS1kZW1vc19fdXMtLWNlbnRyYWwxX19sb2dfYmVmb3JlX2NhbGxzOnZlcnNpb25fMRiuhsDkhxkiRnByb2plY3RzL2FpLWxvZ2ljLWRlbW9zL2xvY2F0aW9ucy91cy1jZW50cmFsMS9mdW5jdGlvbnMvbG9nQmVmb3JlQ2FsbHMqDAjb8a/QBhD4782YATIIbm9kZWpzMjA6dgojZ2NyLmlvL2dhZS1ydW50aW1lcy9ub2RlanMyMDpzdGFibGUST3VzLWNlbnRyYWwxLWRvY2tlci5wa2cuZGV2L3NlcnZlcmxlc3MtcnVudGltZXMvZ29vZ2xlLTIyLWZ1bGwvcnVudGltZXMvbm9kZWpzMjBAAQ==","serviceAccount":"projects/ai-logic-demos/serviceAccounts/861083271982-compute@developer.gserviceaccount.com","automaticUpdatePolicy":{}},"serviceConfig":{"service":"projects/ai-logic-demos/locations/us-central1/services/refillenergybolts","timeoutSeconds":60,"environmentVariables":{"FIREBASE_CONFIG":"{\"projectId\":\"ai-logic-demos\",\"storageBucket\":\"ai-logic-demos.firebasestorage.app\"}","GCLOUD_PROJECT":"ai-logic-demos","EVENTARC_CLOUD_EVENT_SOURCE":"projects/ai-logic-demos/locations/us-central1/services/refillEnergyBolts","FUNCTION_TARGET":"refillEnergyBolts","LOG_EXECUTION_ID":"true","FUNCTION_SIGNATURE_TYPE":"http"},"ingressSettings":"ALLOW_ALL","uri":"https://refillenergybolts-e564rdz36a-uc.a.run.app","serviceAccountEmail":"861083271982-compute@developer.gserviceaccount.com","availableMemory":"256Mi","allTrafficOnLatestRevision":true,"revision":"refillenergybolts-00004-luh","maxInstanceRequestConcurrency":80,"availableCpu":"1"},"state":"ACTIVE","labels":{"deployment-tool":"cli-firebase","deployment-scheduled":"true","firebase-functions-hash":"058a68890a5fbe9246ad3d878bb86e3ffa8ca231"},"environment":"GEN_2","url":"https://us-central1-ai-logic-demos.cloudfunctions.net/refillEnergyBolts","satisfiesPzi":true},"stages":[{"name":"BUILD","message":"Reusing build","state":"COMPLETE","resource":"projects/861083271982/locations/us-central1/builds/832c11a0-f5fa-4e97-bc3d-35358f898206","stateMessages":[{"severity":"WARNING","type":"BuildAnalysisWarning","message":"Node.js 20 is no longer supported by the Node.js community as of 30 April, 2026. Runtime nodejs20 is currently deprecated for Cloud Functions. We recommend you to upgrade to the latest version of Node.js as soon as possible."}]},{"name":"SERVICE","message":"Updating Cloud Run service","state":"IN_PROGRESS","resource":"projects/ai-logic-demos/locations/us-central1/services/refillenergybolts","resourceUri":"https://console.cloud.google.com/run/detail/us-central1/refillenergybolts?project=ai-logic-demos","stateMessages":[{"severity":"INFO","type":"CloudRunServiceNewRevisionTrafficInfo","message":"A new revision will be deployed serving with 100% traffic."}]}],"sourceToken":"Cldwcm9qZWN0cy84NjEwODMyNzE5ODIvbG9jYXRpb25zL3VzLWNlbnRyYWwxL2J1aWxkcy84MzJjMTFhMC1mNWZhLTRlOTctYmMzZC0zNTM1OGY4OTgyMDYScnVzLWNlbnRyYWwxLWRvY2tlci5wa2cuZGV2L2FpLWxvZ2ljLWRlbW9zL2djZi1hcnRpZmFjdHMvYWktLWxvZ2ljLS1kZW1vc19fdXMtLWNlbnRyYWwxX19sb2dfYmVmb3JlX2NhbGxzOnZlcnNpb25fMRiuhsDkhxkiRnByb2plY3RzL2FpLWxvZ2ljLWRlbW9zL2xvY2F0aW9ucy91cy1jZW50cmFsMS9mdW5jdGlvbnMvbG9nQmVmb3JlQ2FsbHMqDAjb8a/QBhD4782YATIIbm9kZWpzMjA6dgojZ2NyLmlvL2dhZS1ydW50aW1lcy9ub2RlanMyMDpzdGFibGUST3VzLWNlbnRyYWwxLWRvY2tlci5wa2cuZGV2L3NlcnZlcmxlc3MtcnVudGltZXMvZ29vZ2xlLTIyLWZ1bGwvcnVudGltZXMvbm9kZWpzMjBAAQ==","operationType":"UPDATE_FUNCTION","buildName":"projects/861083271982/locations/us-central1/builds/832c11a0-f5fa-4e97-bc3d-35358f898206"},"done":false}
[debug] [2026-05-19T05:45:17.936Z] Got source token Cldwcm9qZWN0cy84NjEwODMyNzE5ODIvbG9jYXRpb25zL3VzLWNlbnRyYWwxL2J1aWxkcy84MzJjMTFhMC1mNWZhLTRlOTctYmMzZC0zNTM1OGY4OTgyMDYScnVzLWNlbnRyYWwxLWRvY2tlci5wa2cuZGV2L2FpLWxvZ2ljLWRlbW9zL2djZi1hcnRpZmFjdHMvYWktLWxvZ2ljLS1kZW1vc19fdXMtLWNlbnRyYWwxX19sb2dfYmVmb3JlX2NhbGxzOnZlcnNpb25fMRiuhsDkhxkiRnByb2plY3RzL2FpLWxvZ2ljLWRlbW9zL2xvY2F0aW9ucy91cy1jZW50cmFsMS9mdW5jdGlvbnMvbG9nQmVmb3JlQ2FsbHMqDAjb8a/QBhD4782YATIIbm9kZWpzMjA6dgojZ2NyLmlvL2dhZS1ydW50aW1lcy9ub2RlanMyMDpzdGFibGUST3VzLWNlbnRyYWwxLWRvY2tlci5wa2cuZGV2L3NlcnZlcmxlc3MtcnVudGltZXMvZ29vZ2xlLTIyLWZ1bGwvcnVudGltZXMvbm9kZWpzMjBAAQ== for region us-central1
[debug] [2026-05-19T05:45:18.051Z] [update-default-us-central1-syncUserClaims] Retrying task index 0
[debug] [2026-05-19T05:45:18.051Z] No OAuth tokens found
[debug] [2026-05-19T05:45:18.051Z] >>> [apiv2][query] GET https://cloudfunctions.googleapis.com/v2/projects/ai-logic-demos/locations/us-central1/operations/operation-1779169506613-652252e6fd7ce-9681db7b-448b6c0f [none]
[debug] [2026-05-19T05:45:18.327Z] <<< [apiv2][status] GET https://cloudfunctions.googleapis.com/v2/projects/ai-logic-demos/locations/us-central1/operations/operation-1779169506613-652252e6fd7ce-9681db7b-448b6c0f 200
[debug] [2026-05-19T05:45:18.327Z] <<< [apiv2][body] GET https://cloudfunctions.googleapis.com/v2/projects/ai-logic-demos/locations/us-central1/operations/operation-1779169506613-652252e6fd7ce-9681db7b-448b6c0f {"name":"projects/ai-logic-demos/locations/us-central1/operations/operation-1779169506613-652252e6fd7ce-9681db7b-448b6c0f","metadata":{"@type":"type.googleapis.com/google.cloud.functions.v2.OperationMetadata","createTime":"2026-05-19T05:45:09.410395826Z","target":"projects/ai-logic-demos/locations/us-central1/functions/syncUserClaims","verb":"update","cancelRequested":false,"apiVersion":"v2","requestResource":{"@type":"type.googleapis.com/google.cloud.functions.v2.Function","name":"projects/ai-logic-demos/locations/us-central1/functions/syncUserClaims","buildConfig":{"runtime":"nodejs20","entryPoint":"syncUserClaims","source":{"storageSource":{"bucket":"gcf-v2-sources-861083271982-us-central1","object":"syncUserClaims/function-source.zip","generation":"1779169509357321"}},"environmentVariables":{"GOOGLE_NODE_RUN_SCRIPTS":""},"dockerRepository":"projects/ai-logic-demos/locations/us-central1/repositories/gcf-artifacts","sourceProvenance":{"resolvedStorageSource":{"bucket":"gcf-v2-sources-861083271982-us-central1","object":"syncUserClaims/function-source.zip","generation":"1775842656820921"}},"dockerRegistry":"ARTIFACT_REGISTRY","sourceToken":"Cldwcm9qZWN0cy84NjEwODMyNzE5ODIvbG9jYXRpb25zL3VzLWNlbnRyYWwxL2J1aWxkcy84MzJjMTFhMC1mNWZhLTRlOTctYmMzZC0zNTM1OGY4OTgyMDYScnVzLWNlbnRyYWwxLWRvY2tlci5wa2cuZGV2L2FpLWxvZ2ljLWRlbW9zL2djZi1hcnRpZmFjdHMvYWktLWxvZ2ljLS1kZW1vc19fdXMtLWNlbnRyYWwxX19sb2dfYmVmb3JlX2NhbGxzOnZlcnNpb25fMRiuhsDkhxkiRnByb2plY3RzL2FpLWxvZ2ljLWRlbW9zL2xvY2F0aW9ucy91cy1jZW50cmFsMS9mdW5jdGlvbnMvbG9nQmVmb3JlQ2FsbHMqDAjb8a/QBhD4782YATIIbm9kZWpzMjA6dgojZ2NyLmlvL2dhZS1ydW50aW1lcy9ub2RlanMyMDpzdGFibGUST3VzLWNlbnRyYWwxLWRvY2tlci5wa2cuZGV2L3NlcnZlcmxlc3MtcnVudGltZXMvZ29vZ2xlLTIyLWZ1bGwvcnVudGltZXMvbm9kZWpzMjBAAQ==","serviceAccount":"projects/ai-logic-demos/serviceAccounts/861083271982-compute@developer.gserviceaccount.com","automaticUpdatePolicy":{}},"serviceConfig":{"service":"projects/ai-logic-demos/locations/us-central1/services/syncuserclaims","timeoutSeconds":60,"environmentVariables":{"FIREBASE_CONFIG":"{\"projectId\":\"ai-logic-demos\",\"storageBucket\":\"ai-logic-demos.firebasestorage.app\"}","GCLOUD_PROJECT":"ai-logic-demos","EVENTARC_CLOUD_EVENT_SOURCE":"projects/ai-logic-demos/locations/us-central1/services/syncUserClaims","FUNCTION_SIGNATURE_TYPE":"cloudevent","FUNCTION_TARGET":"syncUserClaims","LOG_EXECUTION_ID":"true"},"ingressSettings":"ALLOW_ALL","uri":"https://syncuserclaims-e564rdz36a-uc.a.run.app","serviceAccountEmail":"861083271982-compute@developer.gserviceaccount.com","availableMemory":"256Mi","allTrafficOnLatestRevision":true,"revision":"syncuserclaims-00002-kip","maxInstanceRequestConcurrency":80,"availableCpu":"1"},"eventTrigger":{"trigger":"projects/ai-logic-demos/locations/nam5/triggers/syncuserclaims-447028","triggerRegion":"nam5","eventType":"google.cloud.firestore.document.v1.updated","eventFilters":[{"attribute":"database","value":"(default)"},{"attribute":"namespace","value":"(default)"},{"attribute":"document","value":"Users/{uid}","operator":"match-path-pattern"}],"pubsubTopic":"projects/ai-logic-demos/topics/eventarc-nam5-syncuserclaims-447028-714","serviceAccountEmail":"861083271982-compute@developer.gserviceaccount.com","retryPolicy":"RETRY_POLICY_DO_NOT_RETRY"},"state":"ACTIVE","labels":{"deployment-tool":"cli-firebase","firebase-functions-hash":"058a68890a5fbe9246ad3d878bb86e3ffa8ca231"},"environment":"GEN_2","url":"https://us-central1-ai-logic-demos.cloudfunctions.net/syncUserClaims","satisfiesPzi":true},"stages":[{"name":"BUILD","message":"Reusing build","state":"COMPLETE","resource":"projects/861083271982/locations/us-central1/builds/832c11a0-f5fa-4e97-bc3d-35358f898206","stateMessages":[{"severity":"WARNING","type":"BuildAnalysisWarning","message":"Node.js 20 is no longer supported by the Node.js community as of 30 April, 2026. Runtime nodejs20 is currently deprecated for Cloud Functions. We recommend you to upgrade to the latest version of Node.js as soon as possible."}]},{"name":"SERVICE","message":"Updating Cloud Run service","state":"IN_PROGRESS","resource":"projects/ai-logic-demos/locations/us-central1/services/syncuserclaims","resourceUri":"https://console.cloud.google.com/run/detail/us-central1/syncuserclaims?project=ai-logic-demos","stateMessages":[{"severity":"INFO","type":"CloudRunServiceNewRevisionTrafficInfo","message":"A new revision will be deployed serving with 100% traffic."}]},{"name":"TRIGGER","state":"NOT_STARTED"}],"sourceToken":"Cldwcm9qZWN0cy84NjEwODMyNzE5ODIvbG9jYXRpb25zL3VzLWNlbnRyYWwxL2J1aWxkcy84MzJjMTFhMC1mNWZhLTRlOTctYmMzZC0zNTM1OGY4OTgyMDYScnVzLWNlbnRyYWwxLWRvY2tlci5wa2cuZGV2L2FpLWxvZ2ljLWRlbW9zL2djZi1hcnRpZmFjdHMvYWktLWxvZ2ljLS1kZW1vc19fdXMtLWNlbnRyYWwxX19sb2dfYmVmb3JlX2NhbGxzOnZlcnNpb25fMRiuhsDkhxkiRnByb2plY3RzL2FpLWxvZ2ljLWRlbW9zL2xvY2F0aW9ucy91cy1jZW50cmFsMS9mdW5jdGlvbnMvbG9nQmVmb3JlQ2FsbHMqDAjb8a/QBhD4782YATIIbm9kZWpzMjA6dgojZ2NyLmlvL2dhZS1ydW50aW1lcy9ub2RlanMyMDpzdGFibGUST3VzLWNlbnRyYWwxLWRvY2tlci5wa2cuZGV2L3NlcnZlcmxlc3MtcnVudGltZXMvZ29vZ2xlLTIyLWZ1bGwvcnVudGltZXMvbm9kZWpzMjBAAQ==","operationType":"UPDATE_FUNCTION","buildName":"projects/861083271982/locations/us-central1/builds/832c11a0-f5fa-4e97-bc3d-35358f898206"},"done":false}
[debug] [2026-05-19T05:45:18.327Z] Got source token Cldwcm9qZWN0cy84NjEwODMyNzE5ODIvbG9jYXRpb25zL3VzLWNlbnRyYWwxL2J1aWxkcy84MzJjMTFhMC1mNWZhLTRlOTctYmMzZC0zNTM1OGY4OTgyMDYScnVzLWNlbnRyYWwxLWRvY2tlci5wa2cuZGV2L2FpLWxvZ2ljLWRlbW9zL2djZi1hcnRpZmFjdHMvYWktLWxvZ2ljLS1kZW1vc19fdXMtLWNlbnRyYWwxX19sb2dfYmVmb3JlX2NhbGxzOnZlcnNpb25fMRiuhsDkhxkiRnByb2plY3RzL2FpLWxvZ2ljLWRlbW9zL2xvY2F0aW9ucy91cy1jZW50cmFsMS9mdW5jdGlvbnMvbG9nQmVmb3JlQ2FsbHMqDAjb8a/QBhD4782YATIIbm9kZWpzMjA6dgojZ2NyLmlvL2dhZS1ydW50aW1lcy9ub2RlanMyMDpzdGFibGUST3VzLWNlbnRyYWwxLWRvY2tlci5wa2cuZGV2L3NlcnZlcmxlc3MtcnVudGltZXMvZ29vZ2xlLTIyLWZ1bGwvcnVudGltZXMvbm9kZWpzMjBAAQ== for region us-central1
[debug] [2026-05-19T05:45:18.928Z] [update-default-us-central1-onFlashcardDeleted] Retrying task index 0
[debug] [2026-05-19T05:45:18.929Z] No OAuth tokens found
[debug] [2026-05-19T05:45:18.929Z] >>> [apiv2][query] GET https://cloudfunctions.googleapis.com/v2/projects/ai-logic-demos/locations/us-central1/operations/operation-1779169507157-652252e7825c8-984bce46-8255269b [none]
[debug] [2026-05-19T05:45:19.012Z] <<< [apiv2][status] GET https://cloudfunctions.googleapis.com/v2/projects/ai-logic-demos/locations/us-central1/operations/operation-1779169507157-652252e7825c8-984bce46-8255269b 200
[debug] [2026-05-19T05:45:19.012Z] <<< [apiv2][body] GET https://cloudfunctions.googleapis.com/v2/projects/ai-logic-demos/locations/us-central1/operations/operation-1779169507157-652252e7825c8-984bce46-8255269b {"name":"projects/ai-logic-demos/locations/us-central1/operations/operation-1779169507157-652252e7825c8-984bce46-8255269b","metadata":{"@type":"type.googleapis.com/google.cloud.functions.v2.OperationMetadata","createTime":"2026-05-19T05:45:10.227762384Z","target":"projects/ai-logic-demos/locations/us-central1/functions/onFlashcardDeleted","verb":"update","cancelRequested":false,"apiVersion":"v2","requestResource":{"@type":"type.googleapis.com/google.cloud.functions.v2.Function","name":"projects/ai-logic-demos/locations/us-central1/functions/onFlashcardDeleted","buildConfig":{"runtime":"nodejs20","entryPoint":"onFlashcardDeleted","source":{"storageSource":{"bucket":"gcf-v2-sources-861083271982-us-central1","object":"onFlashcardDeleted/function-source.zip","generation":"1779169510176503"}},"environmentVariables":{"GOOGLE_NODE_RUN_SCRIPTS":""},"dockerRepository":"projects/ai-logic-demos/locations/us-central1/repositories/gcf-artifacts","sourceProvenance":{"resolvedStorageSource":{"bucket":"gcf-v2-sources-861083271982-us-central1","object":"onFlashcardDeleted/function-source.zip","generation":"1775842656680626"}},"dockerRegistry":"ARTIFACT_REGISTRY","sourceToken":"Cldwcm9qZWN0cy84NjEwODMyNzE5ODIvbG9jYXRpb25zL3VzLWNlbnRyYWwxL2J1aWxkcy84MzJjMTFhMC1mNWZhLTRlOTctYmMzZC0zNTM1OGY4OTgyMDYScnVzLWNlbnRyYWwxLWRvY2tlci5wa2cuZGV2L2FpLWxvZ2ljLWRlbW9zL2djZi1hcnRpZmFjdHMvYWktLWxvZ2ljLS1kZW1vc19fdXMtLWNlbnRyYWwxX19sb2dfYmVmb3JlX2NhbGxzOnZlcnNpb25fMRiuhsDkhxkiRnByb2plY3RzL2FpLWxvZ2ljLWRlbW9zL2xvY2F0aW9ucy91cy1jZW50cmFsMS9mdW5jdGlvbnMvbG9nQmVmb3JlQ2FsbHMqDAjb8a/QBhD4782YATIIbm9kZWpzMjA6dgojZ2NyLmlvL2dhZS1ydW50aW1lcy9ub2RlanMyMDpzdGFibGUST3VzLWNlbnRyYWwxLWRvY2tlci5wa2cuZGV2L3NlcnZlcmxlc3MtcnVudGltZXMvZ29vZ2xlLTIyLWZ1bGwvcnVudGltZXMvbm9kZWpzMjBAAQ==","serviceAccount":"projects/ai-logic-demos/serviceAccounts/861083271982-compute@developer.gserviceaccount.com","automaticUpdatePolicy":{}},"serviceConfig":{"service":"projects/ai-logic-demos/locations/us-central1/services/onflashcarddeleted","timeoutSeconds":60,"environmentVariables":{"FIREBASE_CONFIG":"{\"projectId\":\"ai-logic-demos\",\"storageBucket\":\"ai-logic-demos.firebasestorage.app\"}","GCLOUD_PROJECT":"ai-logic-demos","EVENTARC_CLOUD_EVENT_SOURCE":"projects/ai-logic-demos/locations/us-central1/services/onFlashcardDeleted","FUNCTION_SIGNATURE_TYPE":"cloudevent","FUNCTION_TARGET":"onFlashcardDeleted","LOG_EXECUTION_ID":"true"},"ingressSettings":"ALLOW_ALL","uri":"https://onflashcarddeleted-e564rdz36a-uc.a.run.app","serviceAccountEmail":"861083271982-compute@developer.gserviceaccount.com","availableMemory":"256Mi","allTrafficOnLatestRevision":true,"revision":"onflashcarddeleted-00004-buw","maxInstanceRequestConcurrency":80,"availableCpu":"1"},"eventTrigger":{"trigger":"projects/ai-logic-demos/locations/nam5/triggers/onflashcarddeleted-523010","triggerRegion":"nam5","eventType":"google.cloud.firestore.document.v1.deleted","eventFilters":[{"attribute":"database","value":"(default)"},{"attribute":"namespace","value":"(default)"},{"attribute":"document","value":"Flashcards/{cardId}","operator":"match-path-pattern"}],"pubsubTopic":"projects/ai-logic-demos/topics/eventarc-nam5-onflashcarddeleted-523010-598","serviceAccountEmail":"861083271982-compute@developer.gserviceaccount.com","retryPolicy":"RETRY_POLICY_DO_NOT_RETRY"},"state":"ACTIVE","labels":{"deployment-tool":"cli-firebase","firebase-functions-hash":"058a68890a5fbe9246ad3d878bb86e3ffa8ca231"},"environment":"GEN_2","url":"https://us-central1-ai-logic-demos.cloudfunctions.net/onFlashcardDeleted","satisfiesPzi":true},"stages":[{"name":"BUILD","message":"Reusing build","state":"COMPLETE","resource":"projects/861083271982/locations/us-central1/builds/832c11a0-f5fa-4e97-bc3d-35358f898206","stateMessages":[{"severity":"WARNING","type":"BuildAnalysisWarning","message":"Node.js 20 is no longer supported by the Node.js community as of 30 April, 2026. Runtime nodejs20 is currently deprecated for Cloud Functions. We recommend you to upgrade to the latest version of Node.js as soon as possible."}]},{"name":"SERVICE","message":"Updating Cloud Run service","state":"IN_PROGRESS","resource":"projects/ai-logic-demos/locations/us-central1/services/onflashcarddeleted","resourceUri":"https://console.cloud.google.com/run/detail/us-central1/onflashcarddeleted?project=ai-logic-demos","stateMessages":[{"severity":"INFO","type":"CloudRunServiceNewRevisionTrafficInfo","message":"A new revision will be deployed serving with 100% traffic."}]},{"name":"TRIGGER","state":"NOT_STARTED"}],"sourceToken":"Cldwcm9qZWN0cy84NjEwODMyNzE5ODIvbG9jYXRpb25zL3VzLWNlbnRyYWwxL2J1aWxkcy84MzJjMTFhMC1mNWZhLTRlOTctYmMzZC0zNTM1OGY4OTgyMDYScnVzLWNlbnRyYWwxLWRvY2tlci5wa2cuZGV2L2FpLWxvZ2ljLWRlbW9zL2djZi1hcnRpZmFjdHMvYWktLWxvZ2ljLS1kZW1vc19fdXMtLWNlbnRyYWwxX19sb2dfYmVmb3JlX2NhbGxzOnZlcnNpb25fMRiuhsDkhxkiRnByb2plY3RzL2FpLWxvZ2ljLWRlbW9zL2xvY2F0aW9ucy91cy1jZW50cmFsMS9mdW5jdGlvbnMvbG9nQmVmb3JlQ2FsbHMqDAjb8a/QBhD4782YATIIbm9kZWpzMjA6dgojZ2NyLmlvL2dhZS1ydW50aW1lcy9ub2RlanMyMDpzdGFibGUST3VzLWNlbnRyYWwxLWRvY2tlci5wa2cuZGV2L3NlcnZlcmxlc3MtcnVudGltZXMvZ29vZ2xlLTIyLWZ1bGwvcnVudGltZXMvbm9kZWpzMjBAAQ==","operationType":"UPDATE_FUNCTION","buildName":"projects/861083271982/locations/us-central1/builds/832c11a0-f5fa-4e97-bc3d-35358f898206"},"done":false}
[debug] [2026-05-19T05:45:19.012Z] Got source token Cldwcm9qZWN0cy84NjEwODMyNzE5ODIvbG9jYXRpb25zL3VzLWNlbnRyYWwxL2J1aWxkcy84MzJjMTFhMC1mNWZhLTRlOTctYmMzZC0zNTM1OGY4OTgyMDYScnVzLWNlbnRyYWwxLWRvY2tlci5wa2cuZGV2L2FpLWxvZ2ljLWRlbW9zL2djZi1hcnRpZmFjdHMvYWktLWxvZ2ljLS1kZW1vc19fdXMtLWNlbnRyYWwxX19sb2dfYmVmb3JlX2NhbGxzOnZlcnNpb25fMRiuhsDkhxkiRnByb2plY3RzL2FpLWxvZ2ljLWRlbW9zL2xvY2F0aW9ucy91cy1jZW50cmFsMS9mdW5jdGlvbnMvbG9nQmVmb3JlQ2FsbHMqDAjb8a/QBhD4782YATIIbm9kZWpzMjA6dgojZ2NyLmlvL2dhZS1ydW50aW1lcy9ub2RlanMyMDpzdGFibGUST3VzLWNlbnRyYWwxLWRvY2tlci5wa2cuZGV2L3NlcnZlcmxlc3MtcnVudGltZXMvZ29vZ2xlLTIyLWZ1bGwvcnVudGltZXMvbm9kZWpzMjBAAQ== for region us-central1
[debug] [2026-05-19T05:45:24.757Z] [update-default-us-central1-onUserDeleted] Retrying task index 0
[debug] [2026-05-19T05:45:24.757Z] No OAuth tokens found
[debug] [2026-05-19T05:45:24.757Z] >>> [apiv2][query] GET https://cloudfunctions.googleapis.com/v1/operations/YWktbG9naWMtZGVtb3MvdXMtY2VudHJhbDEvb25Vc2VyRGVsZXRlZC9SZU5WZVpWTE5iUQ [none]
[debug] [2026-05-19T05:45:24.965Z] <<< [apiv2][status] GET https://cloudfunctions.googleapis.com/v1/operations/YWktbG9naWMtZGVtb3MvdXMtY2VudHJhbDEvb25Vc2VyRGVsZXRlZC9SZU5WZVpWTE5iUQ 200
[debug] [2026-05-19T05:45:24.966Z] <<< [apiv2][body] GET https://cloudfunctions.googleapis.com/v1/operations/YWktbG9naWMtZGVtb3MvdXMtY2VudHJhbDEvb25Vc2VyRGVsZXRlZC9SZU5WZVpWTE5iUQ {"name":"operations/YWktbG9naWMtZGVtb3MvdXMtY2VudHJhbDEvb25Vc2VyRGVsZXRlZC9SZU5WZVpWTE5iUQ","metadata":{"@type":"type.googleapis.com/google.cloud.functions.v1.OperationMetadataV1","target":"projects/ai-logic-demos/locations/us-central1/functions/onUserDeleted","type":"UPDATE_FUNCTION","request":{"@type":"type.googleapis.com/google.cloud.functions.v1.CloudFunction","name":"projects/ai-logic-demos/locations/us-central1/functions/onUserDeleted","eventTrigger":{"eventType":"providers/cloud.firestore/eventTypes/document.delete","resource":"projects/ai-logic-demos/databases/(default)/documents/Users/{userId}","service":"firestore.googleapis.com"},"status":"ACTIVE","entryPoint":"onUserDeleted","updateTime":"2026-04-10T17:37:54.285Z","versionId":"7","labels":{"deployment-tool":"cli-firebase","firebase-functions-hash":"dca6d861a2d8bbf75e0ad0c044afcfdcee915c78"},"sourceUploadUrl":"https://storage.googleapis.com/uploads-17595169663.us-central1.cloudfunctions.appspot.com/b8e3bedd-0274-456a-944a-252f6adca664.zip?GoogleAccessId=service-861083271982@gcf-admin-robot.iam.gserviceaccount.com&Expires=1779171245&Signature=ndEgzKC1Irf%2FwnrQpEsG5GfsgN6oq%2BL%2FciIF7mm2LZuI4JPSMJX4BFHG9SFBPCjzlUaGfiy9aJVfPegYnxsh4tvgQQL4rBui2dZlk0FZtg3C7tEfeFYmBtP3RfPxxFYascFTRUtkK2WpAmqfvQmYRwZwiKYjZNsbfnPYcHVCm1geNj5LqgJonek2pAzh%2FViiQseMxK4eoKjb2VF0U%2FXUHOKGpybExOrj2FTH0nh38ocqsBQYKN8%2FrCgqkMH14wNMl1Ps4RDRE3rBygWzW04G94ZLnkrFJKh%2FCbxydm%2FUxk3Hvt58XHEuG%2FvEDynS6iLMkH5i%2FMWFj1eMlyzgADTRKg%3D%3D","environmentVariables":{"FIREBASE_CONFIG":"{\"projectId\":\"ai-logic-demos\",\"storageBucket\":\"ai-logic-demos.firebasestorage.app\"}","GCLOUD_PROJECT":"ai-logic-demos","EVENTARC_CLOUD_EVENT_SOURCE":"projects/ai-logic-demos/locations/us-central1/functions/onUserDeleted"},"runtime":"nodejs20","buildId":"6b55a243-9ccd-49dc-bbbe-a577e0dc499e","buildEnvironmentVariables":{"GOOGLE_NODE_RUN_SCRIPTS":""},"buildName":"projects/861083271982/locations/us-central1/builds/6b55a243-9ccd-49dc-bbbe-a577e0dc499e","dockerRegistry":"ARTIFACT_REGISTRY","automaticUpdatePolicy":{},"buildServiceAccount":"projects/ai-logic-demos/serviceAccounts/861083271982-compute@developer.gserviceaccount.com"},"versionId":"8","updateTime":"2026-05-19T05:45:19Z","buildId":"3c6d54f7-0bcf-4af8-9828-e064edd0c36b","sourceToken":"6c583b47-bd63-4c71-a5a6-330b7a51acf1","buildName":"projects/861083271982/locations/us-central1/builds/3c6d54f7-0bcf-4af8-9828-e064edd0c36b"},"done":true,"response":{"@type":"type.googleapis.com/google.cloud.functions.v1.CloudFunction","name":"projects/ai-logic-demos/locations/us-central1/functions/onUserDeleted","eventTrigger":{"eventType":"providers/cloud.firestore/eventTypes/document.delete","resource":"projects/ai-logic-demos/databases/(default)/documents/Users/{userId}","service":"firestore.googleapis.com","failurePolicy":{}},"status":"ACTIVE","entryPoint":"onUserDeleted","timeout":"60s","availableMemoryMb":256,"serviceAccountEmail":"ai-logic-demos@appspot.gserviceaccount.com","updateTime":"2026-05-19T05:45:19.564Z","versionId":"8","labels":{"deployment-tool":"cli-firebase","firebase-functions-hash":"dca6d861a2d8bbf75e0ad0c044afcfdcee915c78"},"sourceUploadUrl":"https://storage.googleapis.com/uploads-17595169663.us-central1.cloudfunctions.appspot.com/b8e3bedd-0274-456a-944a-252f6adca664.zip","environmentVariables":{"FIREBASE_CONFIG":"{\"projectId\":\"ai-logic-demos\",\"storageBucket\":\"ai-logic-demos.firebasestorage.app\"}","GCLOUD_PROJECT":"ai-logic-demos","EVENTARC_CLOUD_EVENT_SOURCE":"projects/ai-logic-demos/locations/us-central1/functions/onUserDeleted"},"runtime":"nodejs20","maxInstances":3000,"ingressSettings":"ALLOW_ALL","buildId":"3c6d54f7-0bcf-4af8-9828-e064edd0c36b","buildEnvironmentVariables":{"GOOGLE_NODE_RUN_SCRIPTS":""},"buildName":"projects/861083271982/locations/us-central1/builds/3c6d54f7-0bcf-4af8-9828-e064edd0c36b","dockerRegistry":"ARTIFACT_REGISTRY","automaticUpdatePolicy":{},"buildServiceAccount":"projects/ai-logic-demos/serviceAccounts/861083271982-compute@developer.gserviceaccount.com"}}
[debug] [2026-05-19T05:45:24.966Z] Got source token 6c583b47-bd63-4c71-a5a6-330b7a51acf1 for region us-central1
[info] ✔  functions[onUserDeleted(us-central1)] Successful update operation. 
[debug] [2026-05-19T05:45:25.932Z] [update-default-us-central1-refillEnergyBolts] Retrying task index 0
[debug] [2026-05-19T05:45:25.933Z] No OAuth tokens found
[debug] [2026-05-19T05:45:25.933Z] >>> [apiv2][query] GET https://cloudfunctions.googleapis.com/v2/projects/ai-logic-demos/locations/us-central1/operations/operation-1779169507310-652252e7a7d2e-535c4a1e-d0dbd725 [none]
[debug] [2026-05-19T05:45:26.322Z] [update-default-us-central1-syncUserClaims] Retrying task index 0
[debug] [2026-05-19T05:45:26.323Z] No OAuth tokens found
[debug] [2026-05-19T05:45:26.323Z] >>> [apiv2][query] GET https://cloudfunctions.googleapis.com/v2/projects/ai-logic-demos/locations/us-central1/operations/operation-1779169506613-652252e6fd7ce-9681db7b-448b6c0f [none]
[debug] [2026-05-19T05:45:26.358Z] <<< [apiv2][status] GET https://cloudfunctions.googleapis.com/v2/projects/ai-logic-demos/locations/us-central1/operations/operation-1779169507310-652252e7a7d2e-535c4a1e-d0dbd725 200
[debug] [2026-05-19T05:45:26.359Z] <<< [apiv2][body] GET https://cloudfunctions.googleapis.com/v2/projects/ai-logic-demos/locations/us-central1/operations/operation-1779169507310-652252e7a7d2e-535c4a1e-d0dbd725 {"name":"projects/ai-logic-demos/locations/us-central1/operations/operation-1779169507310-652252e7a7d2e-535c4a1e-d0dbd725","metadata":{"@type":"type.googleapis.com/google.cloud.functions.v2.OperationMetadata","createTime":"2026-05-19T05:45:08.881192465Z","target":"projects/ai-logic-demos/locations/us-central1/functions/refillEnergyBolts","verb":"update","cancelRequested":false,"apiVersion":"v2","requestResource":{"@type":"type.googleapis.com/google.cloud.functions.v2.Function","name":"projects/ai-logic-demos/locations/us-central1/functions/refillEnergyBolts","buildConfig":{"runtime":"nodejs20","entryPoint":"refillEnergyBolts","source":{"storageSource":{"bucket":"gcf-v2-sources-861083271982-us-central1","object":"refillEnergyBolts/function-source.zip","generation":"1779169508829558"}},"environmentVariables":{"GOOGLE_NODE_RUN_SCRIPTS":""},"dockerRepository":"projects/ai-logic-demos/locations/us-central1/repositories/gcf-artifacts","sourceProvenance":{"resolvedStorageSource":{"bucket":"gcf-v2-sources-861083271982-us-central1","object":"refillEnergyBolts/function-source.zip","generation":"1775842656673268"}},"dockerRegistry":"ARTIFACT_REGISTRY","sourceToken":"Cldwcm9qZWN0cy84NjEwODMyNzE5ODIvbG9jYXRpb25zL3VzLWNlbnRyYWwxL2J1aWxkcy84MzJjMTFhMC1mNWZhLTRlOTctYmMzZC0zNTM1OGY4OTgyMDYScnVzLWNlbnRyYWwxLWRvY2tlci5wa2cuZGV2L2FpLWxvZ2ljLWRlbW9zL2djZi1hcnRpZmFjdHMvYWktLWxvZ2ljLS1kZW1vc19fdXMtLWNlbnRyYWwxX19sb2dfYmVmb3JlX2NhbGxzOnZlcnNpb25fMRiuhsDkhxkiRnByb2plY3RzL2FpLWxvZ2ljLWRlbW9zL2xvY2F0aW9ucy91cy1jZW50cmFsMS9mdW5jdGlvbnMvbG9nQmVmb3JlQ2FsbHMqDAjb8a/QBhD4782YATIIbm9kZWpzMjA6dgojZ2NyLmlvL2dhZS1ydW50aW1lcy9ub2RlanMyMDpzdGFibGUST3VzLWNlbnRyYWwxLWRvY2tlci5wa2cuZGV2L3NlcnZlcmxlc3MtcnVudGltZXMvZ29vZ2xlLTIyLWZ1bGwvcnVudGltZXMvbm9kZWpzMjBAAQ==","serviceAccount":"projects/ai-logic-demos/serviceAccounts/861083271982-compute@developer.gserviceaccount.com","automaticUpdatePolicy":{}},"serviceConfig":{"service":"projects/ai-logic-demos/locations/us-central1/services/refillenergybolts","timeoutSeconds":60,"environmentVariables":{"FIREBASE_CONFIG":"{\"projectId\":\"ai-logic-demos\",\"storageBucket\":\"ai-logic-demos.firebasestorage.app\"}","GCLOUD_PROJECT":"ai-logic-demos","EVENTARC_CLOUD_EVENT_SOURCE":"projects/ai-logic-demos/locations/us-central1/services/refillEnergyBolts","FUNCTION_TARGET":"refillEnergyBolts","LOG_EXECUTION_ID":"true","FUNCTION_SIGNATURE_TYPE":"http"},"ingressSettings":"ALLOW_ALL","uri":"https://refillenergybolts-e564rdz36a-uc.a.run.app","serviceAccountEmail":"861083271982-compute@developer.gserviceaccount.com","availableMemory":"256Mi","allTrafficOnLatestRevision":true,"revision":"refillenergybolts-00004-luh","maxInstanceRequestConcurrency":80,"availableCpu":"1"},"state":"ACTIVE","labels":{"deployment-tool":"cli-firebase","deployment-scheduled":"true","firebase-functions-hash":"058a68890a5fbe9246ad3d878bb86e3ffa8ca231"},"environment":"GEN_2","url":"https://us-central1-ai-logic-demos.cloudfunctions.net/refillEnergyBolts","satisfiesPzi":true},"stages":[{"name":"BUILD","message":"Reusing build","state":"COMPLETE","resource":"projects/861083271982/locations/us-central1/builds/832c11a0-f5fa-4e97-bc3d-35358f898206","stateMessages":[{"severity":"WARNING","type":"BuildAnalysisWarning","message":"Node.js 20 is no longer supported by the Node.js community as of 30 April, 2026. Runtime nodejs20 is currently deprecated for Cloud Functions. We recommend you to upgrade to the latest version of Node.js as soon as possible."}]},{"name":"SERVICE","message":"Updating Cloud Run service","state":"IN_PROGRESS","resource":"projects/ai-logic-demos/locations/us-central1/services/refillenergybolts","resourceUri":"https://console.cloud.google.com/run/detail/us-central1/refillenergybolts?project=ai-logic-demos","stateMessages":[{"severity":"INFO","type":"CloudRunServiceNewRevisionTrafficInfo","message":"A new revision will be deployed serving with 100% traffic."}]}],"sourceToken":"Cldwcm9qZWN0cy84NjEwODMyNzE5ODIvbG9jYXRpb25zL3VzLWNlbnRyYWwxL2J1aWxkcy84MzJjMTFhMC1mNWZhLTRlOTctYmMzZC0zNTM1OGY4OTgyMDYScnVzLWNlbnRyYWwxLWRvY2tlci5wa2cuZGV2L2FpLWxvZ2ljLWRlbW9zL2djZi1hcnRpZmFjdHMvYWktLWxvZ2ljLS1kZW1vc19fdXMtLWNlbnRyYWwxX19sb2dfYmVmb3JlX2NhbGxzOnZlcnNpb25fMRiuhsDkhxkiRnByb2plY3RzL2FpLWxvZ2ljLWRlbW9zL2xvY2F0aW9ucy91cy1jZW50cmFsMS9mdW5jdGlvbnMvbG9nQmVmb3JlQ2FsbHMqDAjb8a/QBhD4782YATIIbm9kZWpzMjA6dgojZ2NyLmlvL2dhZS1ydW50aW1lcy9ub2RlanMyMDpzdGFibGUST3VzLWNlbnRyYWwxLWRvY2tlci5wa2cuZGV2L3NlcnZlcmxlc3MtcnVudGltZXMvZ29vZ2xlLTIyLWZ1bGwvcnVudGltZXMvbm9kZWpzMjBAAQ==","operationType":"UPDATE_FUNCTION","buildName":"projects/861083271982/locations/us-central1/builds/832c11a0-f5fa-4e97-bc3d-35358f898206"},"done":false}
[debug] [2026-05-19T05:45:26.359Z] Got source token Cldwcm9qZWN0cy84NjEwODMyNzE5ODIvbG9jYXRpb25zL3VzLWNlbnRyYWwxL2J1aWxkcy84MzJjMTFhMC1mNWZhLTRlOTctYmMzZC0zNTM1OGY4OTgyMDYScnVzLWNlbnRyYWwxLWRvY2tlci5wa2cuZGV2L2FpLWxvZ2ljLWRlbW9zL2djZi1hcnRpZmFjdHMvYWktLWxvZ2ljLS1kZW1vc19fdXMtLWNlbnRyYWwxX19sb2dfYmVmb3JlX2NhbGxzOnZlcnNpb25fMRiuhsDkhxkiRnByb2plY3RzL2FpLWxvZ2ljLWRlbW9zL2xvY2F0aW9ucy91cy1jZW50cmFsMS9mdW5jdGlvbnMvbG9nQmVmb3JlQ2FsbHMqDAjb8a/QBhD4782YATIIbm9kZWpzMjA6dgojZ2NyLmlvL2dhZS1ydW50aW1lcy9ub2RlanMyMDpzdGFibGUST3VzLWNlbnRyYWwxLWRvY2tlci5wa2cuZGV2L3NlcnZlcmxlc3MtcnVudGltZXMvZ29vZ2xlLTIyLWZ1bGwvcnVudGltZXMvbm9kZWpzMjBAAQ== for region us-central1
[debug] [2026-05-19T05:45:26.616Z] <<< [apiv2][status] GET https://cloudfunctions.googleapis.com/v2/projects/ai-logic-demos/locations/us-central1/operations/operation-1779169506613-652252e6fd7ce-9681db7b-448b6c0f 200
[debug] [2026-05-19T05:45:26.616Z] <<< [apiv2][body] GET https://cloudfunctions.googleapis.com/v2/projects/ai-logic-demos/locations/us-central1/operations/operation-1779169506613-652252e6fd7ce-9681db7b-448b6c0f {"name":"projects/ai-logic-demos/locations/us-central1/operations/operation-1779169506613-652252e6fd7ce-9681db7b-448b6c0f","metadata":{"@type":"type.googleapis.com/google.cloud.functions.v2.OperationMetadata","createTime":"2026-05-19T05:45:09.410395826Z","target":"projects/ai-logic-demos/locations/us-central1/functions/syncUserClaims","verb":"update","cancelRequested":false,"apiVersion":"v2","requestResource":{"@type":"type.googleapis.com/google.cloud.functions.v2.Function","name":"projects/ai-logic-demos/locations/us-central1/functions/syncUserClaims","buildConfig":{"runtime":"nodejs20","entryPoint":"syncUserClaims","source":{"storageSource":{"bucket":"gcf-v2-sources-861083271982-us-central1","object":"syncUserClaims/function-source.zip","generation":"1779169509357321"}},"environmentVariables":{"GOOGLE_NODE_RUN_SCRIPTS":""},"dockerRepository":"projects/ai-logic-demos/locations/us-central1/repositories/gcf-artifacts","sourceProvenance":{"resolvedStorageSource":{"bucket":"gcf-v2-sources-861083271982-us-central1","object":"syncUserClaims/function-source.zip","generation":"1775842656820921"}},"dockerRegistry":"ARTIFACT_REGISTRY","sourceToken":"Cldwcm9qZWN0cy84NjEwODMyNzE5ODIvbG9jYXRpb25zL3VzLWNlbnRyYWwxL2J1aWxkcy84MzJjMTFhMC1mNWZhLTRlOTctYmMzZC0zNTM1OGY4OTgyMDYScnVzLWNlbnRyYWwxLWRvY2tlci5wa2cuZGV2L2FpLWxvZ2ljLWRlbW9zL2djZi1hcnRpZmFjdHMvYWktLWxvZ2ljLS1kZW1vc19fdXMtLWNlbnRyYWwxX19sb2dfYmVmb3JlX2NhbGxzOnZlcnNpb25fMRiuhsDkhxkiRnByb2plY3RzL2FpLWxvZ2ljLWRlbW9zL2xvY2F0aW9ucy91cy1jZW50cmFsMS9mdW5jdGlvbnMvbG9nQmVmb3JlQ2FsbHMqDAjb8a/QBhD4782YATIIbm9kZWpzMjA6dgojZ2NyLmlvL2dhZS1ydW50aW1lcy9ub2RlanMyMDpzdGFibGUST3VzLWNlbnRyYWwxLWRvY2tlci5wa2cuZGV2L3NlcnZlcmxlc3MtcnVudGltZXMvZ29vZ2xlLTIyLWZ1bGwvcnVudGltZXMvbm9kZWpzMjBAAQ==","serviceAccount":"projects/ai-logic-demos/serviceAccounts/861083271982-compute@developer.gserviceaccount.com","automaticUpdatePolicy":{}},"serviceConfig":{"service":"projects/ai-logic-demos/locations/us-central1/services/syncuserclaims","timeoutSeconds":60,"environmentVariables":{"FIREBASE_CONFIG":"{\"projectId\":\"ai-logic-demos\",\"storageBucket\":\"ai-logic-demos.firebasestorage.app\"}","GCLOUD_PROJECT":"ai-logic-demos","EVENTARC_CLOUD_EVENT_SOURCE":"projects/ai-logic-demos/locations/us-central1/services/syncUserClaims","FUNCTION_SIGNATURE_TYPE":"cloudevent","FUNCTION_TARGET":"syncUserClaims","LOG_EXECUTION_ID":"true"},"ingressSettings":"ALLOW_ALL","uri":"https://syncuserclaims-e564rdz36a-uc.a.run.app","serviceAccountEmail":"861083271982-compute@developer.gserviceaccount.com","availableMemory":"256Mi","allTrafficOnLatestRevision":true,"revision":"syncuserclaims-00002-kip","maxInstanceRequestConcurrency":80,"availableCpu":"1"},"eventTrigger":{"trigger":"projects/ai-logic-demos/locations/nam5/triggers/syncuserclaims-447028","triggerRegion":"nam5","eventType":"google.cloud.firestore.document.v1.updated","eventFilters":[{"attribute":"database","value":"(default)"},{"attribute":"namespace","value":"(default)"},{"attribute":"document","value":"Users/{uid}","operator":"match-path-pattern"}],"pubsubTopic":"projects/ai-logic-demos/topics/eventarc-nam5-syncuserclaims-447028-714","serviceAccountEmail":"861083271982-compute@developer.gserviceaccount.com","retryPolicy":"RETRY_POLICY_DO_NOT_RETRY"},"state":"ACTIVE","labels":{"deployment-tool":"cli-firebase","firebase-functions-hash":"058a68890a5fbe9246ad3d878bb86e3ffa8ca231"},"environment":"GEN_2","url":"https://us-central1-ai-logic-demos.cloudfunctions.net/syncUserClaims","satisfiesPzi":true},"stages":[{"name":"BUILD","message":"Reusing build","state":"COMPLETE","resource":"projects/861083271982/locations/us-central1/builds/832c11a0-f5fa-4e97-bc3d-35358f898206","stateMessages":[{"severity":"WARNING","type":"BuildAnalysisWarning","message":"Node.js 20 is no longer supported by the Node.js community as of 30 April, 2026. Runtime nodejs20 is currently deprecated for Cloud Functions. We recommend you to upgrade to the latest version of Node.js as soon as possible."}]},{"name":"SERVICE","message":"Updating Cloud Run service","state":"IN_PROGRESS","resource":"projects/ai-logic-demos/locations/us-central1/services/syncuserclaims","resourceUri":"https://console.cloud.google.com/run/detail/us-central1/syncuserclaims?project=ai-logic-demos","stateMessages":[{"severity":"INFO","type":"CloudRunServiceNewRevisionTrafficInfo","message":"A new revision will be deployed serving with 100% traffic."}]},{"name":"TRIGGER","state":"NOT_STARTED"}],"sourceToken":"Cldwcm9qZWN0cy84NjEwODMyNzE5ODIvbG9jYXRpb25zL3VzLWNlbnRyYWwxL2J1aWxkcy84MzJjMTFhMC1mNWZhLTRlOTctYmMzZC0zNTM1OGY4OTgyMDYScnVzLWNlbnRyYWwxLWRvY2tlci5wa2cuZGV2L2FpLWxvZ2ljLWRlbW9zL2djZi1hcnRpZmFjdHMvYWktLWxvZ2ljLS1kZW1vc19fdXMtLWNlbnRyYWwxX19sb2dfYmVmb3JlX2NhbGxzOnZlcnNpb25fMRiuhsDkhxkiRnByb2plY3RzL2FpLWxvZ2ljLWRlbW9zL2xvY2F0aW9ucy91cy1jZW50cmFsMS9mdW5jdGlvbnMvbG9nQmVmb3JlQ2FsbHMqDAjb8a/QBhD4782YATIIbm9kZWpzMjA6dgojZ2NyLmlvL2dhZS1ydW50aW1lcy9ub2RlanMyMDpzdGFibGUST3VzLWNlbnRyYWwxLWRvY2tlci5wa2cuZGV2L3NlcnZlcmxlc3MtcnVudGltZXMvZ29vZ2xlLTIyLWZ1bGwvcnVudGltZXMvbm9kZWpzMjBAAQ==","operationType":"UPDATE_FUNCTION","buildName":"projects/861083271982/locations/us-central1/builds/832c11a0-f5fa-4e97-bc3d-35358f898206"},"done":false}
[debug] [2026-05-19T05:45:26.616Z] Got source token Cldwcm9qZWN0cy84NjEwODMyNzE5ODIvbG9jYXRpb25zL3VzLWNlbnRyYWwxL2J1aWxkcy84MzJjMTFhMC1mNWZhLTRlOTctYmMzZC0zNTM1OGY4OTgyMDYScnVzLWNlbnRyYWwxLWRvY2tlci5wa2cuZGV2L2FpLWxvZ2ljLWRlbW9zL2djZi1hcnRpZmFjdHMvYWktLWxvZ2ljLS1kZW1vc19fdXMtLWNlbnRyYWwxX19sb2dfYmVmb3JlX2NhbGxzOnZlcnNpb25fMRiuhsDkhxkiRnByb2plY3RzL2FpLWxvZ2ljLWRlbW9zL2xvY2F0aW9ucy91cy1jZW50cmFsMS9mdW5jdGlvbnMvbG9nQmVmb3JlQ2FsbHMqDAjb8a/QBhD4782YATIIbm9kZWpzMjA6dgojZ2NyLmlvL2dhZS1ydW50aW1lcy9ub2RlanMyMDpzdGFibGUST3VzLWNlbnRyYWwxLWRvY2tlci5wa2cuZGV2L3NlcnZlcmxlc3MtcnVudGltZXMvZ29vZ2xlLTIyLWZ1bGwvcnVudGltZXMvbm9kZWpzMjBAAQ== for region us-central1
[debug] [2026-05-19T05:45:27.008Z] [update-default-us-central1-onFlashcardDeleted] Retrying task index 0
[debug] [2026-05-19T05:45:27.009Z] No OAuth tokens found
[debug] [2026-05-19T05:45:27.009Z] >>> [apiv2][query] GET https://cloudfunctions.googleapis.com/v2/projects/ai-logic-demos/locations/us-central1/operations/operation-1779169507157-652252e7825c8-984bce46-8255269b [none]
[debug] [2026-05-19T05:45:27.529Z] <<< [apiv2][status] GET https://cloudfunctions.googleapis.com/v2/projects/ai-logic-demos/locations/us-central1/operations/operation-1779169507157-652252e7825c8-984bce46-8255269b 200
[debug] [2026-05-19T05:45:27.530Z] <<< [apiv2][body] GET https://cloudfunctions.googleapis.com/v2/projects/ai-logic-demos/locations/us-central1/operations/operation-1779169507157-652252e7825c8-984bce46-8255269b {"name":"projects/ai-logic-demos/locations/us-central1/operations/operation-1779169507157-652252e7825c8-984bce46-8255269b","metadata":{"@type":"type.googleapis.com/google.cloud.functions.v2.OperationMetadata","createTime":"2026-05-19T05:45:10.227762384Z","target":"projects/ai-logic-demos/locations/us-central1/functions/onFlashcardDeleted","verb":"update","cancelRequested":false,"apiVersion":"v2","requestResource":{"@type":"type.googleapis.com/google.cloud.functions.v2.Function","name":"projects/ai-logic-demos/locations/us-central1/functions/onFlashcardDeleted","buildConfig":{"runtime":"nodejs20","entryPoint":"onFlashcardDeleted","source":{"storageSource":{"bucket":"gcf-v2-sources-861083271982-us-central1","object":"onFlashcardDeleted/function-source.zip","generation":"1779169510176503"}},"environmentVariables":{"GOOGLE_NODE_RUN_SCRIPTS":""},"dockerRepository":"projects/ai-logic-demos/locations/us-central1/repositories/gcf-artifacts","sourceProvenance":{"resolvedStorageSource":{"bucket":"gcf-v2-sources-861083271982-us-central1","object":"onFlashcardDeleted/function-source.zip","generation":"1775842656680626"}},"dockerRegistry":"ARTIFACT_REGISTRY","sourceToken":"Cldwcm9qZWN0cy84NjEwODMyNzE5ODIvbG9jYXRpb25zL3VzLWNlbnRyYWwxL2J1aWxkcy84MzJjMTFhMC1mNWZhLTRlOTctYmMzZC0zNTM1OGY4OTgyMDYScnVzLWNlbnRyYWwxLWRvY2tlci5wa2cuZGV2L2FpLWxvZ2ljLWRlbW9zL2djZi1hcnRpZmFjdHMvYWktLWxvZ2ljLS1kZW1vc19fdXMtLWNlbnRyYWwxX19sb2dfYmVmb3JlX2NhbGxzOnZlcnNpb25fMRiuhsDkhxkiRnByb2plY3RzL2FpLWxvZ2ljLWRlbW9zL2xvY2F0aW9ucy91cy1jZW50cmFsMS9mdW5jdGlvbnMvbG9nQmVmb3JlQ2FsbHMqDAjb8a/QBhD4782YATIIbm9kZWpzMjA6dgojZ2NyLmlvL2dhZS1ydW50aW1lcy9ub2RlanMyMDpzdGFibGUST3VzLWNlbnRyYWwxLWRvY2tlci5wa2cuZGV2L3NlcnZlcmxlc3MtcnVudGltZXMvZ29vZ2xlLTIyLWZ1bGwvcnVudGltZXMvbm9kZWpzMjBAAQ==","serviceAccount":"projects/ai-logic-demos/serviceAccounts/861083271982-compute@developer.gserviceaccount.com","automaticUpdatePolicy":{}},"serviceConfig":{"service":"projects/ai-logic-demos/locations/us-central1/services/onflashcarddeleted","timeoutSeconds":60,"environmentVariables":{"FIREBASE_CONFIG":"{\"projectId\":\"ai-logic-demos\",\"storageBucket\":\"ai-logic-demos.firebasestorage.app\"}","GCLOUD_PROJECT":"ai-logic-demos","EVENTARC_CLOUD_EVENT_SOURCE":"projects/ai-logic-demos/locations/us-central1/services/onFlashcardDeleted","FUNCTION_SIGNATURE_TYPE":"cloudevent","FUNCTION_TARGET":"onFlashcardDeleted","LOG_EXECUTION_ID":"true"},"ingressSettings":"ALLOW_ALL","uri":"https://onflashcarddeleted-e564rdz36a-uc.a.run.app","serviceAccountEmail":"861083271982-compute@developer.gserviceaccount.com","availableMemory":"256Mi","allTrafficOnLatestRevision":true,"revision":"onflashcarddeleted-00004-buw","maxInstanceRequestConcurrency":80,"availableCpu":"1"},"eventTrigger":{"trigger":"projects/ai-logic-demos/locations/nam5/triggers/onflashcarddeleted-523010","triggerRegion":"nam5","eventType":"google.cloud.firestore.document.v1.deleted","eventFilters":[{"attribute":"database","value":"(default)"},{"attribute":"namespace","value":"(default)"},{"attribute":"document","value":"Flashcards/{cardId}","operator":"match-path-pattern"}],"pubsubTopic":"projects/ai-logic-demos/topics/eventarc-nam5-onflashcarddeleted-523010-598","serviceAccountEmail":"861083271982-compute@developer.gserviceaccount.com","retryPolicy":"RETRY_POLICY_DO_NOT_RETRY"},"state":"ACTIVE","labels":{"deployment-tool":"cli-firebase","firebase-functions-hash":"058a68890a5fbe9246ad3d878bb86e3ffa8ca231"},"environment":"GEN_2","url":"https://us-central1-ai-logic-demos.cloudfunctions.net/onFlashcardDeleted","satisfiesPzi":true},"stages":[{"name":"BUILD","message":"Reusing build","state":"COMPLETE","resource":"projects/861083271982/locations/us-central1/builds/832c11a0-f5fa-4e97-bc3d-35358f898206","stateMessages":[{"severity":"WARNING","type":"BuildAnalysisWarning","message":"Node.js 20 is no longer supported by the Node.js community as of 30 April, 2026. Runtime nodejs20 is currently deprecated for Cloud Functions. We recommend you to upgrade to the latest version of Node.js as soon as possible."}]},{"name":"SERVICE","message":"Updating Cloud Run service","state":"IN_PROGRESS","resource":"projects/ai-logic-demos/locations/us-central1/services/onflashcarddeleted","resourceUri":"https://console.cloud.google.com/run/detail/us-central1/onflashcarddeleted?project=ai-logic-demos","stateMessages":[{"severity":"INFO","type":"CloudRunServiceNewRevisionTrafficInfo","message":"A new revision will be deployed serving with 100% traffic."}]},{"name":"TRIGGER","state":"NOT_STARTED"}],"sourceToken":"Cldwcm9qZWN0cy84NjEwODMyNzE5ODIvbG9jYXRpb25zL3VzLWNlbnRyYWwxL2J1aWxkcy84MzJjMTFhMC1mNWZhLTRlOTctYmMzZC0zNTM1OGY4OTgyMDYScnVzLWNlbnRyYWwxLWRvY2tlci5wa2cuZGV2L2FpLWxvZ2ljLWRlbW9zL2djZi1hcnRpZmFjdHMvYWktLWxvZ2ljLS1kZW1vc19fdXMtLWNlbnRyYWwxX19sb2dfYmVmb3JlX2NhbGxzOnZlcnNpb25fMRiuhsDkhxkiRnByb2plY3RzL2FpLWxvZ2ljLWRlbW9zL2xvY2F0aW9ucy91cy1jZW50cmFsMS9mdW5jdGlvbnMvbG9nQmVmb3JlQ2FsbHMqDAjb8a/QBhD4782YATIIbm9kZWpzMjA6dgojZ2NyLmlvL2dhZS1ydW50aW1lcy9ub2RlanMyMDpzdGFibGUST3VzLWNlbnRyYWwxLWRvY2tlci5wa2cuZGV2L3NlcnZlcmxlc3MtcnVudGltZXMvZ29vZ2xlLTIyLWZ1bGwvcnVudGltZXMvbm9kZWpzMjBAAQ==","operationType":"UPDATE_FUNCTION","buildName":"projects/861083271982/locations/us-central1/builds/832c11a0-f5fa-4e97-bc3d-35358f898206"},"done":false}
[debug] [2026-05-19T05:45:27.530Z] Got source token Cldwcm9qZWN0cy84NjEwODMyNzE5ODIvbG9jYXRpb25zL3VzLWNlbnRyYWwxL2J1aWxkcy84MzJjMTFhMC1mNWZhLTRlOTctYmMzZC0zNTM1OGY4OTgyMDYScnVzLWNlbnRyYWwxLWRvY2tlci5wa2cuZGV2L2FpLWxvZ2ljLWRlbW9zL2djZi1hcnRpZmFjdHMvYWktLWxvZ2ljLS1kZW1vc19fdXMtLWNlbnRyYWwxX19sb2dfYmVmb3JlX2NhbGxzOnZlcnNpb25fMRiuhsDkhxkiRnByb2plY3RzL2FpLWxvZ2ljLWRlbW9zL2xvY2F0aW9ucy91cy1jZW50cmFsMS9mdW5jdGlvbnMvbG9nQmVmb3JlQ2FsbHMqDAjb8a/QBhD4782YATIIbm9kZWpzMjA6dgojZ2NyLmlvL2dhZS1ydW50aW1lcy9ub2RlanMyMDpzdGFibGUST3VzLWNlbnRyYWwxLWRvY2tlci5wa2cuZGV2L3NlcnZlcmxlc3MtcnVudGltZXMvZ29vZ2xlLTIyLWZ1bGwvcnVudGltZXMvbm9kZWpzMjBAAQ== for region us-central1
[debug] [2026-05-19T05:45:36.356Z] [update-default-us-central1-refillEnergyBolts] Retrying task index 0
[debug] [2026-05-19T05:45:36.356Z] No OAuth tokens found
[debug] [2026-05-19T05:45:36.356Z] >>> [apiv2][query] GET https://cloudfunctions.googleapis.com/v2/projects/ai-logic-demos/locations/us-central1/operations/operation-1779169507310-652252e7a7d2e-535c4a1e-d0dbd725 [none]
[debug] [2026-05-19T05:45:36.613Z] [update-default-us-central1-syncUserClaims] Retrying task index 0
[debug] [2026-05-19T05:45:36.613Z] No OAuth tokens found
[debug] [2026-05-19T05:45:36.614Z] >>> [apiv2][query] GET https://cloudfunctions.googleapis.com/v2/projects/ai-logic-demos/locations/us-central1/operations/operation-1779169506613-652252e6fd7ce-9681db7b-448b6c0f [none]
[debug] [2026-05-19T05:45:36.916Z] <<< [apiv2][status] GET https://cloudfunctions.googleapis.com/v2/projects/ai-logic-demos/locations/us-central1/operations/operation-1779169506613-652252e6fd7ce-9681db7b-448b6c0f 200
[debug] [2026-05-19T05:45:36.916Z] <<< [apiv2][body] GET https://cloudfunctions.googleapis.com/v2/projects/ai-logic-demos/locations/us-central1/operations/operation-1779169506613-652252e6fd7ce-9681db7b-448b6c0f {"name":"projects/ai-logic-demos/locations/us-central1/operations/operation-1779169506613-652252e6fd7ce-9681db7b-448b6c0f","metadata":{"@type":"type.googleapis.com/google.cloud.functions.v2.OperationMetadata","createTime":"2026-05-19T05:45:09.410395826Z","endTime":"2026-05-19T05:45:33.967452942Z","target":"projects/ai-logic-demos/locations/us-central1/functions/syncUserClaims","verb":"update","cancelRequested":false,"apiVersion":"v2","requestResource":{"@type":"type.googleapis.com/google.cloud.functions.v2.Function","name":"projects/ai-logic-demos/locations/us-central1/functions/syncUserClaims","buildConfig":{"runtime":"nodejs20","entryPoint":"syncUserClaims","source":{"storageSource":{"bucket":"gcf-v2-sources-861083271982-us-central1","object":"syncUserClaims/function-source.zip","generation":"1779169509357321"}},"environmentVariables":{"GOOGLE_NODE_RUN_SCRIPTS":""},"dockerRepository":"projects/ai-logic-demos/locations/us-central1/repositories/gcf-artifacts","sourceProvenance":{"resolvedStorageSource":{"bucket":"gcf-v2-sources-861083271982-us-central1","object":"syncUserClaims/function-source.zip","generation":"1775842656820921"}},"dockerRegistry":"ARTIFACT_REGISTRY","sourceToken":"Cldwcm9qZWN0cy84NjEwODMyNzE5ODIvbG9jYXRpb25zL3VzLWNlbnRyYWwxL2J1aWxkcy84MzJjMTFhMC1mNWZhLTRlOTctYmMzZC0zNTM1OGY4OTgyMDYScnVzLWNlbnRyYWwxLWRvY2tlci5wa2cuZGV2L2FpLWxvZ2ljLWRlbW9zL2djZi1hcnRpZmFjdHMvYWktLWxvZ2ljLS1kZW1vc19fdXMtLWNlbnRyYWwxX19sb2dfYmVmb3JlX2NhbGxzOnZlcnNpb25fMRiuhsDkhxkiRnByb2plY3RzL2FpLWxvZ2ljLWRlbW9zL2xvY2F0aW9ucy91cy1jZW50cmFsMS9mdW5jdGlvbnMvbG9nQmVmb3JlQ2FsbHMqDAjb8a/QBhD4782YATIIbm9kZWpzMjA6dgojZ2NyLmlvL2dhZS1ydW50aW1lcy9ub2RlanMyMDpzdGFibGUST3VzLWNlbnRyYWwxLWRvY2tlci5wa2cuZGV2L3NlcnZlcmxlc3MtcnVudGltZXMvZ29vZ2xlLTIyLWZ1bGwvcnVudGltZXMvbm9kZWpzMjBAAQ==","serviceAccount":"projects/ai-logic-demos/serviceAccounts/861083271982-compute@developer.gserviceaccount.com","automaticUpdatePolicy":{}},"serviceConfig":{"service":"projects/ai-logic-demos/locations/us-central1/services/syncuserclaims","timeoutSeconds":60,"environmentVariables":{"FIREBASE_CONFIG":"{\"projectId\":\"ai-logic-demos\",\"storageBucket\":\"ai-logic-demos.firebasestorage.app\"}","GCLOUD_PROJECT":"ai-logic-demos","EVENTARC_CLOUD_EVENT_SOURCE":"projects/ai-logic-demos/locations/us-central1/services/syncUserClaims","FUNCTION_SIGNATURE_TYPE":"cloudevent","FUNCTION_TARGET":"syncUserClaims","LOG_EXECUTION_ID":"true"},"ingressSettings":"ALLOW_ALL","uri":"https://syncuserclaims-e564rdz36a-uc.a.run.app","serviceAccountEmail":"861083271982-compute@developer.gserviceaccount.com","availableMemory":"256Mi","allTrafficOnLatestRevision":true,"revision":"syncuserclaims-00002-kip","maxInstanceRequestConcurrency":80,"availableCpu":"1"},"eventTrigger":{"trigger":"projects/ai-logic-demos/locations/nam5/triggers/syncuserclaims-447028","triggerRegion":"nam5","eventType":"google.cloud.firestore.document.v1.updated","eventFilters":[{"attribute":"database","value":"(default)"},{"attribute":"namespace","value":"(default)"},{"attribute":"document","value":"Users/{uid}","operator":"match-path-pattern"}],"pubsubTopic":"projects/ai-logic-demos/topics/eventarc-nam5-syncuserclaims-447028-714","serviceAccountEmail":"861083271982-compute@developer.gserviceaccount.com","retryPolicy":"RETRY_POLICY_DO_NOT_RETRY"},"state":"ACTIVE","labels":{"deployment-tool":"cli-firebase","firebase-functions-hash":"058a68890a5fbe9246ad3d878bb86e3ffa8ca231"},"environment":"GEN_2","url":"https://us-central1-ai-logic-demos.cloudfunctions.net/syncUserClaims","satisfiesPzi":true},"stages":[{"name":"BUILD","message":"Reusing build","state":"COMPLETE","resource":"projects/861083271982/locations/us-central1/builds/832c11a0-f5fa-4e97-bc3d-35358f898206","stateMessages":[{"severity":"WARNING","type":"BuildAnalysisWarning","message":"Node.js 20 is no longer supported by the Node.js community as of 30 April, 2026. Runtime nodejs20 is currently deprecated for Cloud Functions. We recommend you to upgrade to the latest version of Node.js as soon as possible."}]},{"name":"SERVICE","message":"Updating Cloud Run service","state":"COMPLETE","resource":"projects/ai-logic-demos/locations/us-central1/services/syncuserclaims","resourceUri":"https://console.cloud.google.com/run/detail/us-central1/syncuserclaims?project=ai-logic-demos","stateMessages":[{"severity":"INFO","type":"CloudRunServiceNewRevisionTrafficInfo","message":"A new revision will be deployed serving with 100% traffic."}]},{"name":"TRIGGER","state":"NOT_STARTED"}],"sourceToken":"Cldwcm9qZWN0cy84NjEwODMyNzE5ODIvbG9jYXRpb25zL3VzLWNlbnRyYWwxL2J1aWxkcy84MzJjMTFhMC1mNWZhLTRlOTctYmMzZC0zNTM1OGY4OTgyMDYScnVzLWNlbnRyYWwxLWRvY2tlci5wa2cuZGV2L2FpLWxvZ2ljLWRlbW9zL2djZi1hcnRpZmFjdHMvYWktLWxvZ2ljLS1kZW1vc19fdXMtLWNlbnRyYWwxX19sb2dfYmVmb3JlX2NhbGxzOnZlcnNpb25fMRiuhsDkhxkiRnByb2plY3RzL2FpLWxvZ2ljLWRlbW9zL2xvY2F0aW9ucy91cy1jZW50cmFsMS9mdW5jdGlvbnMvbG9nQmVmb3JlQ2FsbHMqDAjb8a/QBhD4782YATIIbm9kZWpzMjA6dgojZ2NyLmlvL2dhZS1ydW50aW1lcy9ub2RlanMyMDpzdGFibGUST3VzLWNlbnRyYWwxLWRvY2tlci5wa2cuZGV2L3NlcnZlcmxlc3MtcnVudGltZXMvZ29vZ2xlLTIyLWZ1bGwvcnVudGltZXMvbm9kZWpzMjBAAQ==","operationType":"UPDATE_FUNCTION","buildName":"projects/861083271982/locations/us-central1/builds/832c11a0-f5fa-4e97-bc3d-35358f898206"},"done":true,"response":{"@type":"type.googleapis.com/google.cloud.functions.v2.Function","name":"projects/ai-logic-demos/locations/us-central1/functions/syncUserClaims","buildConfig":{"build":"projects/861083271982/locations/us-central1/builds/832c11a0-f5fa-4e97-bc3d-35358f898206","runtime":"nodejs20","entryPoint":"syncUserClaims","source":{"storageSource":{"bucket":"gcf-v2-sources-861083271982-us-central1","object":"syncUserClaims/function-source.zip","generation":"1779169509357321"}},"environmentVariables":{"GOOGLE_NODE_RUN_SCRIPTS":""},"dockerRepository":"projects/ai-logic-demos/locations/us-central1/repositories/gcf-artifacts","sourceProvenance":{"resolvedStorageSource":{"bucket":"gcf-v2-sources-861083271982-us-central1","object":"syncUserClaims/function-source.zip","generation":"1779169509357321"}},"dockerRegistry":"ARTIFACT_REGISTRY","serviceAccount":"projects/ai-logic-demos/serviceAccounts/861083271982-compute@developer.gserviceaccount.com","automaticUpdatePolicy":{}},"serviceConfig":{"service":"projects/ai-logic-demos/locations/us-central1/services/syncuserclaims","timeoutSeconds":60,"environmentVariables":{"FIREBASE_CONFIG":"{\"projectId\":\"ai-logic-demos\",\"storageBucket\":\"ai-logic-demos.firebasestorage.app\"}","GCLOUD_PROJECT":"ai-logic-demos","EVENTARC_CLOUD_EVENT_SOURCE":"projects/ai-logic-demos/locations/us-central1/services/syncUserClaims","FUNCTION_SIGNATURE_TYPE":"cloudevent","FUNCTION_TARGET":"syncUserClaims","LOG_EXECUTION_ID":"true"},"maxInstanceCount":100,"ingressSettings":"ALLOW_ALL","uri":"https://syncuserclaims-e564rdz36a-uc.a.run.app","serviceAccountEmail":"861083271982-compute@developer.gserviceaccount.com","availableMemory":"256Mi","allTrafficOnLatestRevision":true,"revision":"syncuserclaims-00003-rex","maxInstanceRequestConcurrency":80,"availableCpu":"1"},"eventTrigger":{"trigger":"projects/ai-logic-demos/locations/nam5/triggers/syncuserclaims-447028","triggerRegion":"nam5","eventType":"google.cloud.firestore.document.v1.updated","eventFilters":[{"attribute":"document","value":"Users/{uid}","operator":"match-path-pattern"},{"attribute":"database","value":"(default)"},{"attribute":"namespace","value":"(default)"}],"pubsubTopic":"projects/ai-logic-demos/topics/eventarc-nam5-syncuserclaims-447028-714","serviceAccountEmail":"861083271982-compute@developer.gserviceaccount.com","retryPolicy":"RETRY_POLICY_DO_NOT_RETRY"},"state":"ACTIVE","updateTime":"2026-05-19T05:45:09.413718036Z","labels":{"deployment-tool":"cli-firebase","firebase-functions-hash":"058a68890a5fbe9246ad3d878bb86e3ffa8ca231"},"environment":"GEN_2","url":"https://us-central1-ai-logic-demos.cloudfunctions.net/syncUserClaims","createTime":"2026-04-10T17:34:52.954753094Z","satisfiesPzi":true}}
[debug] [2026-05-19T05:45:36.916Z] Got source token Cldwcm9qZWN0cy84NjEwODMyNzE5ODIvbG9jYXRpb25zL3VzLWNlbnRyYWwxL2J1aWxkcy84MzJjMTFhMC1mNWZhLTRlOTctYmMzZC0zNTM1OGY4OTgyMDYScnVzLWNlbnRyYWwxLWRvY2tlci5wa2cuZGV2L2FpLWxvZ2ljLWRlbW9zL2djZi1hcnRpZmFjdHMvYWktLWxvZ2ljLS1kZW1vc19fdXMtLWNlbnRyYWwxX19sb2dfYmVmb3JlX2NhbGxzOnZlcnNpb25fMRiuhsDkhxkiRnByb2plY3RzL2FpLWxvZ2ljLWRlbW9zL2xvY2F0aW9ucy91cy1jZW50cmFsMS9mdW5jdGlvbnMvbG9nQmVmb3JlQ2FsbHMqDAjb8a/QBhD4782YATIIbm9kZWpzMjA6dgojZ2NyLmlvL2dhZS1ydW50aW1lcy9ub2RlanMyMDpzdGFibGUST3VzLWNlbnRyYWwxLWRvY2tlci5wa2cuZGV2L3NlcnZlcmxlc3MtcnVudGltZXMvZ29vZ2xlLTIyLWZ1bGwvcnVudGltZXMvbm9kZWpzMjBAAQ== for region us-central1
[info] ✔  functions[syncUserClaims(us-central1)] Successful update operation. 
[debug] [2026-05-19T05:45:36.916Z] <<< [apiv2][status] GET https://cloudfunctions.googleapis.com/v2/projects/ai-logic-demos/locations/us-central1/operations/operation-1779169507310-652252e7a7d2e-535c4a1e-d0dbd725 200
[debug] [2026-05-19T05:45:36.916Z] <<< [apiv2][body] GET https://cloudfunctions.googleapis.com/v2/projects/ai-logic-demos/locations/us-central1/operations/operation-1779169507310-652252e7a7d2e-535c4a1e-d0dbd725 {"name":"projects/ai-logic-demos/locations/us-central1/operations/operation-1779169507310-652252e7a7d2e-535c4a1e-d0dbd725","metadata":{"@type":"type.googleapis.com/google.cloud.functions.v2.OperationMetadata","createTime":"2026-05-19T05:45:08.881192465Z","endTime":"2026-05-19T05:45:33.832149342Z","target":"projects/ai-logic-demos/locations/us-central1/functions/refillEnergyBolts","verb":"update","cancelRequested":false,"apiVersion":"v2","requestResource":{"@type":"type.googleapis.com/google.cloud.functions.v2.Function","name":"projects/ai-logic-demos/locations/us-central1/functions/refillEnergyBolts","buildConfig":{"runtime":"nodejs20","entryPoint":"refillEnergyBolts","source":{"storageSource":{"bucket":"gcf-v2-sources-861083271982-us-central1","object":"refillEnergyBolts/function-source.zip","generation":"1779169508829558"}},"environmentVariables":{"GOOGLE_NODE_RUN_SCRIPTS":""},"dockerRepository":"projects/ai-logic-demos/locations/us-central1/repositories/gcf-artifacts","sourceProvenance":{"resolvedStorageSource":{"bucket":"gcf-v2-sources-861083271982-us-central1","object":"refillEnergyBolts/function-source.zip","generation":"1775842656673268"}},"dockerRegistry":"ARTIFACT_REGISTRY","sourceToken":"Cldwcm9qZWN0cy84NjEwODMyNzE5ODIvbG9jYXRpb25zL3VzLWNlbnRyYWwxL2J1aWxkcy84MzJjMTFhMC1mNWZhLTRlOTctYmMzZC0zNTM1OGY4OTgyMDYScnVzLWNlbnRyYWwxLWRvY2tlci5wa2cuZGV2L2FpLWxvZ2ljLWRlbW9zL2djZi1hcnRpZmFjdHMvYWktLWxvZ2ljLS1kZW1vc19fdXMtLWNlbnRyYWwxX19sb2dfYmVmb3JlX2NhbGxzOnZlcnNpb25fMRiuhsDkhxkiRnByb2plY3RzL2FpLWxvZ2ljLWRlbW9zL2xvY2F0aW9ucy91cy1jZW50cmFsMS9mdW5jdGlvbnMvbG9nQmVmb3JlQ2FsbHMqDAjb8a/QBhD4782YATIIbm9kZWpzMjA6dgojZ2NyLmlvL2dhZS1ydW50aW1lcy9ub2RlanMyMDpzdGFibGUST3VzLWNlbnRyYWwxLWRvY2tlci5wa2cuZGV2L3NlcnZlcmxlc3MtcnVudGltZXMvZ29vZ2xlLTIyLWZ1bGwvcnVudGltZXMvbm9kZWpzMjBAAQ==","serviceAccount":"projects/ai-logic-demos/serviceAccounts/861083271982-compute@developer.gserviceaccount.com","automaticUpdatePolicy":{}},"serviceConfig":{"service":"projects/ai-logic-demos/locations/us-central1/services/refillenergybolts","timeoutSeconds":60,"environmentVariables":{"FIREBASE_CONFIG":"{\"projectId\":\"ai-logic-demos\",\"storageBucket\":\"ai-logic-demos.firebasestorage.app\"}","GCLOUD_PROJECT":"ai-logic-demos","EVENTARC_CLOUD_EVENT_SOURCE":"projects/ai-logic-demos/locations/us-central1/services/refillEnergyBolts","FUNCTION_TARGET":"refillEnergyBolts","LOG_EXECUTION_ID":"true","FUNCTION_SIGNATURE_TYPE":"http"},"ingressSettings":"ALLOW_ALL","uri":"https://refillenergybolts-e564rdz36a-uc.a.run.app","serviceAccountEmail":"861083271982-compute@developer.gserviceaccount.com","availableMemory":"256Mi","allTrafficOnLatestRevision":true,"revision":"refillenergybolts-00004-luh","maxInstanceRequestConcurrency":80,"availableCpu":"1"},"state":"ACTIVE","labels":{"deployment-tool":"cli-firebase","deployment-scheduled":"true","firebase-functions-hash":"058a68890a5fbe9246ad3d878bb86e3ffa8ca231"},"environment":"GEN_2","url":"https://us-central1-ai-logic-demos.cloudfunctions.net/refillEnergyBolts","satisfiesPzi":true},"stages":[{"name":"BUILD","message":"Reusing build","state":"COMPLETE","resource":"projects/861083271982/locations/us-central1/builds/832c11a0-f5fa-4e97-bc3d-35358f898206","stateMessages":[{"severity":"WARNING","type":"BuildAnalysisWarning","message":"Node.js 20 is no longer supported by the Node.js community as of 30 April, 2026. Runtime nodejs20 is currently deprecated for Cloud Functions. We recommend you to upgrade to the latest version of Node.js as soon as possible."}]},{"name":"SERVICE","message":"Updating Cloud Run service","state":"COMPLETE","resource":"projects/ai-logic-demos/locations/us-central1/services/refillenergybolts","resourceUri":"https://console.cloud.google.com/run/detail/us-central1/refillenergybolts?project=ai-logic-demos","stateMessages":[{"severity":"INFO","type":"CloudRunServiceNewRevisionTrafficInfo","message":"A new revision will be deployed serving with 100% traffic."}]}],"sourceToken":"Cldwcm9qZWN0cy84NjEwODMyNzE5ODIvbG9jYXRpb25zL3VzLWNlbnRyYWwxL2J1aWxkcy84MzJjMTFhMC1mNWZhLTRlOTctYmMzZC0zNTM1OGY4OTgyMDYScnVzLWNlbnRyYWwxLWRvY2tlci5wa2cuZGV2L2FpLWxvZ2ljLWRlbW9zL2djZi1hcnRpZmFjdHMvYWktLWxvZ2ljLS1kZW1vc19fdXMtLWNlbnRyYWwxX19sb2dfYmVmb3JlX2NhbGxzOnZlcnNpb25fMRiuhsDkhxkiRnByb2plY3RzL2FpLWxvZ2ljLWRlbW9zL2xvY2F0aW9ucy91cy1jZW50cmFsMS9mdW5jdGlvbnMvbG9nQmVmb3JlQ2FsbHMqDAjb8a/QBhD4782YATIIbm9kZWpzMjA6dgojZ2NyLmlvL2dhZS1ydW50aW1lcy9ub2RlanMyMDpzdGFibGUST3VzLWNlbnRyYWwxLWRvY2tlci5wa2cuZGV2L3NlcnZlcmxlc3MtcnVudGltZXMvZ29vZ2xlLTIyLWZ1bGwvcnVudGltZXMvbm9kZWpzMjBAAQ==","operationType":"UPDATE_FUNCTION","buildName":"projects/861083271982/locations/us-central1/builds/832c11a0-f5fa-4e97-bc3d-35358f898206"},"done":true,"response":{"@type":"type.googleapis.com/google.cloud.functions.v2.Function","name":"projects/ai-logic-demos/locations/us-central1/functions/refillEnergyBolts","buildConfig":{"build":"projects/861083271982/locations/us-central1/builds/832c11a0-f5fa-4e97-bc3d-35358f898206","runtime":"nodejs20","entryPoint":"refillEnergyBolts","source":{"storageSource":{"bucket":"gcf-v2-sources-861083271982-us-central1","object":"refillEnergyBolts/function-source.zip","generation":"1779169508829558"}},"environmentVariables":{"GOOGLE_NODE_RUN_SCRIPTS":""},"dockerRepository":"projects/ai-logic-demos/locations/us-central1/repositories/gcf-artifacts","sourceProvenance":{"resolvedStorageSource":{"bucket":"gcf-v2-sources-861083271982-us-central1","object":"refillEnergyBolts/function-source.zip","generation":"1779169508829558"}},"dockerRegistry":"ARTIFACT_REGISTRY","serviceAccount":"projects/ai-logic-demos/serviceAccounts/861083271982-compute@developer.gserviceaccount.com","automaticUpdatePolicy":{}},"serviceConfig":{"service":"projects/ai-logic-demos/locations/us-central1/services/refillenergybolts","timeoutSeconds":60,"environmentVariables":{"FIREBASE_CONFIG":"{\"projectId\":\"ai-logic-demos\",\"storageBucket\":\"ai-logic-demos.firebasestorage.app\"}","GCLOUD_PROJECT":"ai-logic-demos","EVENTARC_CLOUD_EVENT_SOURCE":"projects/ai-logic-demos/locations/us-central1/services/refillEnergyBolts","FUNCTION_TARGET":"refillEnergyBolts","LOG_EXECUTION_ID":"true","FUNCTION_SIGNATURE_TYPE":"http"},"maxInstanceCount":100,"ingressSettings":"ALLOW_ALL","uri":"https://refillenergybolts-e564rdz36a-uc.a.run.app","serviceAccountEmail":"861083271982-compute@developer.gserviceaccount.com","availableMemory":"256Mi","allTrafficOnLatestRevision":true,"revision":"refillenergybolts-00005-nih","maxInstanceRequestConcurrency":80,"availableCpu":"1"},"state":"ACTIVE","updateTime":"2026-05-19T05:45:08.884078808Z","labels":{"deployment-tool":"cli-firebase","deployment-scheduled":"true","firebase-functions-hash":"058a68890a5fbe9246ad3d878bb86e3ffa8ca231"},"environment":"GEN_2","url":"https://us-central1-ai-logic-demos.cloudfunctions.net/refillEnergyBolts","createTime":"2026-03-12T05:41:58.696004219Z","satisfiesPzi":true}}
[debug] [2026-05-19T05:45:36.916Z] Got source token Cldwcm9qZWN0cy84NjEwODMyNzE5ODIvbG9jYXRpb25zL3VzLWNlbnRyYWwxL2J1aWxkcy84MzJjMTFhMC1mNWZhLTRlOTctYmMzZC0zNTM1OGY4OTgyMDYScnVzLWNlbnRyYWwxLWRvY2tlci5wa2cuZGV2L2FpLWxvZ2ljLWRlbW9zL2djZi1hcnRpZmFjdHMvYWktLWxvZ2ljLS1kZW1vc19fdXMtLWNlbnRyYWwxX19sb2dfYmVmb3JlX2NhbGxzOnZlcnNpb25fMRiuhsDkhxkiRnByb2plY3RzL2FpLWxvZ2ljLWRlbW9zL2xvY2F0aW9ucy91cy1jZW50cmFsMS9mdW5jdGlvbnMvbG9nQmVmb3JlQ2FsbHMqDAjb8a/QBhD4782YATIIbm9kZWpzMjA6dgojZ2NyLmlvL2dhZS1ydW50aW1lcy9ub2RlanMyMDpzdGFibGUST3VzLWNlbnRyYWwxLWRvY2tlci5wa2cuZGV2L3NlcnZlcmxlc3MtcnVudGltZXMvZ29vZ2xlLTIyLWZ1bGwvcnVudGltZXMvbm9kZWpzMjBAAQ== for region us-central1
[debug] [2026-05-19T05:45:36.917Z] No OAuth tokens found
[debug] [2026-05-19T05:45:36.917Z] >>> [apiv2][query] GET https://compute.googleapis.com/compute/v1/projects/861083271982 [none]
[debug] [2026-05-19T05:45:37.077Z] <<< [apiv2][status] GET https://compute.googleapis.com/compute/v1/projects/861083271982 403
[debug] [2026-05-19T05:45:37.077Z] <<< [apiv2][body] GET https://compute.googleapis.com/compute/v1/projects/861083271982 {"error":{"code":403,"message":"Request is disallowed by organization's constraints/gcp.restrictServiceUsage constraint for 'projects/861083271982' attempting to use service 'compute.googleapis.com'.","errors":[{"message":"Request is disallowed by organization's constraints/gcp.restrictServiceUsage constraint for 'projects/861083271982' attempting to use service 'compute.googleapis.com'.","domain":"global","reason":"forbidden"}],"status":"PERMISSION_DENIED","details":[{"@type":"type.googleapis.com/google.rpc.ErrorInfo","reason":"RESOURCE_USAGE_RESTRICTION_VIOLATED","domain":"googleapis.com","metadata":{"service":"compute.googleapis.com","consumer":"projects/861083271982"}},{"@type":"type.googleapis.com/google.rpc.LocalizedMessage","locale":"en-US","message":"Request is disallowed by organization's constraints/gcp.restrictServiceUsage constraint for 'projects/861083271982' attempting to use service 'compute.googleapis.com'."}]}}
[debug] [2026-05-19T05:45:37.077Z] unable to look up default compute service account. Falling back to 861083271982-compute@developer.gserviceaccount.com. Error: {"name":"FirebaseError","children":[],"context":{"body":{"error":{"code":403,"message":"Request is disallowed by organization's constraints/gcp.restrictServiceUsage constraint for 'projects/861083271982' attempting to use service 'compute.googleapis.com'.","errors":[{"message":"Request is disallowed by organization's constraints/gcp.restrictServiceUsage constraint for 'projects/861083271982' attempting to use service 'compute.googleapis.com'.","domain":"global","reason":"forbidden"}],"status":"PERMISSION_DENIED","details":[{"@type":"type.googleapis.com/google.rpc.ErrorInfo","reason":"RESOURCE_USAGE_RESTRICTION_VIOLATED","domain":"googleapis.com","metadata":{"service":"compute.googleapis.com","consumer":"projects/861083271982"}},{"@type":"type.googleapis.com/google.rpc.LocalizedMessage","locale":"en-US","message":"Request is disallowed by organization's constraints/gcp.restrictServiceUsage constraint for 'projects/861083271982' attempting to use service 'compute.googleapis.com'."}]}},"response":{"statusCode":403}},"exit":1,"message":"Request to https://compute.googleapis.com/compute/v1/projects/861083271982 had HTTP Error: 403, Request is disallowed by organization's constraints/gcp.restrictServiceUsage constraint for 'projects/861083271982' attempting to use service 'compute.googleapis.com'.","status":403}
[debug] [2026-05-19T05:45:37.078Z] No OAuth tokens found
[debug] [2026-05-19T05:45:37.078Z] >>> [apiv2][query] GET https://run.googleapis.com/v1/projects/ai-logic-demos/locations/us-central1/services/refillenergybolts:getIamPolicy [none]
[debug] [2026-05-19T05:45:37.527Z] [update-default-us-central1-onFlashcardDeleted] Retrying task index 0
[debug] [2026-05-19T05:45:37.528Z] No OAuth tokens found
[debug] [2026-05-19T05:45:37.528Z] >>> [apiv2][query] GET https://cloudfunctions.googleapis.com/v2/projects/ai-logic-demos/locations/us-central1/operations/operation-1779169507157-652252e7825c8-984bce46-8255269b [none]
[debug] [2026-05-19T05:45:37.831Z] <<< [apiv2][status] GET https://run.googleapis.com/v1/projects/ai-logic-demos/locations/us-central1/services/refillenergybolts:getIamPolicy 200
[debug] [2026-05-19T05:45:37.831Z] <<< [apiv2][body] GET https://run.googleapis.com/v1/projects/ai-logic-demos/locations/us-central1/services/refillenergybolts:getIamPolicy {"version":1,"etag":"BwZMzTmR0FY=","bindings":[{"role":"roles/run.invoker","members":["serviceAccount:861083271982-compute@developer.gserviceaccount.com"]}]}
[debug] [2026-05-19T05:45:37.832Z] No OAuth tokens found
[debug] [2026-05-19T05:45:37.833Z] >>> [apiv2][query] GET https://compute.googleapis.com/compute/v1/projects/861083271982 [none]
[debug] [2026-05-19T05:45:37.834Z] <<< [apiv2][status] GET https://cloudfunctions.googleapis.com/v2/projects/ai-logic-demos/locations/us-central1/operations/operation-1779169507157-652252e7825c8-984bce46-8255269b 200
[debug] [2026-05-19T05:45:37.834Z] <<< [apiv2][body] GET https://cloudfunctions.googleapis.com/v2/projects/ai-logic-demos/locations/us-central1/operations/operation-1779169507157-652252e7825c8-984bce46-8255269b {"name":"projects/ai-logic-demos/locations/us-central1/operations/operation-1779169507157-652252e7825c8-984bce46-8255269b","metadata":{"@type":"type.googleapis.com/google.cloud.functions.v2.OperationMetadata","createTime":"2026-05-19T05:45:10.227762384Z","endTime":"2026-05-19T05:45:34.134558482Z","target":"projects/ai-logic-demos/locations/us-central1/functions/onFlashcardDeleted","verb":"update","cancelRequested":false,"apiVersion":"v2","requestResource":{"@type":"type.googleapis.com/google.cloud.functions.v2.Function","name":"projects/ai-logic-demos/locations/us-central1/functions/onFlashcardDeleted","buildConfig":{"runtime":"nodejs20","entryPoint":"onFlashcardDeleted","source":{"storageSource":{"bucket":"gcf-v2-sources-861083271982-us-central1","object":"onFlashcardDeleted/function-source.zip","generation":"1779169510176503"}},"environmentVariables":{"GOOGLE_NODE_RUN_SCRIPTS":""},"dockerRepository":"projects/ai-logic-demos/locations/us-central1/repositories/gcf-artifacts","sourceProvenance":{"resolvedStorageSource":{"bucket":"gcf-v2-sources-861083271982-us-central1","object":"onFlashcardDeleted/function-source.zip","generation":"1775842656680626"}},"dockerRegistry":"ARTIFACT_REGISTRY","sourceToken":"Cldwcm9qZWN0cy84NjEwODMyNzE5ODIvbG9jYXRpb25zL3VzLWNlbnRyYWwxL2J1aWxkcy84MzJjMTFhMC1mNWZhLTRlOTctYmMzZC0zNTM1OGY4OTgyMDYScnVzLWNlbnRyYWwxLWRvY2tlci5wa2cuZGV2L2FpLWxvZ2ljLWRlbW9zL2djZi1hcnRpZmFjdHMvYWktLWxvZ2ljLS1kZW1vc19fdXMtLWNlbnRyYWwxX19sb2dfYmVmb3JlX2NhbGxzOnZlcnNpb25fMRiuhsDkhxkiRnByb2plY3RzL2FpLWxvZ2ljLWRlbW9zL2xvY2F0aW9ucy91cy1jZW50cmFsMS9mdW5jdGlvbnMvbG9nQmVmb3JlQ2FsbHMqDAjb8a/QBhD4782YATIIbm9kZWpzMjA6dgojZ2NyLmlvL2dhZS1ydW50aW1lcy9ub2RlanMyMDpzdGFibGUST3VzLWNlbnRyYWwxLWRvY2tlci5wa2cuZGV2L3NlcnZlcmxlc3MtcnVudGltZXMvZ29vZ2xlLTIyLWZ1bGwvcnVudGltZXMvbm9kZWpzMjBAAQ==","serviceAccount":"projects/ai-logic-demos/serviceAccounts/861083271982-compute@developer.gserviceaccount.com","automaticUpdatePolicy":{}},"serviceConfig":{"service":"projects/ai-logic-demos/locations/us-central1/services/onflashcarddeleted","timeoutSeconds":60,"environmentVariables":{"FIREBASE_CONFIG":"{\"projectId\":\"ai-logic-demos\",\"storageBucket\":\"ai-logic-demos.firebasestorage.app\"}","GCLOUD_PROJECT":"ai-logic-demos","EVENTARC_CLOUD_EVENT_SOURCE":"projects/ai-logic-demos/locations/us-central1/services/onFlashcardDeleted","FUNCTION_SIGNATURE_TYPE":"cloudevent","FUNCTION_TARGET":"onFlashcardDeleted","LOG_EXECUTION_ID":"true"},"ingressSettings":"ALLOW_ALL","uri":"https://onflashcarddeleted-e564rdz36a-uc.a.run.app","serviceAccountEmail":"861083271982-compute@developer.gserviceaccount.com","availableMemory":"256Mi","allTrafficOnLatestRevision":true,"revision":"onflashcarddeleted-00004-buw","maxInstanceRequestConcurrency":80,"availableCpu":"1"},"eventTrigger":{"trigger":"projects/ai-logic-demos/locations/nam5/triggers/onflashcarddeleted-523010","triggerRegion":"nam5","eventType":"google.cloud.firestore.document.v1.deleted","eventFilters":[{"attribute":"database","value":"(default)"},{"attribute":"namespace","value":"(default)"},{"attribute":"document","value":"Flashcards/{cardId}","operator":"match-path-pattern"}],"pubsubTopic":"projects/ai-logic-demos/topics/eventarc-nam5-onflashcarddeleted-523010-598","serviceAccountEmail":"861083271982-compute@developer.gserviceaccount.com","retryPolicy":"RETRY_POLICY_DO_NOT_RETRY"},"state":"ACTIVE","labels":{"deployment-tool":"cli-firebase","firebase-functions-hash":"058a68890a5fbe9246ad3d878bb86e3ffa8ca231"},"environment":"GEN_2","url":"https://us-central1-ai-logic-demos.cloudfunctions.net/onFlashcardDeleted","satisfiesPzi":true},"stages":[{"name":"BUILD","message":"Reusing build","state":"COMPLETE","resource":"projects/861083271982/locations/us-central1/builds/832c11a0-f5fa-4e97-bc3d-35358f898206","stateMessages":[{"severity":"WARNING","type":"BuildAnalysisWarning","message":"Node.js 20 is no longer supported by the Node.js community as of 30 April, 2026. Runtime nodejs20 is currently deprecated for Cloud Functions. We recommend you to upgrade to the latest version of Node.js as soon as possible."}]},{"name":"SERVICE","message":"Updating Cloud Run service","state":"COMPLETE","resource":"projects/ai-logic-demos/locations/us-central1/services/onflashcarddeleted","resourceUri":"https://console.cloud.google.com/run/detail/us-central1/onflashcarddeleted?project=ai-logic-demos","stateMessages":[{"severity":"INFO","type":"CloudRunServiceNewRevisionTrafficInfo","message":"A new revision will be deployed serving with 100% traffic."}]},{"name":"TRIGGER","state":"NOT_STARTED"}],"sourceToken":"Cldwcm9qZWN0cy84NjEwODMyNzE5ODIvbG9jYXRpb25zL3VzLWNlbnRyYWwxL2J1aWxkcy84MzJjMTFhMC1mNWZhLTRlOTctYmMzZC0zNTM1OGY4OTgyMDYScnVzLWNlbnRyYWwxLWRvY2tlci5wa2cuZGV2L2FpLWxvZ2ljLWRlbW9zL2djZi1hcnRpZmFjdHMvYWktLWxvZ2ljLS1kZW1vc19fdXMtLWNlbnRyYWwxX19sb2dfYmVmb3JlX2NhbGxzOnZlcnNpb25fMRiuhsDkhxkiRnByb2plY3RzL2FpLWxvZ2ljLWRlbW9zL2xvY2F0aW9ucy91cy1jZW50cmFsMS9mdW5jdGlvbnMvbG9nQmVmb3JlQ2FsbHMqDAjb8a/QBhD4782YATIIbm9kZWpzMjA6dgojZ2NyLmlvL2dhZS1ydW50aW1lcy9ub2RlanMyMDpzdGFibGUST3VzLWNlbnRyYWwxLWRvY2tlci5wa2cuZGV2L3NlcnZlcmxlc3MtcnVudGltZXMvZ29vZ2xlLTIyLWZ1bGwvcnVudGltZXMvbm9kZWpzMjBAAQ==","operationType":"UPDATE_FUNCTION","buildName":"projects/861083271982/locations/us-central1/builds/832c11a0-f5fa-4e97-bc3d-35358f898206"},"done":true,"response":{"@type":"type.googleapis.com/google.cloud.functions.v2.Function","name":"projects/ai-logic-demos/locations/us-central1/functions/onFlashcardDeleted","buildConfig":{"build":"projects/861083271982/locations/us-central1/builds/832c11a0-f5fa-4e97-bc3d-35358f898206","runtime":"nodejs20","entryPoint":"onFlashcardDeleted","source":{"storageSource":{"bucket":"gcf-v2-sources-861083271982-us-central1","object":"onFlashcardDeleted/function-source.zip","generation":"1779169510176503"}},"environmentVariables":{"GOOGLE_NODE_RUN_SCRIPTS":""},"dockerRepository":"projects/ai-logic-demos/locations/us-central1/repositories/gcf-artifacts","sourceProvenance":{"resolvedStorageSource":{"bucket":"gcf-v2-sources-861083271982-us-central1","object":"onFlashcardDeleted/function-source.zip","generation":"1779169510176503"}},"dockerRegistry":"ARTIFACT_REGISTRY","serviceAccount":"projects/ai-logic-demos/serviceAccounts/861083271982-compute@developer.gserviceaccount.com","automaticUpdatePolicy":{}},"serviceConfig":{"service":"projects/ai-logic-demos/locations/us-central1/services/onflashcarddeleted","timeoutSeconds":60,"environmentVariables":{"FIREBASE_CONFIG":"{\"projectId\":\"ai-logic-demos\",\"storageBucket\":\"ai-logic-demos.firebasestorage.app\"}","GCLOUD_PROJECT":"ai-logic-demos","EVENTARC_CLOUD_EVENT_SOURCE":"projects/ai-logic-demos/locations/us-central1/services/onFlashcardDeleted","FUNCTION_SIGNATURE_TYPE":"cloudevent","FUNCTION_TARGET":"onFlashcardDeleted","LOG_EXECUTION_ID":"true"},"maxInstanceCount":100,"ingressSettings":"ALLOW_ALL","uri":"https://onflashcarddeleted-e564rdz36a-uc.a.run.app","serviceAccountEmail":"861083271982-compute@developer.gserviceaccount.com","availableMemory":"256Mi","allTrafficOnLatestRevision":true,"revision":"onflashcarddeleted-00005-geg","maxInstanceRequestConcurrency":80,"availableCpu":"1"},"eventTrigger":{"trigger":"projects/ai-logic-demos/locations/nam5/triggers/onflashcarddeleted-523010","triggerRegion":"nam5","eventType":"google.cloud.firestore.document.v1.deleted","eventFilters":[{"attribute":"namespace","value":"(default)"},{"attribute":"document","value":"Flashcards/{cardId}","operator":"match-path-pattern"},{"attribute":"database","value":"(default)"}],"pubsubTopic":"projects/ai-logic-demos/topics/eventarc-nam5-onflashcarddeleted-523010-598","serviceAccountEmail":"861083271982-compute@developer.gserviceaccount.com","retryPolicy":"RETRY_POLICY_DO_NOT_RETRY"},"state":"ACTIVE","updateTime":"2026-05-19T05:45:10.230541425Z","labels":{"deployment-tool":"cli-firebase","firebase-functions-hash":"058a68890a5fbe9246ad3d878bb86e3ffa8ca231"},"environment":"GEN_2","url":"https://us-central1-ai-logic-demos.cloudfunctions.net/onFlashcardDeleted","createTime":"2026-03-12T05:42:48.095527682Z","satisfiesPzi":true}}
[debug] [2026-05-19T05:45:37.834Z] Got source token Cldwcm9qZWN0cy84NjEwODMyNzE5ODIvbG9jYXRpb25zL3VzLWNlbnRyYWwxL2J1aWxkcy84MzJjMTFhMC1mNWZhLTRlOTctYmMzZC0zNTM1OGY4OTgyMDYScnVzLWNlbnRyYWwxLWRvY2tlci5wa2cuZGV2L2FpLWxvZ2ljLWRlbW9zL2djZi1hcnRpZmFjdHMvYWktLWxvZ2ljLS1kZW1vc19fdXMtLWNlbnRyYWwxX19sb2dfYmVmb3JlX2NhbGxzOnZlcnNpb25fMRiuhsDkhxkiRnByb2plY3RzL2FpLWxvZ2ljLWRlbW9zL2xvY2F0aW9ucy91cy1jZW50cmFsMS9mdW5jdGlvbnMvbG9nQmVmb3JlQ2FsbHMqDAjb8a/QBhD4782YATIIbm9kZWpzMjA6dgojZ2NyLmlvL2dhZS1ydW50aW1lcy9ub2RlanMyMDpzdGFibGUST3VzLWNlbnRyYWwxLWRvY2tlci5wa2cuZGV2L3NlcnZlcmxlc3MtcnVudGltZXMvZ29vZ2xlLTIyLWZ1bGwvcnVudGltZXMvbm9kZWpzMjBAAQ== for region us-central1
[info] ✔  functions[onFlashcardDeleted(us-central1)] Successful update operation. 
[debug] [2026-05-19T05:45:37.997Z] <<< [apiv2][status] GET https://compute.googleapis.com/compute/v1/projects/861083271982 403
[debug] [2026-05-19T05:45:37.997Z] <<< [apiv2][body] GET https://compute.googleapis.com/compute/v1/projects/861083271982 {"error":{"code":403,"message":"Request is disallowed by organization's constraints/gcp.restrictServiceUsage constraint for 'projects/861083271982' attempting to use service 'compute.googleapis.com'.","errors":[{"message":"Request is disallowed by organization's constraints/gcp.restrictServiceUsage constraint for 'projects/861083271982' attempting to use service 'compute.googleapis.com'.","domain":"global","reason":"forbidden"}],"status":"PERMISSION_DENIED","details":[{"@type":"type.googleapis.com/google.rpc.ErrorInfo","reason":"RESOURCE_USAGE_RESTRICTION_VIOLATED","domain":"googleapis.com","metadata":{"service":"compute.googleapis.com","consumer":"projects/861083271982"}},{"@type":"type.googleapis.com/google.rpc.LocalizedMessage","locale":"en-US","message":"Request is disallowed by organization's constraints/gcp.restrictServiceUsage constraint for 'projects/861083271982' attempting to use service 'compute.googleapis.com'."}]}}
[debug] [2026-05-19T05:45:37.998Z] unable to look up default compute service account. Falling back to 861083271982-compute@developer.gserviceaccount.com. Error: {"name":"FirebaseError","children":[],"context":{"body":{"error":{"code":403,"message":"Request is disallowed by organization's constraints/gcp.restrictServiceUsage constraint for 'projects/861083271982' attempting to use service 'compute.googleapis.com'.","errors":[{"message":"Request is disallowed by organization's constraints/gcp.restrictServiceUsage constraint for 'projects/861083271982' attempting to use service 'compute.googleapis.com'.","domain":"global","reason":"forbidden"}],"status":"PERMISSION_DENIED","details":[{"@type":"type.googleapis.com/google.rpc.ErrorInfo","reason":"RESOURCE_USAGE_RESTRICTION_VIOLATED","domain":"googleapis.com","metadata":{"service":"compute.googleapis.com","consumer":"projects/861083271982"}},{"@type":"type.googleapis.com/google.rpc.LocalizedMessage","locale":"en-US","message":"Request is disallowed by organization's constraints/gcp.restrictServiceUsage constraint for 'projects/861083271982' attempting to use service 'compute.googleapis.com'."}]}},"response":{"statusCode":403}},"exit":1,"message":"Request to https://compute.googleapis.com/compute/v1/projects/861083271982 had HTTP Error: 403, Request is disallowed by organization's constraints/gcp.restrictServiceUsage constraint for 'projects/861083271982' attempting to use service 'compute.googleapis.com'.","status":403}
[debug] [2026-05-19T05:45:37.998Z] No OAuth tokens found
[debug] [2026-05-19T05:45:37.998Z] >>> [apiv2][query] GET https://cloudscheduler.googleapis.com/v1/projects/ai-logic-demos/locations/us-central1/jobs/firebase-schedule-refillEnergyBolts-us-central1 [none]
[debug] [2026-05-19T05:45:38.890Z] <<< [apiv2][status] GET https://cloudscheduler.googleapis.com/v1/projects/ai-logic-demos/locations/us-central1/jobs/firebase-schedule-refillEnergyBolts-us-central1 200
[debug] [2026-05-19T05:45:38.890Z] <<< [apiv2][body] GET https://cloudscheduler.googleapis.com/v1/projects/ai-logic-demos/locations/us-central1/jobs/firebase-schedule-refillEnergyBolts-us-central1 {"name":"projects/ai-logic-demos/locations/us-central1/jobs/firebase-schedule-refillEnergyBolts-us-central1","httpTarget":{"uri":"https://refillenergybolts-e564rdz36a-uc.a.run.app/","httpMethod":"POST","headers":{"User-Agent":"Google-Cloud-Scheduler"},"oidcToken":{"serviceAccountEmail":"861083271982-compute@developer.gserviceaccount.com","audience":"https://refillenergybolts-e564rdz36a-uc.a.run.app/"}},"userUpdateTime":"2026-04-10T17:37:55.318310Z","state":"ENABLED","status":{"code":13},"scheduleTime":"2026-05-20T00:00:02.017386Z","lastAttemptTime":"2026-05-19T00:00:32.686032Z","retryConfig":{"maxRetryDuration":"0s","minBackoffDuration":"5s","maxBackoffDuration":"3600s","maxDoublings":5},"schedule":"every day 00:00","timeZone":"UTC","attemptDeadline":"180s"}
[debug] [2026-05-19T05:45:38.891Z] No OAuth tokens found
[debug] [2026-05-19T05:45:38.891Z] >>> [apiv2][query] PATCH https://cloudscheduler.googleapis.com/v1/projects/ai-logic-demos/locations/us-central1/jobs/firebase-schedule-refillEnergyBolts-us-central1 updateMask=name%2CtimeZone%2ChttpTarget%2Cschedule%2CattemptDeadline%2CretryConfig.maxDoublings%2CretryConfig.retryCount%2CretryConfig.maxBackoffDuration%2CretryConfig.minBackoffDuration%2CretryConfig.maxRetryDuration
[debug] [2026-05-19T05:45:38.891Z] >>> [apiv2][body] PATCH https://cloudscheduler.googleapis.com/v1/projects/ai-logic-demos/locations/us-central1/jobs/firebase-schedule-refillEnergyBolts-us-central1 {"timeZone":"UTC","name":"projects/ai-logic-demos/locations/us-central1/jobs/firebase-schedule-refillEnergyBolts-us-central1","httpTarget":{"uri":"https://refillenergybolts-e564rdz36a-uc.a.run.app","httpMethod":"POST","oidcToken":{"serviceAccountEmail":"861083271982-compute@developer.gserviceaccount.com"}},"schedule":"every day 00:00","attemptDeadline":null,"retryConfig":{"maxDoublings":null,"retryCount":null,"maxBackoffDuration":null,"minBackoffDuration":null,"maxRetryDuration":null}}
[debug] [2026-05-19T05:45:42.969Z] <<< [apiv2][status] PATCH https://cloudscheduler.googleapis.com/v1/projects/ai-logic-demos/locations/us-central1/jobs/firebase-schedule-refillEnergyBolts-us-central1 200
[debug] [2026-05-19T05:45:42.970Z] <<< [apiv2][body] PATCH https://cloudscheduler.googleapis.com/v1/projects/ai-logic-demos/locations/us-central1/jobs/firebase-schedule-refillEnergyBolts-us-central1 {"name":"projects/ai-logic-demos/locations/us-central1/jobs/firebase-schedule-refillEnergyBolts-us-central1","httpTarget":{"uri":"https://refillenergybolts-e564rdz36a-uc.a.run.app/","httpMethod":"POST","headers":{"User-Agent":"Google-Cloud-Scheduler"},"oidcToken":{"serviceAccountEmail":"861083271982-compute@developer.gserviceaccount.com","audience":"https://refillenergybolts-e564rdz36a-uc.a.run.app/"}},"userUpdateTime":"2026-05-19T05:45:42.906695Z","state":"ENABLED","status":{"code":13},"scheduleTime":"2026-05-20T00:00:00Z","lastAttemptTime":"2026-05-19T00:00:32.686032Z","retryConfig":{"maxRetryDuration":"0s","minBackoffDuration":"5s","maxBackoffDuration":"3600s","maxDoublings":5},"schedule":"every day 00:00","timeZone":"UTC","attemptDeadline":"180s"}
[debug] [2026-05-19T05:45:42.970Z] updated scheduler job firebase-schedule-refillEnergyBolts-us-central1
[info] ✔  functions[refillEnergyBolts(us-central1)] Successful update operation. 
[warn] ⚠  functions: Deploys failed. Skipping deletes. 
[debug] [2026-05-19T05:45:42.971Z] Total Function Deployment time: 97520
[debug] [2026-05-19T05:45:42.971Z] 5 Functions Deployed
[debug] [2026-05-19T05:45:42.971Z] 1 Functions Errored
[debug] [2026-05-19T05:45:42.971Z] 0 Function Deployments Aborted
[debug] [2026-05-19T05:45:42.971Z] Average Function Deployment time: 86478.8
[info] 
[info] Functions deploy had errors with the following functions:
	logBeforeCalls(us-central1)
[debug] [2026-05-19T05:45:42.972Z] No OAuth tokens found
[debug] [2026-05-19T05:45:42.972Z] >>> [apiv2][query] GET https://artifactregistry.googleapis.com/v1/projects/ai-logic-demos/locations/us-central1/repositories/gcf-artifacts [none]
[debug] [2026-05-19T05:45:43.515Z] <<< [apiv2][status] GET https://artifactregistry.googleapis.com/v1/projects/ai-logic-demos/locations/us-central1/repositories/gcf-artifacts 200
[debug] [2026-05-19T05:45:43.515Z] <<< [apiv2][body] GET https://artifactregistry.googleapis.com/v1/projects/ai-logic-demos/locations/us-central1/repositories/gcf-artifacts {"name":"projects/ai-logic-demos/locations/us-central1/repositories/gcf-artifacts","format":"DOCKER","description":"This repository is created and used by Cloud Functions for storing function docker images.","labels":{"goog-managed-by":"cloudfunctions"},"createTime":"2026-03-07T05:46:51.057531Z","updateTime":"2026-05-19T05:44:54.106116Z","mode":"STANDARD_REPOSITORY","cleanupPolicies":{"firebase-functions-cleanup":{"id":"firebase-functions-cleanup","action":"DELETE","condition":{"tagState":"ANY","olderThan":"86400s"}}},"sizeBytes":"531859750","vulnerabilityScanningConfig":{"lastEnableTime":"2026-03-07T05:46:43.388519138Z","enablementState":"SCANNING_DISABLED","enablementStateReason":"API containerscanning.googleapis.com is not enabled."},"satisfiesPzi":true,"registryUri":"us-central1-docker.pkg.dev/ai-logic-demos/gcf-artifacts"}
[debug] [2026-05-19T05:45:43.515Z] Functions deploy failed.
[debug] [2026-05-19T05:45:43.515Z] {
  "endpoint": {
    "id": "logBeforeCalls",
    "project": "ai-logic-demos",
    "region": "us-central1",
    "entryPoint": "logBeforeCalls",
    "platform": "gcfv2",
    "runtime": "nodejs20",
    "blockingTrigger": {
      "eventType": "google.firebase.ailogic.v1.beforeGenerate",
      "options": {}
    },
    "labels": {
      "deployment-tool": "cli-firebase"
    },
    "serviceAccount": null,
    "ingressSettings": null,
    "availableMemoryMb": null,
    "timeoutSeconds": null,
    "maxInstances": null,
    "minInstances": null,
    "concurrency": 80,
    "vpc": null,
    "environmentVariables": {
      "FIREBASE_CONFIG": "{\"projectId\":\"ai-logic-demos\",\"storageBucket\":\"ai-logic-demos.firebasestorage.app\"}",
      "GCLOUD_PROJECT": "ai-logic-demos",
      "EVENTARC_CLOUD_EVENT_SOURCE": "projects/ai-logic-demos/locations/us-central1/services/logBeforeCalls",
      "FUNCTION_TARGET": "logBeforeCalls",
      "LOG_EXECUTION_ID": "true",
      "FUNCTION_SIGNATURE_TYPE": "http"
    },
    "codebase": "default",
    "runServiceId": "logbeforecalls",
    "cpu": 1,
    "securityLevel": "SECURE_ALWAYS",
    "targetedByOnly": false,
    "hash": "058a68890a5fbe9246ad3d878bb86e3ffa8ca231",
    "uri": "https://logbeforecalls-e564rdz36a-uc.a.run.app"
  },
  "op": "register blocking trigger",
  "original": {
    "name": "FirebaseError",
    "children": [],
    "context": {
      "body": {
        "error": {
          "code": 403,
          "message": "Your application is authenticating by using local Application Default Credentials. The firebasevertexai.googleapis.com API requires a quota project, which is not set by default. To learn how to set your quota project, see https://cloud.google.com/docs/authentication/adc-troubleshooting/user-creds .",
          "status": "PERMISSION_DENIED",
          "details": [
            {
              "@type": "type.googleapis.com/google.rpc.ErrorInfo",
              "reason": "SERVICE_DISABLED",
              "domain": "googleapis.com",
              "metadata": {
                "service": "firebasevertexai.googleapis.com",
                "consumer": "projects/764086051850"
              }
            },
            {
              "@type": "type.googleapis.com/google.rpc.LocalizedMessage",
              "locale": "en-US",
              "message": "Your application is authenticating by using local Application Default Credentials. The firebasevertexai.googleapis.com API requires a quota project, which is not set by default. To learn how to set your quota project, see https://cloud.google.com/docs/authentication/adc-troubleshooting/user-creds ."
            }
          ]
        }
      },
      "response": {
        "statusCode": 403
      }
    },
    "exit": 1,
    "message": "Request to https://firebasevertexai.googleapis.com/v1beta/projects/ai-logic-demos/locations/global/triggers?triggerId=before-generate-content&validateOnly=false had HTTP Error: 403, Your application is authenticating by using local Application Default Credentials. The firebasevertexai.googleapis.com API requires a quota project, which is not set by default. To learn how to set your quota project, see https://cloud.google.com/docs/authentication/adc-troubleshooting/user-creds .",
    "status": 403,
    "code": 403
  }
}
[debug] [2026-05-19T05:45:43.516Z] Error: Failed to register blocking trigger function logBeforeCalls in region us-central1
    at /Users/ramosmiguel/.npm/_npx/7750544ccf494d8b/node_modules/firebase-tools/lib/deploy/functions/release/fabricator.js:54:11
    at process.processTicksAndRejections (node:internal/process/task_queues:104:5)
    at async Fabricator.registerBlockingTrigger (/Users/ramosmiguel/.npm/_npx/7750544ccf494d8b/node_modules/firebase-tools/lib/deploy/functions/release/fabricator.js:711:9)
    at async Fabricator.setTrigger (/Users/ramosmiguel/.npm/_npx/7750544ccf494d8b/node_modules/firebase-tools/lib/deploy/functions/release/fabricator.js:656:13)
    at async Fabricator.updateEndpoint (/Users/ramosmiguel/.npm/_npx/7750544ccf494d8b/node_modules/firebase-tools/lib/deploy/functions/release/fabricator.js:182:9)
    at async Fabricator.wrapOperation (/Users/ramosmiguel/.npm/_npx/7750544ccf494d8b/node_modules/firebase-tools/lib/deploy/functions/release/fabricator.js:138:13)
    at async Promise.all (index 0)
    at async Promise.allSettled (index 0)
    at async Fabricator.applyPlan (/Users/ramosmiguel/.npm/_npx/7750544ccf494d8b/node_modules/firebase-tools/lib/deploy/functions/release/fabricator.js:77:45)
    at async release (/Users/ramosmiguel/.npm/_npx/7750544ccf494d8b/node_modules/firebase-tools/lib/deploy/functions/release/index.js:87:21)
[error] 
[error] Error: There was an error deploying functions
